[00:00:19] [Server thread/INFO]: TuanKiet lost connection: Disconnected
[00:00:19] [Server thread/INFO]: [voicechat] Disconnecting client TuanKiet
[00:00:19] [Server thread/INFO]: TuanKiet left the game
[00:01:50] [User Authenticator #716/INFO]: UUID of player ShentoSyney_VN is 989b89fc-2719-342c-9567-86154ff92119
[00:02:00] [Server thread/INFO]: ShentoSyney_VN joined the game
[00:02:00] [Server thread/INFO]: ShentoSyney_VN[/42.114.186.53:40075] logged in with entity id 8431555 at ([WORLD]28946.771548005043, 157.0, 18682.137864767174)
[00:02:00] [Craft Scheduler Thread - 14956 - AuthMe/INFO]: [AuthMe] ShentoSyney_VN logged in 42.114.186.53
[00:02:00] [Netty Epoll IO #1/INFO]: Grim » ShentoSyney_VN failed Timer (x1) 
[00:02:00] [Netty Epoll IO #1/INFO]: Grim » ShentoSyney_VN failed Timer (x2) 
[00:02:00] [Netty Epoll IO #1/INFO]: Grim » ShentoSyney_VN failed Timer (x3) 
[00:03:18] [Netty Epoll IO #1/INFO]: Grim » ShentoSyney_VN failed DuplicateRotPlace* (x1) x=0.0 xdots=0.0 y=0.7500076293945312
[00:03:51] [Netty Epoll IO #1/INFO]: Grim » ShentoSyney_VN failed SprintE* (x1) 
[00:04:06] [Netty Epoll IO #1/INFO]: Grim » ShentoSyney_VN failed BadPacketsR* (x1) time=2043ms, lst=2023ms, positions=0
[00:04:08] [Netty Epoll IO #1/INFO]: Grim » ShentoSyney_VN failed BadPacketsR* (x2) time=2009ms, lst=2038ms, positions=0
[00:04:10] [Netty Epoll IO #1/INFO]: Grim » ShentoSyney_VN failed BadPacketsR* (x3) time=2039ms, lst=2011ms, positions=0
[00:04:12] [Netty Epoll IO #1/INFO]: Grim » ShentoSyney_VN failed BadPacketsR* (x4) time=2008ms, lst=2013ms, positions=0
[00:04:14] [Craft Scheduler Thread - 14934 - Autorank/INFO]: [Autorank] A new day has arrived! All daily times have been reset.
[00:04:14] [Craft Scheduler Thread - 14934 - Autorank/INFO]: [Autorank] A new week has arrived! All weekly times have been reset.
[00:04:14] [Netty Epoll IO #1/INFO]: Grim » ShentoSyney_VN failed BadPacketsR* (x5) time=2039ms, lst=2019ms, positions=0
[00:04:17] [Netty Epoll IO #1/INFO]: Grim » ShentoSyney_VN failed BadPacketsR* (x6) time=2006ms, lst=2049ms, positions=0
[00:04:19] [Netty Epoll IO #1/INFO]: Grim » ShentoSyney_VN failed BadPacketsR* (x7) time=2093ms, lst=2052ms, positions=0
[00:04:21] [Netty Epoll IO #1/INFO]: Grim » ShentoSyney_VN failed BadPacketsR* (x8) time=2001ms, lst=2002ms, positions=0
[00:04:23] [Netty Epoll IO #1/INFO]: Grim » ShentoSyney_VN failed BadPacketsR* (x9) time=2045ms, lst=2042ms, positions=0
[00:04:25] [Netty Epoll IO #1/INFO]: Grim » ShentoSyney_VN failed BadPacketsR* (x10) time=2056ms, lst=2054ms, positions=0
[00:04:27] [Netty Epoll IO #1/INFO]: Grim » ShentoSyney_VN failed BadPacketsR* (x11) time=2010ms, lst=2011ms, positions=0
[00:04:29] [Netty Epoll IO #1/INFO]: Grim » ShentoSyney_VN failed BadPacketsR* (x12) time=2036ms, lst=2059ms, positions=0
[00:04:31] [Netty Epoll IO #1/INFO]: Grim » ShentoSyney_VN failed BadPacketsR* (x13) time=2055ms, lst=2027ms, positions=0
[00:04:33] [Netty Epoll IO #1/INFO]: Grim » ShentoSyney_VN failed BadPacketsR* (x14) time=2042ms, lst=2041ms, positions=0
[00:04:35] [Netty Epoll IO #1/INFO]: Grim » ShentoSyney_VN failed BadPacketsR* (x15) time=2048ms, lst=2051ms, positions=0
[00:04:37] [Netty Epoll IO #1/INFO]: Grim » ShentoSyney_VN failed BadPacketsR* (x16) time=2009ms, lst=2054ms, positions=0
[00:04:39] [Netty Epoll IO #1/INFO]: Grim » ShentoSyney_VN failed BadPacketsR* (x17) time=2091ms, lst=2043ms, positions=0
[00:04:41] [Netty Epoll IO #1/INFO]: Grim » ShentoSyney_VN failed BadPacketsR* (x18) time=2001ms, lst=2003ms, positions=0
[00:04:43] [Netty Epoll IO #1/INFO]: Grim » ShentoSyney_VN failed BadPacketsR* (x19) time=2049ms, lst=2045ms, positions=0
[00:04:45] [Netty Epoll IO #1/INFO]: Grim » ShentoSyney_VN failed BadPacketsR* (x20) time=2002ms, lst=2006ms, positions=0
[00:04:47] [Netty Epoll IO #1/INFO]: Grim » ShentoSyney_VN failed BadPacketsR* (x21) time=2048ms, lst=2045ms, positions=0
[00:04:49] [Netty Epoll IO #1/INFO]: Grim » ShentoSyney_VN failed BadPacketsR* (x22) time=2047ms, lst=2040ms, positions=0
[00:04:51] [Netty Epoll IO #1/INFO]: Grim » ShentoSyney_VN failed BadPacketsR* (x23) time=2008ms, lst=2045ms, positions=0
[00:04:53] [Netty Epoll IO #1/INFO]: Grim » ShentoSyney_VN failed BadPacketsR* (x24) time=2044ms, lst=2013ms, positions=0
[00:04:55] [Netty Epoll IO #1/INFO]: Grim » ShentoSyney_VN failed BadPacketsR* (x25) time=2008ms, lst=2047ms, positions=0
[00:04:57] [Netty Epoll IO #1/INFO]: Grim » ShentoSyney_VN failed BadPacketsR* (x26) time=2094ms, lst=2054ms, positions=0
[00:04:59] [Netty Epoll IO #1/INFO]: Grim » ShentoSyney_VN failed BadPacketsR* (x27) time=2005ms, lst=2002ms, positions=0
[00:05:01] [Netty Epoll IO #1/INFO]: Grim » ShentoSyney_VN failed BadPacketsR* (x28) time=2041ms, lst=2038ms, positions=0
[00:05:03] [Netty Epoll IO #1/INFO]: Grim » ShentoSyney_VN failed BadPacketsR* (x29) time=2048ms, lst=2044ms, positions=0
[00:05:05] [Netty Epoll IO #1/INFO]: Grim » ShentoSyney_VN failed BadPacketsR* (x30) time=2046ms, lst=2048ms, positions=0
[00:05:07] [Netty Epoll IO #1/INFO]: Grim » ShentoSyney_VN failed BadPacketsR* (x31) time=2052ms, lst=2049ms, positions=0
[00:05:10] [Netty Epoll IO #1/INFO]: Grim » ShentoSyney_VN failed BadPacketsR* (x32) time=2050ms, lst=2053ms, positions=0
[00:05:12] [Netty Epoll IO #1/INFO]: Grim » ShentoSyney_VN failed BadPacketsR* (x33) time=2049ms, lst=2043ms, positions=0
[00:05:14] [Netty Epoll IO #1/INFO]: Grim » ShentoSyney_VN failed BadPacketsR* (x34) time=2001ms, lst=2001ms, positions=0
[00:05:16] [Netty Epoll IO #1/INFO]: Grim » ShentoSyney_VN failed BadPacketsR* (x35) time=2048ms, lst=2048ms, positions=0
[00:05:18] [Netty Epoll IO #1/INFO]: Grim » ShentoSyney_VN failed BadPacketsR* (x36) time=2050ms, lst=2049ms, positions=0
[00:05:53] [Netty Epoll IO #1/INFO]: Grim » ShentoSyney_VN failed Timer (x4) 
[00:05:53] [Netty Epoll IO #1/INFO]: Grim » ShentoSyney_VN failed TimerLimit (x1) 
[00:05:54] [Netty Epoll IO #1/INFO]: Grim » ShentoSyney_VN failed Simulation (x1) .180449 /gl 61
[00:06:29] [Netty Epoll IO #1/INFO]: Grim » ShentoSyney_VN failed Timer (x5) 
[00:06:29] [Netty Epoll IO #1/INFO]: Grim » ShentoSyney_VN failed TimerLimit (x2) 
[00:06:32] [Netty Epoll IO #1/INFO]: Grim » ShentoSyney_VN failed Timer (x6) 
[00:06:32] [Netty Epoll IO #1/INFO]: Grim » ShentoSyney_VN failed TimerLimit (x3) 
[00:06:33] [Netty Epoll IO #1/INFO]: Grim » ShentoSyney_VN failed Timer (x7) 
[00:06:33] [Netty Epoll IO #1/INFO]: Grim » ShentoSyney_VN failed TimerLimit (x4) 
[00:06:33] [Netty Epoll IO #1/INFO]: Grim » ShentoSyney_VN failed Simulation (x2) .059760 /gl 62
[00:06:34] [Netty Epoll IO #1/INFO]: Grim » ShentoSyney_VN failed Timer (x8) 
[00:06:34] [Netty Epoll IO #1/INFO]: Grim » ShentoSyney_VN failed TimerLimit (x5) 
[00:06:34] [Netty Epoll IO #1/INFO]: Grim » ShentoSyney_VN failed Simulation (x3) .211026 /gl 63
[00:06:34] [Netty Epoll IO #1/INFO]: Grim » ShentoSyney_VN failed Timer (x9) 
[00:06:34] [Netty Epoll IO #1/INFO]: Grim » ShentoSyney_VN failed TimerLimit (x6) 
[00:06:34] [Netty Epoll IO #1/INFO]: Grim » ShentoSyney_VN failed Simulation (x4) .315016 /gl 64
[00:06:35] [Netty Epoll IO #1/INFO]: Grim » ShentoSyney_VN failed GroundSpoof (x1) claimed true
[00:06:35] [Netty Epoll IO #1/INFO]: Grim » ShentoSyney_VN failed Simulation (x5) .243061 /gl 65
[00:06:35] [Netty Epoll IO #1/INFO]: Grim » ShentoSyney_VN failed NoFall (x1) 
[00:06:35] [Netty Epoll IO #1/INFO]: Grim » ShentoSyney_VN failed Simulation (x6) .040447 /gl 66
[00:06:35] [Netty Epoll IO #1/INFO]: Grim » ShentoSyney_VN failed Timer (x10) 
[00:06:35] [Netty Epoll IO #1/INFO]: Grim » ShentoSyney_VN failed TimerLimit (x7) 
[00:06:35] [Netty Epoll IO #1/INFO]: Grim » ShentoSyney_VN failed Timer (x11) 
[00:06:35] [Netty Epoll IO #1/INFO]: Grim » ShentoSyney_VN failed TimerLimit (x8) 
[00:06:35] [Netty Epoll IO #1/INFO]: Grim » ShentoSyney_VN failed Timer (x12) 
[00:06:35] [Netty Epoll IO #1/INFO]: Grim » ShentoSyney_VN failed TimerLimit (x9) 
[00:06:37] [Netty Epoll IO #1/INFO]: Grim » ShentoSyney_VN failed Timer (x13) 
[00:06:37] [Netty Epoll IO #1/INFO]: Grim » ShentoSyney_VN failed TimerLimit (x10) 
[00:06:38] [Netty Epoll IO #1/INFO]: Grim » ShentoSyney_VN failed Timer (x14) 
[00:06:38] [Netty Epoll IO #1/INFO]: Grim » ShentoSyney_VN failed TimerLimit (x11) 
[00:06:42] [Netty Epoll IO #1/INFO]: Grim » ShentoSyney_VN failed Timer (x15) 
[00:06:42] [Netty Epoll IO #1/INFO]: Grim » ShentoSyney_VN failed TimerLimit (x12) 
[00:06:43] [Netty Epoll IO #1/INFO]: Grim » ShentoSyney_VN failed Timer (x16) 
[00:06:43] [Netty Epoll IO #1/INFO]: Grim » ShentoSyney_VN failed TimerLimit (x13) 
[00:06:44] [Netty Epoll IO #1/INFO]: Grim » ShentoSyney_VN failed Timer (x17) 
[00:06:44] [Netty Epoll IO #1/INFO]: Grim » ShentoSyney_VN failed TimerLimit (x14) 
[00:06:46] [Netty Epoll IO #1/INFO]: Grim » ShentoSyney_VN failed Timer (x18) 
[00:06:46] [Netty Epoll IO #1/INFO]: Grim » ShentoSyney_VN failed TimerLimit (x15) 
[00:06:46] [Netty Epoll IO #1/INFO]: Grim » ShentoSyney_VN failed Timer (x19) 
[00:06:46] [Netty Epoll IO #1/INFO]: Grim » ShentoSyney_VN failed TimerLimit (x16) 
[00:06:47] [Netty Epoll IO #1/INFO]: Grim » ShentoSyney_VN failed Timer (x20) 
[00:06:47] [Netty Epoll IO #1/INFO]: Grim » ShentoSyney_VN failed TimerLimit (x17) 
[00:06:48] [Netty Epoll IO #1/INFO]: Grim » ShentoSyney_VN failed Timer (x21) 
[00:06:48] [Netty Epoll IO #1/INFO]: Grim » ShentoSyney_VN failed TimerLimit (x18) 
[00:06:48] [Netty Epoll IO #1/INFO]: Grim » ShentoSyney_VN failed Timer (x22) 
[00:06:48] [Netty Epoll IO #1/INFO]: Grim » ShentoSyney_VN failed TimerLimit (x19) 
[00:06:49] [Netty Epoll IO #1/INFO]: Grim » ShentoSyney_VN failed Timer (x23) 
[00:06:50] [Netty Epoll IO #1/INFO]: Grim » ShentoSyney_VN failed Timer (x24) 
[00:06:50] [Netty Epoll IO #1/INFO]: Grim » ShentoSyney_VN failed TimerLimit (x20) 
[00:06:50] [Netty Epoll IO #1/INFO]: Grim » ShentoSyney_VN failed Timer (x25) 
[00:06:50] [Netty Epoll IO #1/INFO]: Grim » ShentoSyney_VN failed TimerLimit (x21) 
[00:06:51] [Netty Epoll IO #1/INFO]: Grim » ShentoSyney_VN failed Timer (x26) 
[00:06:51] [Netty Epoll IO #1/INFO]: Grim » ShentoSyney_VN failed TimerLimit (x22) 
[00:06:51] [Netty Epoll IO #1/INFO]: Grim » ShentoSyney_VN failed Timer (x27) 
[00:06:51] [Netty Epoll IO #1/INFO]: Grim » ShentoSyney_VN failed TimerLimit (x23) 
[00:06:52] [Netty Epoll IO #1/INFO]: Grim » ShentoSyney_VN failed Timer (x28) 
[00:06:52] [Netty Epoll IO #1/INFO]: Grim » ShentoSyney_VN failed TimerLimit (x24) 
[00:06:53] [Netty Epoll IO #1/INFO]: Grim » ShentoSyney_VN failed Timer (x29) 
[00:06:53] [Netty Epoll IO #1/INFO]: Grim » ShentoSyney_VN failed TimerLimit (x25) 
[00:06:53] [Netty Epoll IO #1/INFO]: Grim » ShentoSyney_VN failed Simulation (x7) .012552 /gl 67
[00:06:53] [Netty Epoll IO #1/INFO]: Grim » ShentoSyney_VN failed Timer (x30) 
[00:06:53] [Netty Epoll IO #1/INFO]: Grim » ShentoSyney_VN failed TimerLimit (x26) 
[00:06:54] [Netty Epoll IO #1/INFO]: Grim » ShentoSyney_VN failed Timer (x31) 
[00:06:54] [Netty Epoll IO #1/INFO]: Grim » ShentoSyney_VN failed TimerLimit (x27) 
[00:06:54] [Netty Epoll IO #1/INFO]: Grim » ShentoSyney_VN failed Timer (x32) 
[00:06:54] [Netty Epoll IO #1/INFO]: Grim » ShentoSyney_VN failed TimerLimit (x28) 
[00:06:54] [Netty Epoll IO #1/INFO]: Grim » ShentoSyney_VN failed Timer (x33) 
[00:06:54] [Netty Epoll IO #1/INFO]: Grim » ShentoSyney_VN failed TimerLimit (x29) 
[00:06:55] [Netty Epoll IO #1/INFO]: Grim » ShentoSyney_VN failed Timer (x34) 
[00:06:55] [Netty Epoll IO #1/INFO]: Grim » ShentoSyney_VN failed TimerLimit (x30) 
[00:06:55] [Netty Epoll IO #1/INFO]: Grim » ShentoSyney_VN failed Timer (x35) 
[00:06:55] [Netty Epoll IO #1/INFO]: Grim » ShentoSyney_VN failed TimerLimit (x31) 
[00:06:56] [Netty Epoll IO #1/INFO]: Grim » ShentoSyney_VN failed Timer (x36) 
[00:06:56] [Netty Epoll IO #1/INFO]: Grim » ShentoSyney_VN failed TimerLimit (x32) 
[00:06:57] [Netty Epoll IO #1/INFO]: Grim » ShentoSyney_VN failed Timer (x37) 
[00:06:57] [Netty Epoll IO #1/INFO]: Grim » ShentoSyney_VN failed TimerLimit (x33) 
[00:06:57] [Netty Epoll IO #1/INFO]: Grim » ShentoSyney_VN failed Timer (x38) 
[00:06:57] [Netty Epoll IO #1/INFO]: Grim » ShentoSyney_VN failed TimerLimit (x34) 
[00:06:58] [Netty Epoll IO #1/INFO]: Grim » ShentoSyney_VN failed Timer (x39) 
[00:06:58] [Netty Epoll IO #1/INFO]: Grim » ShentoSyney_VN failed TimerLimit (x35) 
[00:06:59] [Netty Epoll IO #1/INFO]: Grim » ShentoSyney_VN failed Timer (x40) 
[00:06:59] [Netty Epoll IO #1/INFO]: Grim » ShentoSyney_VN failed TimerLimit (x36) 
[00:06:59] [Netty Epoll IO #1/INFO]: Grim » ShentoSyney_VN failed Timer (x41) 
[00:06:59] [Netty Epoll IO #1/INFO]: Grim » ShentoSyney_VN failed TimerLimit (x37) 
[00:06:59] [Netty Epoll IO #1/INFO]: Grim » ShentoSyney_VN failed Timer (x42) 
[00:06:59] [Netty Epoll IO #1/INFO]: Grim » ShentoSyney_VN failed TimerLimit (x38) 
[00:06:59] [Netty Epoll IO #1/INFO]: Grim » ShentoSyney_VN failed Timer (x43) 
[00:06:59] [Netty Epoll IO #1/INFO]: Grim » ShentoSyney_VN failed TimerLimit (x39) 
[00:07:00] [Netty Epoll IO #1/INFO]: Grim » ShentoSyney_VN failed Timer (x44) 
[00:07:00] [Netty Epoll IO #1/INFO]: Grim » ShentoSyney_VN failed TimerLimit (x40) 
[00:07:00] [Netty Epoll IO #1/INFO]: Grim » ShentoSyney_VN failed Timer (x42) 
[00:07:00] [Netty Epoll IO #1/INFO]: Grim » ShentoSyney_VN failed TimerLimit (x41) 
[00:07:01] [Netty Epoll IO #1/INFO]: Grim » ShentoSyney_VN failed Timer (x43) 
[00:07:01] [Netty Epoll IO #1/INFO]: Grim » ShentoSyney_VN failed TimerLimit (x42) 
[00:07:01] [Netty Epoll IO #1/INFO]: Grim » ShentoSyney_VN failed Timer (x44) 
[00:07:01] [Netty Epoll IO #1/INFO]: Grim » ShentoSyney_VN failed TimerLimit (x43) 
[00:07:01] [Netty Epoll IO #1/INFO]: Grim » ShentoSyney_VN failed Simulation (x8) .515893 /gl 68
[00:07:01] [Netty Epoll IO #1/INFO]: Grim » ShentoSyney_VN failed SprintE* (x2) 
[00:07:01] [Netty Epoll IO #1/INFO]: Grim » ShentoSyney_VN failed SprintE* (x3) 
[00:07:01] [Netty Epoll IO #1/INFO]: Grim » ShentoSyney_VN failed SprintE* (x4) 
[00:07:01] [Netty Epoll IO #1/INFO]: Grim » ShentoSyney_VN failed Timer (x45) 
[00:07:01] [Netty Epoll IO #1/INFO]: Grim » ShentoSyney_VN failed TimerLimit (x44) 
[00:07:01] [Netty Epoll IO #1/INFO]: Grim » ShentoSyney_VN failed SprintE* (x5) 
[00:07:01] [Netty Epoll IO #1/INFO]: Grim » ShentoSyney_VN failed Simulation (x9) .515976 /gl 69
[00:07:01] [Netty Epoll IO #1/INFO]: Grim » ShentoSyney_VN failed SprintE* (x6) 
[00:07:01] [Netty Epoll IO #1/INFO]: Grim » ShentoSyney_VN failed SprintE* (x7) 
[00:07:01] [Netty Epoll IO #1/INFO]: Grim » ShentoSyney_VN failed Timer (x46) 
[00:07:01] [Netty Epoll IO #1/INFO]: Grim » ShentoSyney_VN failed TimerLimit (x45) 
[00:07:01] [Netty Epoll IO #1/INFO]: Grim » ShentoSyney_VN failed Simulation (x10) .515950 /gl 70
[00:07:01] [Netty Epoll IO #1/INFO]: Grim » ShentoSyney_VN failed SprintE* (x8) 
[00:07:02] [Netty Epoll IO #1/INFO]: Grim » ShentoSyney_VN failed SprintE* (x9) 
[00:07:02] [Netty Epoll IO #1/INFO]: Grim » ShentoSyney_VN failed SprintE* (x10) 
[00:07:02] [Netty Epoll IO #1/INFO]: Grim » ShentoSyney_VN failed Simulation (x11) .515732 /gl 71
[00:07:02] [Netty Epoll IO #1/INFO]: Grim » ShentoSyney_VN failed SprintE* (x11) 
[00:07:02] [Netty Epoll IO #1/INFO]: Grim » ShentoSyney_VN failed SprintE* (x12) 
[00:07:02] [Netty Epoll IO #1/INFO]: Grim » ShentoSyney_VN failed SprintE* (x13) 
[00:07:02] [Netty Epoll IO #1/INFO]: Grim » ShentoSyney_VN failed Simulation (x12) .512802 /gl 72
[00:07:02] [Netty Epoll IO #1/INFO]: Grim » ShentoSyney_VN failed SprintE* (x14) 
[00:07:02] [Netty Epoll IO #1/INFO]: Grim » ShentoSyney_VN failed Simulation (x13) .506856 /gl 73
[00:07:02] [Netty Epoll IO #1/INFO]: Grim » ShentoSyney_VN failed SprintE* (x15) 
[00:07:02] [Netty Epoll IO #1/INFO]: Grim » ShentoSyney_VN failed Simulation (x14) .501607 /gl 74
[00:07:02] [Netty Epoll IO #1/INFO]: Grim » ShentoSyney_VN failed SprintE* (x16) 
[00:07:02] [Netty Epoll IO #1/INFO]: Grim » ShentoSyney_VN failed Simulation (x15) .500055 /gl 75
[00:07:02] [Netty Epoll IO #1/INFO]: Grim » ShentoSyney_VN failed SprintE* (x17) 
[00:07:02] [Netty Epoll IO #1/INFO]: Grim » ShentoSyney_VN failed Timer (x47) 
[00:07:02] [Netty Epoll IO #1/INFO]: Grim » ShentoSyney_VN failed TimerLimit (x46) 
[00:07:03] [Netty Epoll IO #1/INFO]: Grim » ShentoSyney_VN failed Timer (x48) 
[00:07:03] [Netty Epoll IO #1/INFO]: Grim » ShentoSyney_VN failed TimerLimit (x47) 
[00:07:04] [Netty Epoll IO #1/INFO]: Grim » ShentoSyney_VN failed Timer (x49) 
[00:07:04] [Netty Epoll IO #1/INFO]: Grim » ShentoSyney_VN failed TimerLimit (x48) 
[00:07:04] [Netty Epoll IO #1/INFO]: Grim » ShentoSyney_VN failed Timer (x50) 
[00:07:04] [Netty Epoll IO #1/INFO]: Grim » ShentoSyney_VN failed TimerLimit (x49) 
[00:07:05] [Netty Epoll IO #1/INFO]: Grim » ShentoSyney_VN failed Timer (x51) 
[00:07:05] [Netty Epoll IO #1/INFO]: Grim » ShentoSyney_VN failed TimerLimit (x50) 
[00:07:05] [Netty Epoll IO #1/INFO]: Grim » ShentoSyney_VN failed Simulation (x16) .101917 /gl 76
[00:07:05] [Netty Epoll IO #1/INFO]: Grim » ShentoSyney_VN failed SprintE* (x18) 
[00:07:05] [Netty Epoll IO #1/INFO]: Grim » ShentoSyney_VN failed SprintE* (x19) 
[00:07:05] [Netty Epoll IO #1/INFO]: Grim » ShentoSyney_VN failed SprintE* (x20) 
[00:07:05] [Netty Epoll IO #1/INFO]: Grim » ShentoSyney_VN failed SprintE* (x21) 
[00:07:06] [Netty Epoll IO #1/INFO]: Grim » ShentoSyney_VN failed Timer (x52) 
[00:07:06] [Netty Epoll IO #1/INFO]: Grim » ShentoSyney_VN failed TimerLimit (x51) 
[00:07:06] [Netty Epoll IO #1/INFO]: Grim » ShentoSyney_VN failed Simulation (x17) .112665 /gl 77
[00:07:06] [Netty Epoll IO #1/INFO]: Grim » ShentoSyney_VN failed Simulation (x18) .500390 /gl 78
[00:07:06] [Netty Epoll IO #1/INFO]: Grim » ShentoSyney_VN failed Simulation (x19) .509658 /gl 79
[00:07:06] [Netty Epoll IO #1/INFO]: Grim » ShentoSyney_VN failed Timer (x53) 
[00:07:06] [Netty Epoll IO #1/INFO]: Grim » ShentoSyney_VN failed TimerLimit (x52) 
[00:07:06] [Netty Epoll IO #1/INFO]: Grim » ShentoSyney_VN failed Simulation (x20) .503322 /gl 80
[00:07:06] [Netty Epoll IO #1/INFO]: Grim » ShentoSyney_VN failed Timer (x54) 
[00:07:06] [Netty Epoll IO #1/INFO]: Grim » ShentoSyney_VN failed TimerLimit (x53) 
[00:07:06] [Netty Epoll IO #1/INFO]: Grim » ShentoSyney_VN failed Timer (x55) 
[00:07:06] [Netty Epoll IO #1/INFO]: Grim » ShentoSyney_VN failed TimerLimit (x54) 
[00:07:06] [Netty Epoll IO #1/INFO]: Grim » ShentoSyney_VN failed Simulation (x21) .507949 /gl 81
[00:07:07] [Netty Epoll IO #1/INFO]: Grim » ShentoSyney_VN failed Simulation (x22) .110860 /gl 82
[00:07:07] [Netty Epoll IO #1/INFO]: Grim » ShentoSyney_VN failed Simulation (x23) .500265 /gl 83
[00:07:07] [Netty Epoll IO #1/INFO]: Grim » ShentoSyney_VN failed Simulation (x24) .506948 /gl 84
[00:07:07] [Netty Epoll IO #1/INFO]: Grim » ShentoSyney_VN failed Simulation (x25) .507418 /gl 85
[00:07:07] [Netty Epoll IO #1/INFO]: Grim » ShentoSyney_VN failed Simulation (x26) .507640 /gl 86
[00:07:07] [Netty Epoll IO #1/INFO]: Grim » ShentoSyney_VN failed Timer (x56) 
[00:07:07] [Netty Epoll IO #1/INFO]: Grim » ShentoSyney_VN failed TimerLimit (x55) 
[00:07:07] [Netty Epoll IO #1/INFO]: Grim » ShentoSyney_VN failed Simulation (x27) .507293 /gl 87
[00:07:07] [Netty Epoll IO #1/INFO]: Grim » ShentoSyney_VN failed Simulation (x28) .504100 /gl 88
[00:07:07] [Netty Epoll IO #1/INFO]: Grim » ShentoSyney_VN failed Timer (x57) 
[00:07:07] [Netty Epoll IO #1/INFO]: Grim » ShentoSyney_VN failed TimerLimit (x56) 
[00:07:07] [Netty Epoll IO #1/INFO]: Grim » ShentoSyney_VN failed Simulation (x29) .501160 /gl 89
[00:07:07] [Netty Epoll IO #1/INFO]: Grim » ShentoSyney_VN failed Simulation (x30) .501095 /gl 90
[00:07:07] [Netty Epoll IO #1/INFO]: Grim » ShentoSyney_VN failed Timer (x58) 
[00:07:07] [Netty Epoll IO #1/INFO]: Grim » ShentoSyney_VN failed TimerLimit (x57) 
[00:07:07] [Netty Epoll IO #1/INFO]: Grim » ShentoSyney_VN failed Timer (x59) 
[00:07:07] [Netty Epoll IO #1/INFO]: Grim » ShentoSyney_VN failed TimerLimit (x58) 
[00:07:08] [Netty Epoll IO #1/INFO]: Grim » ShentoSyney_VN failed Timer (x60) 
[00:07:08] [Netty Epoll IO #1/INFO]: Grim » ShentoSyney_VN failed TimerLimit (x59) 
[00:07:08] [Netty Epoll IO #1/INFO]: Grim » ShentoSyney_VN failed Timer (x61) 
[00:07:08] [Netty Epoll IO #1/INFO]: Grim » ShentoSyney_VN failed TimerLimit (x60) 
[00:07:08] [Netty Epoll IO #1/INFO]: Grim » ShentoSyney_VN failed Timer (x62) 
[00:07:08] [Netty Epoll IO #1/INFO]: Grim » ShentoSyney_VN failed TimerLimit (x61) 
[00:07:08] [Netty Epoll IO #1/INFO]: Grim » ShentoSyney_VN failed Timer (x63) 
[00:07:08] [Netty Epoll IO #1/INFO]: Grim » ShentoSyney_VN failed TimerLimit (x62) 
[00:07:09] [Netty Epoll IO #1/INFO]: Grim » ShentoSyney_VN failed Timer (x64) 
[00:07:09] [Netty Epoll IO #1/INFO]: Grim » ShentoSyney_VN failed TimerLimit (x63) 
[00:07:09] [Netty Epoll IO #1/INFO]: Grim » ShentoSyney_VN failed Timer (x65) 
[00:07:09] [Netty Epoll IO #1/INFO]: Grim » ShentoSyney_VN failed TimerLimit (x64) 
[00:07:09] [Netty Epoll IO #1/INFO]: Grim » ShentoSyney_VN failed Timer (x66) 
[00:07:09] [Netty Epoll IO #1/INFO]: Grim » ShentoSyney_VN failed TimerLimit (x65) 
[00:07:09] [Netty Epoll IO #1/INFO]: Grim » ShentoSyney_VN failed Timer (x67) 
[00:07:09] [Netty Epoll IO #1/INFO]: Grim » ShentoSyney_VN failed TimerLimit (x66) 
[00:07:09] [Netty Epoll IO #1/INFO]: Grim » ShentoSyney_VN failed Timer (x68) 
[00:07:09] [Netty Epoll IO #1/INFO]: Grim » ShentoSyney_VN failed TimerLimit (x67) 
[00:07:10] [Netty Epoll IO #1/INFO]: Grim » ShentoSyney_VN failed Timer (x69) 
[00:07:10] [Netty Epoll IO #1/INFO]: Grim » ShentoSyney_VN failed TimerLimit (x68) 
[00:07:10] [Netty Epoll IO #1/INFO]: Grim » ShentoSyney_VN failed Timer (x70) 
[00:07:10] [Netty Epoll IO #1/INFO]: Grim » ShentoSyney_VN failed TimerLimit (x69) 
[00:07:10] [Netty Epoll IO #1/INFO]: Grim » ShentoSyney_VN failed Timer (x71) 
[00:07:10] [Netty Epoll IO #1/INFO]: Grim » ShentoSyney_VN failed TimerLimit (x70) 
[00:07:11] [Netty Epoll IO #1/INFO]: Grim » ShentoSyney_VN failed Timer (x72) 
[00:07:11] [Netty Epoll IO #1/INFO]: Grim » ShentoSyney_VN failed TimerLimit (x71) 
[00:07:11] [Netty Epoll IO #1/INFO]: Grim » ShentoSyney_VN failed Timer (x73) 
[00:07:11] [Netty Epoll IO #1/INFO]: Grim » ShentoSyney_VN failed TimerLimit (x72) 
[00:07:11] [Netty Epoll IO #1/INFO]: Grim » ShentoSyney_VN failed Timer (x74) 
[00:07:11] [Netty Epoll IO #1/INFO]: Grim » ShentoSyney_VN failed TimerLimit (x73) 
[00:07:12] [Netty Epoll IO #1/INFO]: Grim » ShentoSyney_VN failed Timer (x75) 
[00:07:12] [Netty Epoll IO #1/INFO]: Grim » ShentoSyney_VN failed TimerLimit (x74) 
[00:07:12] [Netty Epoll IO #1/INFO]: Grim » ShentoSyney_VN failed Timer (x76) 
[00:07:12] [Netty Epoll IO #1/INFO]: Grim » ShentoSyney_VN failed TimerLimit (x75) 
[00:07:12] [Netty Epoll IO #1/INFO]: Grim » ShentoSyney_VN failed Simulation (x31) .317990 /gl 91
[00:07:12] [Netty Epoll IO #1/INFO]: Grim » ShentoSyney_VN failed GroundSpoof (x2) claimed true
[00:07:12] [Netty Epoll IO #1/INFO]: Grim » ShentoSyney_VN failed Simulation (x32) .226167 /gl 92
[00:07:13] [Netty Epoll IO #1/INFO]: Grim » ShentoSyney_VN failed Timer (x77) 
[00:07:13] [Netty Epoll IO #1/INFO]: Grim » ShentoSyney_VN failed TimerLimit (x76) 
[00:07:13] [Netty Epoll IO #1/INFO]: Grim » ShentoSyney_VN failed Timer (x78) 
[00:07:13] [Netty Epoll IO #1/INFO]: Grim » ShentoSyney_VN failed Timer (x79) 
[00:07:13] [Netty Epoll IO #1/INFO]: Grim » ShentoSyney_VN failed TimerLimit (x77) 
[00:07:13] [Netty Epoll IO #1/INFO]: Grim » ShentoSyney_VN failed Timer (x80) 
[00:07:13] [Netty Epoll IO #1/INFO]: Grim » ShentoSyney_VN failed TimerLimit (x78) 
[00:07:14] [Netty Epoll IO #1/INFO]: Grim » ShentoSyney_VN failed Timer (x81) 
[00:07:14] [Netty Epoll IO #1/INFO]: Grim » ShentoSyney_VN failed Timer (x82) 
[00:07:15] [Netty Epoll IO #1/INFO]: Grim » ShentoSyney_VN failed TimerLimit (x79) 
[00:07:29] [Netty Epoll IO #1/INFO]: Grim » ShentoSyney_VN failed SprintE* (x22) 
[00:07:29] [Netty Epoll IO #1/INFO]: Grim » ShentoSyney_VN failed Simulation (x33) .501268 /gl 93
[00:07:29] [Netty Epoll IO #1/INFO]: Grim » ShentoSyney_VN failed Simulation (x34) .500565 /gl 94
[00:07:29] [Netty Epoll IO #1/INFO]: Grim » ShentoSyney_VN failed Simulation (x35) .500302 /gl 95
[00:07:30] [Netty Epoll IO #1/INFO]: Grim » ShentoSyney_VN failed Simulation (x36) .500106 /gl 96
[00:07:30] [Netty Epoll IO #1/INFO]: Grim » ShentoSyney_VN failed Simulation (x37) .501823 /gl 97
[00:07:30] [Netty Epoll IO #1/INFO]: Grim » ShentoSyney_VN failed Simulation (x38) .502003 /gl 98
[00:07:30] [Netty Epoll IO #1/INFO]: Grim » ShentoSyney_VN failed Simulation (x39) .501784 /gl 99
[00:07:30] [Netty Epoll IO #1/INFO]: Grim » ShentoSyney_VN failed Simulation (x40) .501446 /gl 100
[00:07:30] [Netty Epoll IO #1/INFO]: Grim » ShentoSyney_VN failed Simulation (x41) .501393 /gl 101
[00:07:30] [Netty Epoll IO #1/INFO]: Grim » ShentoSyney_VN failed Simulation (x42) .501358 /gl 102
[00:08:13] [Netty Epoll IO #1/INFO]: Grim » ShentoSyney_VN failed BadPacketsR* (x37) time=2050ms, lst=2055ms, positions=0
[00:08:15] [Netty Epoll IO #1/INFO]: Grim » ShentoSyney_VN failed BadPacketsR* (x38) time=2013ms, lst=2041ms, positions=0
[00:08:17] [Netty Epoll IO #1/INFO]: Grim » ShentoSyney_VN failed BadPacketsR* (x39) time=2038ms, lst=2002ms, positions=0
[00:08:19] [Netty Epoll IO #1/INFO]: Grim » ShentoSyney_VN failed BadPacketsR* (x40) time=2008ms, lst=2041ms, positions=0
[00:08:21] [Netty Epoll IO #1/INFO]: Grim » ShentoSyney_VN failed BadPacketsR* (x41) time=2046ms, lst=2015ms, positions=0
[00:08:23] [Netty Epoll IO #1/INFO]: Grim » ShentoSyney_VN failed BadPacketsR* (x42) time=2009ms, lst=2035ms, positions=0
[00:08:25] [Netty Epoll IO #1/INFO]: Grim » ShentoSyney_VN failed BadPacketsR* (x43) time=2038ms, lst=2019ms, positions=0
[00:08:27] [Netty Epoll IO #1/INFO]: Grim » ShentoSyney_VN failed BadPacketsR* (x44) time=2006ms, lst=2016ms, positions=0
[00:08:29] [Netty Epoll IO #1/INFO]: Grim » ShentoSyney_VN failed BadPacketsR* (x45) time=2041ms, lst=2014ms, positions=0
[00:08:31] [Netty Epoll IO #1/INFO]: Grim » ShentoSyney_VN failed BadPacketsR* (x46) time=2009ms, lst=2047ms, positions=0
[00:08:33] [Netty Epoll IO #1/INFO]: Grim » ShentoSyney_VN failed BadPacketsR* (x47) time=2088ms, lst=2049ms, positions=0
[00:08:35] [Netty Epoll IO #1/INFO]: Grim » ShentoSyney_VN failed BadPacketsR* (x48) time=2050ms, lst=2048ms, positions=0
[00:08:37] [Netty Epoll IO #1/INFO]: Grim » ShentoSyney_VN failed BadPacketsR* (x49) time=2011ms, lst=2034ms, positions=0
[00:08:39] [Netty Epoll IO #1/INFO]: Grim » ShentoSyney_VN failed BadPacketsR* (x50) time=2038ms, lst=2015ms, positions=0
[00:08:41] [Netty Epoll IO #1/INFO]: Grim » ShentoSyney_VN failed BadPacketsR* (x51) time=2002ms, lst=2002ms, positions=0
[00:08:43] [Netty Epoll IO #1/INFO]: Grim » ShentoSyney_VN failed BadPacketsR* (x52) time=2044ms, lst=2039ms, positions=0
[00:08:45] [Netty Epoll IO #1/INFO]: Grim » ShentoSyney_VN failed BadPacketsR* (x53) time=2004ms, lst=2006ms, positions=0
[00:08:47] [Netty Epoll IO #1/INFO]: Grim » ShentoSyney_VN failed BadPacketsR* (x54) time=2002ms, lst=2004ms, positions=0
[00:08:49] [Netty Epoll IO #1/INFO]: Grim » ShentoSyney_VN failed BadPacketsR* (x55) time=2048ms, lst=2047ms, positions=0
[00:08:51] [Netty Epoll IO #1/INFO]: Grim » ShentoSyney_VN failed BadPacketsR* (x56) time=2044ms, lst=2045ms, positions=0
[00:08:53] [Netty Epoll IO #1/INFO]: Grim » ShentoSyney_VN failed BadPacketsR* (x57) time=2001ms, lst=2012ms, positions=0
[00:08:55] [Netty Epoll IO #1/INFO]: Grim » ShentoSyney_VN failed BadPacketsR* (x58) time=2049ms, lst=2032ms, positions=0
[00:08:57] [Netty Epoll IO #1/INFO]: Grim » ShentoSyney_VN failed BadPacketsR* (x59) time=2001ms, lst=2005ms, positions=0
[00:08:59] [Netty Epoll IO #1/INFO]: Grim » ShentoSyney_VN failed BadPacketsR* (x60) time=2050ms, lst=2049ms, positions=0
[00:09:01] [Netty Epoll IO #1/INFO]: Grim » ShentoSyney_VN failed BadPacketsR* (x61) time=2009ms, lst=2036ms, positions=0
[00:09:03] [Netty Epoll IO #1/INFO]: Grim » ShentoSyney_VN failed BadPacketsR* (x62) time=2037ms, lst=2002ms, positions=0
[00:09:05] [Netty Epoll IO #1/INFO]: Grim » ShentoSyney_VN failed BadPacketsR* (x63) time=2007ms, lst=2058ms, positions=0
[00:09:07] [Netty Epoll IO #1/INFO]: Grim » ShentoSyney_VN failed BadPacketsR* (x63) time=2096ms, lst=2047ms, positions=0
[00:09:09] [Netty Epoll IO #1/INFO]: Grim » ShentoSyney_VN failed BadPacketsR* (x63) time=2047ms, lst=2052ms, positions=0
[00:11:27] [Server thread/INFO]: Villager Villager['Mason'/8431586, uuid='db5d9b3d-2b00-4a3f-881f-89895ad23584', l='ServerLevel[WORLD]', x=28961.93, y=123.54, z=18722.25, cpos=[1810, 1170], tl=11310, v=true] died, message: 'Mason was slain by Zombie'
[00:12:03] [Server thread/INFO]: ShentoSyney_VN issued server command: /shop
[00:12:12] [Server thread/INFO]: Cửa hàng >> ShentoSyney_VN bought 64 x Gold Ingot(Ore.page1.items.4) vì $5,120.00 với buy stacks screen.
[00:13:05] [Server thread/INFO]: ShentoSyney_VN issued server command: /shop
[00:13:08] [Server thread/INFO]: Cửa hàng >> ShentoSyney_VN bought 64 x Redstone(Ore.page1.items.5) vì $1,280.00 với buy stacks screen.
[00:13:08] [Server thread/INFO]: Cửa hàng >> ShentoSyney_VN bought 64 x Redstone(Ore.page1.items.5) vì $1,280.00 với buy stacks screen.
[00:20:36] [Netty Epoll IO #1/INFO]: Grim » ShentoSyney_VN failed SprintE* (x1) 
[00:29:45] [Netty Epoll IO #1/INFO]: Grim » ShentoSyney_VN failed BadPacketsR* (x1) time=2004ms, lst=2006ms, positions=0
[00:29:47] [Netty Epoll IO #1/INFO]: Grim » ShentoSyney_VN failed BadPacketsR* (x2) time=2045ms, lst=2043ms, positions=0
[00:29:49] [Netty Epoll IO #1/INFO]: Grim » ShentoSyney_VN failed BadPacketsR* (x3) time=2012ms, lst=2036ms, positions=0
[00:29:51] [Netty Epoll IO #1/INFO]: Grim » ShentoSyney_VN failed BadPacketsR* (x4) time=2039ms, lst=2016ms, positions=0
[00:29:53] [Netty Epoll IO #1/INFO]: Grim » ShentoSyney_VN failed BadPacketsR* (x5) time=2005ms, lst=2002ms, positions=0
[00:29:55] [Netty Epoll IO #1/INFO]: Grim » ShentoSyney_VN failed BadPacketsR* (x6) time=2053ms, lst=2060ms, positions=0
[00:29:57] [Netty Epoll IO #1/INFO]: Grim » ShentoSyney_VN failed BadPacketsR* (x7) time=2045ms, lst=2037ms, positions=0
[00:30:00] [Netty Epoll IO #1/INFO]: Grim » ShentoSyney_VN failed BadPacketsR* (x8) time=2046ms, lst=2039ms, positions=0
[00:30:02] [Netty Epoll IO #1/INFO]: Grim » ShentoSyney_VN failed BadPacketsR* (x9) time=2049ms, lst=2051ms, positions=0
[00:30:04] [Netty Epoll IO #1/INFO]: Grim » ShentoSyney_VN failed BadPacketsR* (x10) time=2048ms, lst=2047ms, positions=0
[00:30:06] [Netty Epoll IO #1/INFO]: Grim » ShentoSyney_VN failed BadPacketsR* (x11) time=2051ms, lst=2047ms, positions=0
[00:30:08] [Netty Epoll IO #1/INFO]: Grim » ShentoSyney_VN failed BadPacketsR* (x12) time=2047ms, lst=2047ms, positions=0
[00:31:56] [Netty Epoll IO #1/INFO]: Grim » ShentoSyney_VN failed BadPacketsR* (x13) time=2043ms, lst=2014ms, positions=0
[00:31:58] [Netty Epoll IO #1/INFO]: Grim » ShentoSyney_VN failed BadPacketsR* (x14) time=2004ms, lst=2048ms, positions=0
[00:32:00] [Netty Epoll IO #1/INFO]: Grim » ShentoSyney_VN failed BadPacketsR* (x15) time=2042ms, lst=2001ms, positions=0
[00:32:02] [Netty Epoll IO #1/INFO]: Grim » ShentoSyney_VN failed BadPacketsR* (x16) time=2008ms, lst=2007ms, positions=0
[00:32:04] [Netty Epoll IO #1/INFO]: Grim » ShentoSyney_VN failed BadPacketsR* (x17) time=2045ms, lst=2048ms, positions=0
[00:32:06] [Netty Epoll IO #1/INFO]: Grim » ShentoSyney_VN failed BadPacketsR* (x18) time=2007ms, lst=2047ms, positions=0
[00:32:08] [Netty Epoll IO #1/INFO]: Grim » ShentoSyney_VN failed BadPacketsR* (x19) time=2046ms, lst=2002ms, positions=0
[00:32:10] [Netty Epoll IO #1/INFO]: Grim » ShentoSyney_VN failed BadPacketsR* (x20) time=2044ms, lst=2041ms, positions=0
[00:32:12] [Netty Epoll IO #1/INFO]: Grim » ShentoSyney_VN failed BadPacketsR* (x21) time=2047ms, lst=2048ms, positions=0
[00:32:14] [Netty Epoll IO #1/INFO]: Grim » ShentoSyney_VN failed BadPacketsR* (x22) time=2051ms, lst=2045ms, positions=0
[00:32:16] [Netty Epoll IO #1/INFO]: Grim » ShentoSyney_VN failed BadPacketsR* (x23) time=2001ms, lst=2006ms, positions=0
[00:32:18] [Netty Epoll IO #1/INFO]: Grim » ShentoSyney_VN failed BadPacketsR* (x24) time=2047ms, lst=2043ms, positions=0
[00:32:20] [Netty Epoll IO #1/INFO]: Grim » ShentoSyney_VN failed BadPacketsR* (x25) time=2008ms, lst=2031ms, positions=0
[00:32:22] [Netty Epoll IO #1/INFO]: Grim » ShentoSyney_VN failed BadPacketsR* (x26) time=2041ms, lst=2018ms, positions=0
[00:32:24] [Netty Epoll IO #1/INFO]: Grim » ShentoSyney_VN failed BadPacketsR* (x27) time=2001ms, lst=2004ms, positions=0
[00:32:26] [Netty Epoll IO #1/INFO]: Grim » ShentoSyney_VN failed BadPacketsR* (x28) time=2047ms, lst=2040ms, positions=0
[00:33:15] [Netty Epoll IO #1/INFO]: Grim » ShentoSyney_VN failed BadPacketsR* (x29) time=2005ms, lst=2049ms, positions=0
[00:33:17] [Netty Epoll IO #1/INFO]: Grim » ShentoSyney_VN failed BadPacketsR* (x30) time=2093ms, lst=2047ms, positions=0
[00:33:20] [Netty Epoll IO #1/INFO]: Grim » ShentoSyney_VN failed BadPacketsR* (x31) time=2050ms, lst=2054ms, positions=0
[00:33:22] [Netty Epoll IO #1/INFO]: Grim » ShentoSyney_VN failed BadPacketsR* (x32) time=2012ms, lst=2033ms, positions=0
[00:33:24] [Netty Epoll IO #1/INFO]: Grim » ShentoSyney_VN failed BadPacketsR* (x33) time=2041ms, lst=2014ms, positions=0
[00:33:26] [Netty Epoll IO #1/INFO]: Grim » ShentoSyney_VN failed BadPacketsR* (x34) time=2003ms, lst=2048ms, positions=0
[00:33:28] [Netty Epoll IO #1/INFO]: Grim » ShentoSyney_VN failed BadPacketsR* (x35) time=2095ms, lst=2048ms, positions=0
[00:33:30] [Netty Epoll IO #1/INFO]: Grim » ShentoSyney_VN failed BadPacketsR* (x36) time=2055ms, lst=2056ms, positions=0
[00:33:32] [Netty Epoll IO #1/INFO]: Grim » ShentoSyney_VN failed BadPacketsR* (x37) time=2002ms, lst=2038ms, positions=0
[00:33:34] [Netty Epoll IO #1/INFO]: Grim » ShentoSyney_VN failed BadPacketsR* (x38) time=2043ms, lst=2032ms, positions=0
[00:33:36] [Netty Epoll IO #1/INFO]: Grim » ShentoSyney_VN failed BadPacketsR* (x39) time=2007ms, lst=2019ms, positions=0
[00:33:38] [Netty Epoll IO #1/INFO]: Grim » ShentoSyney_VN failed BadPacketsR* (x40) time=2039ms, lst=2005ms, positions=0
[00:33:40] [Netty Epoll IO #1/INFO]: Grim » ShentoSyney_VN failed BadPacketsR* (x41) time=2052ms, lst=2051ms, positions=0
[00:33:42] [Netty Epoll IO #1/INFO]: Grim » ShentoSyney_VN failed BadPacketsR* (x42) time=2046ms, lst=2044ms, positions=0
[00:33:44] [Netty Epoll IO #1/INFO]: Grim » ShentoSyney_VN failed BadPacketsR* (x43) time=2048ms, lst=2042ms, positions=0
[00:33:46] [Netty Epoll IO #1/INFO]: Grim » ShentoSyney_VN failed BadPacketsR* (x44) time=2050ms, lst=2055ms, positions=0
[00:33:48] [Netty Epoll IO #1/INFO]: Grim » ShentoSyney_VN failed BadPacketsR* (x45) time=2001ms, lst=2001ms, positions=0
[00:33:50] [Netty Epoll IO #1/INFO]: Grim » ShentoSyney_VN failed BadPacketsR* (x46) time=2001ms, lst=2002ms, positions=0
[00:33:52] [Netty Epoll IO #1/INFO]: Grim » ShentoSyney_VN failed BadPacketsR* (x47) time=2048ms, lst=2041ms, positions=0
[00:33:54] [Netty Epoll IO #1/INFO]: Grim » ShentoSyney_VN failed BadPacketsR* (x48) time=2002ms, lst=2004ms, positions=0
[00:33:56] [Netty Epoll IO #1/INFO]: Grim » ShentoSyney_VN failed BadPacketsR* (x49) time=2007ms, lst=2010ms, positions=0
[00:33:58] [Netty Epoll IO #1/INFO]: Grim » ShentoSyney_VN failed BadPacketsR* (x50) time=2046ms, lst=2039ms, positions=0
[00:34:00] [Netty Epoll IO #1/INFO]: Grim » ShentoSyney_VN failed BadPacketsR* (x51) time=2054ms, lst=2058ms, positions=0
[00:34:02] [Netty Epoll IO #1/INFO]: Grim » ShentoSyney_VN failed BadPacketsR* (x52) time=2042ms, lst=2043ms, positions=0
[00:34:04] [Netty Epoll IO #1/INFO]: Grim » ShentoSyney_VN failed BadPacketsR* (x53) time=2048ms, lst=2040ms, positions=0
[00:34:06] [Netty Epoll IO #1/INFO]: Grim » ShentoSyney_VN failed BadPacketsR* (x54) time=2047ms, lst=2044ms, positions=0
[00:34:08] [Netty Epoll IO #1/INFO]: Grim » ShentoSyney_VN failed BadPacketsR* (x55) time=2001ms, lst=2002ms, positions=0
[00:34:10] [Netty Epoll IO #1/INFO]: Grim » ShentoSyney_VN failed BadPacketsR* (x56) time=2050ms, lst=2054ms, positions=0
[00:34:12] [Netty Epoll IO #1/INFO]: Grim » ShentoSyney_VN failed BadPacketsR* (x57) time=2008ms, lst=2043ms, positions=0
[00:34:14] [Netty Epoll IO #1/INFO]: Grim » ShentoSyney_VN failed BadPacketsR* (x58) time=2089ms, lst=2047ms, positions=0
[00:34:17] [Netty Epoll IO #1/INFO]: Grim » ShentoSyney_VN failed BadPacketsR* (x59) time=2054ms, lst=2053ms, positions=0
[00:34:19] [Netty Epoll IO #1/INFO]: Grim » ShentoSyney_VN failed BadPacketsR* (x60) time=2005ms, lst=2036ms, positions=0
[00:34:21] [Netty Epoll IO #1/INFO]: Grim » ShentoSyney_VN failed BadPacketsR* (x61) time=2038ms, lst=2003ms, positions=0
[00:34:23] [Netty Epoll IO #1/INFO]: Grim » ShentoSyney_VN failed BadPacketsR* (x62) time=2001ms, lst=2006ms, positions=0
[00:34:25] [Netty Epoll IO #1/INFO]: Grim » ShentoSyney_VN failed BadPacketsR* (x63) time=2009ms, lst=2012ms, positions=0
[00:34:27] [Netty Epoll IO #1/INFO]: Grim » ShentoSyney_VN failed BadPacketsR* (x64) time=2039ms, lst=2037ms, positions=0
[00:34:29] [Netty Epoll IO #1/INFO]: Grim » ShentoSyney_VN failed BadPacketsR* (x65) time=2057ms, lst=2048ms, positions=0
[00:34:31] [Netty Epoll IO #1/INFO]: Grim » ShentoSyney_VN failed BadPacketsR* (x66) time=2002ms, lst=2048ms, positions=0
[00:34:33] [Netty Epoll IO #1/INFO]: Grim » ShentoSyney_VN failed BadPacketsR* (x67) time=2094ms, lst=2052ms, positions=0
[00:34:35] [Netty Epoll IO #1/INFO]: Grim » ShentoSyney_VN failed BadPacketsR* (x68) time=2048ms, lst=2045ms, positions=0
[00:34:37] [Netty Epoll IO #1/INFO]: Grim » ShentoSyney_VN failed BadPacketsR* (x69) time=2005ms, lst=2035ms, positions=0
[00:34:39] [Netty Epoll IO #1/INFO]: Grim » ShentoSyney_VN failed BadPacketsR* (x70) time=2045ms, lst=2012ms, positions=0
[00:34:41] [Netty Epoll IO #1/INFO]: Grim » ShentoSyney_VN failed BadPacketsR* (x71) time=2006ms, lst=2052ms, positions=0
[00:34:43] [Netty Epoll IO #1/INFO]: Grim » ShentoSyney_VN failed BadPacketsR* (x72) time=2092ms, lst=2047ms, positions=0
[00:34:45] [Netty Epoll IO #1/INFO]: Grim » ShentoSyney_VN failed BadPacketsR* (x73) time=2049ms, lst=2047ms, positions=0
[00:34:47] [Netty Epoll IO #1/INFO]: Grim » ShentoSyney_VN failed BadPacketsR* (x73) time=2048ms, lst=2048ms, positions=0
[00:34:49] [Netty Epoll IO #1/INFO]: Grim » ShentoSyney_VN failed BadPacketsR* (x73) time=2050ms, lst=2054ms, positions=0
[00:34:51] [Netty Epoll IO #1/INFO]: Grim » ShentoSyney_VN failed BadPacketsR* (x73) time=2050ms, lst=2043ms, positions=0
[00:34:53] [Netty Epoll IO #1/INFO]: Grim » ShentoSyney_VN failed BadPacketsR* (x73) time=2006ms, lst=2049ms, positions=0
[00:34:55] [Netty Epoll IO #1/INFO]: Grim » ShentoSyney_VN failed BadPacketsR* (x73) time=2042ms, lst=2001ms, positions=0
[00:34:57] [Netty Epoll IO #1/INFO]: Grim » ShentoSyney_VN failed BadPacketsR* (x73) time=2050ms, lst=2048ms, positions=0
[00:34:59] [Netty Epoll IO #1/INFO]: Grim » ShentoSyney_VN failed BadPacketsR* (x73) time=2002ms, lst=2004ms, positions=0
[00:35:01] [Netty Epoll IO #1/INFO]: Grim » ShentoSyney_VN failed BadPacketsR* (x73) time=2046ms, lst=2038ms, positions=0
[00:36:37] [Netty Epoll IO #1/INFO]: Grim » ShentoSyney_VN failed BadPacketsR* (x70) time=2006ms, lst=2042ms, positions=0
[00:36:39] [Netty Epoll IO #1/INFO]: Grim » ShentoSyney_VN failed BadPacketsR* (x71) time=2047ms, lst=2013ms, positions=0
[00:36:41] [Netty Epoll IO #1/INFO]: Grim » ShentoSyney_VN failed BadPacketsR* (x72) time=2006ms, lst=2050ms, positions=0
[00:36:43] [Netty Epoll IO #1/INFO]: Grim » ShentoSyney_VN failed BadPacketsR* (x73) time=2090ms, lst=2048ms, positions=0
[00:36:45] [Netty Epoll IO #1/INFO]: Grim » ShentoSyney_VN failed BadPacketsR* (x74) time=2052ms, lst=2050ms, positions=0
[00:36:47] [Netty Epoll IO #1/INFO]: Grim » ShentoSyney_VN failed BadPacketsR* (x75) time=2003ms, lst=2033ms, positions=0
[00:36:49] [Netty Epoll IO #1/INFO]: Grim » ShentoSyney_VN failed BadPacketsR* (x76) time=2046ms, lst=2013ms, positions=0
[00:36:52] [Netty Epoll IO #1/INFO]: Grim » ShentoSyney_VN failed BadPacketsR* (x77) time=2005ms, lst=2050ms, positions=0
[00:36:54] [Netty Epoll IO #1/INFO]: Grim » ShentoSyney_VN failed BadPacketsR* (x78) time=2046ms, lst=2009ms, positions=0
[00:36:56] [Netty Epoll IO #1/INFO]: Grim » ShentoSyney_VN failed BadPacketsR* (x79) time=2006ms, lst=2027ms, positions=0
[00:36:58] [Netty Epoll IO #1/INFO]: Grim » ShentoSyney_VN failed BadPacketsR* (x79) time=2038ms, lst=2010ms, positions=0
[00:37:00] [Netty Epoll IO #1/INFO]: Grim » ShentoSyney_VN failed BadPacketsR* (x79) time=2007ms, lst=2049ms, positions=0
[00:37:02] [Netty Epoll IO #1/INFO]: Grim » ShentoSyney_VN failed BadPacketsR* (x79) time=2044ms, lst=2001ms, positions=0
[00:37:04] [Netty Epoll IO #1/INFO]: Grim » ShentoSyney_VN failed BadPacketsR* (x79) time=2008ms, lst=2033ms, positions=0
[00:37:06] [Netty Epoll IO #1/INFO]: Grim » ShentoSyney_VN failed BadPacketsR* (x79) time=2042ms, lst=2008ms, positions=0
[00:37:08] [Netty Epoll IO #1/INFO]: Grim » ShentoSyney_VN failed BadPacketsR* (x79) time=2047ms, lst=2051ms, positions=0
[00:37:10] [Netty Epoll IO #1/INFO]: Grim » ShentoSyney_VN failed BadPacketsR* (x78) time=2050ms, lst=2077ms, positions=0
[00:37:12] [Netty Epoll IO #1/INFO]: Grim » ShentoSyney_VN failed BadPacketsR* (x79) time=2047ms, lst=2017ms, positions=0
[00:37:14] [Netty Epoll IO #1/INFO]: Grim » ShentoSyney_VN failed BadPacketsR* (x79) time=2005ms, lst=2006ms, positions=0
[00:37:16] [Netty Epoll IO #1/INFO]: Grim » ShentoSyney_VN failed BadPacketsR* (x78) time=2047ms, lst=2060ms, positions=0
[00:37:18] [Netty Epoll IO #1/INFO]: Grim » ShentoSyney_VN failed BadPacketsR* (x78) time=2010ms, lst=2039ms, positions=0
[00:37:20] [Netty Epoll IO #1/INFO]: Grim » ShentoSyney_VN failed BadPacketsR* (x78) time=2092ms, lst=2049ms, positions=0
[00:37:22] [Netty Epoll IO #1/INFO]: Grim » ShentoSyney_VN failed BadPacketsR* (x78) time=2048ms, lst=2049ms, positions=0
[00:37:24] [Netty Epoll IO #1/INFO]: Grim » ShentoSyney_VN failed BadPacketsR* (x78) time=2004ms, lst=2032ms, positions=0
[00:37:26] [Netty Epoll IO #1/INFO]: Grim » ShentoSyney_VN failed BadPacketsR* (x78) time=2042ms, lst=2032ms, positions=0
[00:37:28] [Netty Epoll IO #1/INFO]: Grim » ShentoSyney_VN failed BadPacketsR* (x79) time=2051ms, lst=2026ms, positions=0
[00:37:30] [Netty Epoll IO #1/INFO]: Grim » ShentoSyney_VN failed BadPacketsR* (x80) time=2049ms, lst=2054ms, positions=0
[00:37:32] [Netty Epoll IO #1/INFO]: Grim » ShentoSyney_VN failed BadPacketsR* (x81) time=2046ms, lst=2041ms, positions=0
[00:37:34] [Netty Epoll IO #1/INFO]: Grim » ShentoSyney_VN failed BadPacketsR* (x82) time=2003ms, lst=2006ms, positions=0
[00:37:36] [Netty Epoll IO #1/INFO]: Grim » ShentoSyney_VN failed BadPacketsR* (x83) time=2049ms, lst=2045ms, positions=0
[00:37:38] [Netty Epoll IO #1/INFO]: Grim » ShentoSyney_VN failed BadPacketsR* (x84) time=2009ms, lst=2046ms, positions=0
[00:37:40] [Netty Epoll IO #1/INFO]: Grim » ShentoSyney_VN failed BadPacketsR* (x85) time=2092ms, lst=2053ms, positions=0
[00:37:42] [Netty Epoll IO #1/INFO]: Grim » ShentoSyney_VN failed BadPacketsR* (x86) time=2047ms, lst=2049ms, positions=0
[00:37:44] [Netty Epoll IO #1/INFO]: Grim » ShentoSyney_VN failed BadPacketsR* (x87) time=2011ms, lst=2034ms, positions=0
[00:37:46] [Netty Epoll IO #1/INFO]: Grim » ShentoSyney_VN failed BadPacketsR* (x88) time=2036ms, lst=2011ms, positions=0
[00:37:49] [Netty Epoll IO #1/INFO]: Grim » ShentoSyney_VN failed BadPacketsR* (x89) time=2005ms, lst=2049ms, positions=0
[00:37:51] [Netty Epoll IO #1/INFO]: Grim » ShentoSyney_VN failed BadPacketsR* (x90) time=2092ms, lst=2045ms, positions=0
[00:37:53] [Netty Epoll IO #1/INFO]: Grim » ShentoSyney_VN failed BadPacketsR* (x91) time=2003ms, lst=2007ms, positions=0
[00:37:55] [Netty Epoll IO #1/INFO]: Grim » ShentoSyney_VN failed BadPacketsR* (x92) time=2046ms, lst=2043ms, positions=0
[00:37:57] [Netty Epoll IO #1/INFO]: Grim » ShentoSyney_VN failed BadPacketsR* (x93) time=2059ms, lst=2056ms, positions=0
[00:37:59] [Netty Epoll IO #1/INFO]: Grim » ShentoSyney_VN failed BadPacketsR* (x94) time=2042ms, lst=2040ms, positions=0
[00:38:01] [Netty Epoll IO #1/INFO]: Grim » ShentoSyney_VN failed BadPacketsR* (x95) time=2052ms, lst=2058ms, positions=0
[00:38:03] [Netty Epoll IO #1/INFO]: Grim » ShentoSyney_VN failed BadPacketsR* (x96) time=2053ms, lst=2054ms, positions=0
[00:38:05] [Netty Epoll IO #1/INFO]: Grim » ShentoSyney_VN failed BadPacketsR* (x97) time=2052ms, lst=2055ms, positions=0
[00:38:07] [Netty Epoll IO #1/INFO]: Grim » ShentoSyney_VN failed BadPacketsR* (x98) time=2002ms, lst=2009ms, positions=0
[00:38:09] [Netty Epoll IO #1/INFO]: Grim » ShentoSyney_VN failed BadPacketsR* (x99) time=2039ms, lst=2021ms, positions=0
[00:38:11] [Netty Epoll IO #1/INFO]: Grim » ShentoSyney_VN failed BadPacketsR* (x100) time=2049ms, lst=2050ms, positions=0
[00:38:13] [Netty Epoll IO #1/INFO]: Grim » ShentoSyney_VN failed BadPacketsR* (x101) time=2049ms, lst=2046ms, positions=0
[00:38:15] [Netty Epoll IO #1/INFO]: Grim » ShentoSyney_VN failed BadPacketsR* (x102) time=2005ms, lst=2014ms, positions=0
[00:38:17] [Netty Epoll IO #1/INFO]: Grim » ShentoSyney_VN failed BadPacketsR* (x102) time=2050ms, lst=2047ms, positions=0
[00:38:19] [Netty Epoll IO #1/INFO]: Grim » ShentoSyney_VN failed BadPacketsR* (x102) time=2002ms, lst=2039ms, positions=0
[00:38:21] [Netty Epoll IO #1/INFO]: Grim » ShentoSyney_VN failed BadPacketsR* (x102) time=2090ms, lst=2045ms, positions=0
[00:38:23] [Netty Epoll IO #1/INFO]: Grim » ShentoSyney_VN failed BadPacketsR* (x102) time=2002ms, lst=2004ms, positions=0
[00:38:25] [Netty Epoll IO #1/INFO]: Grim » ShentoSyney_VN failed BadPacketsR* (x102) time=2050ms, lst=2050ms, positions=0
[00:39:24] [Netty Epoll IO #1/INFO]: Grim » ShentoSyney_VN failed BadPacketsR* (x74) time=2052ms, lst=2049ms, positions=0
[00:39:26] [Netty Epoll IO #1/INFO]: Grim » ShentoSyney_VN failed BadPacketsR* (x74) time=2045ms, lst=2045ms, positions=0
[00:39:28] [Netty Epoll IO #1/INFO]: Grim » ShentoSyney_VN failed BadPacketsR* (x74) time=2008ms, lst=2041ms, positions=0
[00:39:30] [Netty Epoll IO #1/INFO]: Grim » ShentoSyney_VN failed BadPacketsR* (x74) time=2044ms, lst=2013ms, positions=0
[00:39:32] [Netty Epoll IO #1/INFO]: Grim » ShentoSyney_VN failed BadPacketsR* (x74) time=2006ms, lst=2055ms, positions=0
[00:39:34] [Netty Epoll IO #1/INFO]: Grim » ShentoSyney_VN failed BadPacketsR* (x74) time=2094ms, lst=2044ms, positions=0
[00:39:37] [Netty Epoll IO #1/INFO]: Grim » ShentoSyney_VN failed BadPacketsR* (x74) time=2048ms, lst=2053ms, positions=0
[00:39:39] [Netty Epoll IO #1/INFO]: Grim » ShentoSyney_VN failed BadPacketsR* (x74) time=2008ms, lst=2034ms, positions=0
[00:39:41] [Netty Epoll IO #1/INFO]: Grim » ShentoSyney_VN failed BadPacketsR* (x74) time=2042ms, lst=2013ms, positions=0
[00:39:43] [Netty Epoll IO #1/INFO]: Grim » ShentoSyney_VN failed BadPacketsR* (x74) time=2001ms, lst=2002ms, positions=0
[00:39:45] [Netty Epoll IO #1/INFO]: Grim » ShentoSyney_VN failed BadPacketsR* (x74) time=2003ms, lst=2025ms, positions=0
[00:39:47] [Netty Epoll IO #1/INFO]: Grim » ShentoSyney_VN failed BadPacketsR* (x74) time=2044ms, lst=2017ms, positions=0
[00:39:49] [Netty Epoll IO #1/INFO]: Grim » ShentoSyney_VN failed BadPacketsR* (x74) time=2055ms, lst=2053ms, positions=0
[00:39:51] [Netty Epoll IO #1/INFO]: Grim » ShentoSyney_VN failed BadPacketsR* (x74) time=2006ms, lst=2042ms, positions=0
[00:39:53] [Netty Epoll IO #1/INFO]: Grim » ShentoSyney_VN failed BadPacketsR* (x74) time=2036ms, lst=2005ms, positions=0
[00:39:55] [Netty Epoll IO #1/INFO]: Grim » ShentoSyney_VN failed BadPacketsR* (x74) time=2049ms, lst=2044ms, positions=0
[00:39:57] [Netty Epoll IO #1/INFO]: Grim » ShentoSyney_VN failed BadPacketsR* (x74) time=2053ms, lst=2054ms, positions=0
[00:39:59] [Netty Epoll IO #1/INFO]: Grim » ShentoSyney_VN failed BadPacketsR* (x74) time=2006ms, lst=2006ms, positions=0
[00:40:01] [Netty Epoll IO #1/INFO]: Grim » ShentoSyney_VN failed BadPacketsR* (x74) time=2043ms, lst=2043ms, positions=0
[00:40:03] [Netty Epoll IO #1/INFO]: Grim » ShentoSyney_VN failed BadPacketsR* (x74) time=2048ms, lst=2039ms, positions=0
[00:40:05] [Netty Epoll IO #1/INFO]: Grim » ShentoSyney_VN failed BadPacketsR* (x75) time=2001ms, lst=2005ms, positions=0
[00:40:07] [Netty Epoll IO #1/INFO]: Grim » ShentoSyney_VN failed BadPacketsR* (x76) time=2048ms, lst=2043ms, positions=0
[00:40:09] [Netty Epoll IO #1/INFO]: Grim » ShentoSyney_VN failed BadPacketsR* (x77) time=2010ms, lst=2055ms, positions=0
[00:40:11] [Netty Epoll IO #1/INFO]: Grim » ShentoSyney_VN failed BadPacketsR* (x78) time=2091ms, lst=2053ms, positions=0
[00:40:13] [Netty Epoll IO #1/INFO]: Grim » ShentoSyney_VN failed BadPacketsR* (x79) time=2048ms, lst=2045ms, positions=0
[00:40:15] [Netty Epoll IO #1/INFO]: Grim » ShentoSyney_VN failed BadPacketsR* (x80) time=2003ms, lst=2005ms, positions=0
[00:40:17] [Netty Epoll IO #1/INFO]: Grim » ShentoSyney_VN failed BadPacketsR* (x81) time=2047ms, lst=2042ms, positions=0
[00:40:19] [Netty Epoll IO #1/INFO]: Grim » ShentoSyney_VN failed BadPacketsR* (x82) time=2006ms, lst=2007ms, positions=0
[00:40:21] [Netty Epoll IO #1/INFO]: Grim » ShentoSyney_VN failed BadPacketsR* (x83) time=2043ms, lst=2042ms, positions=0
[00:40:23] [Netty Epoll IO #1/INFO]: Grim » ShentoSyney_VN failed BadPacketsR* (x84) time=2006ms, lst=2038ms, positions=0
[00:40:25] [Netty Epoll IO #1/INFO]: Grim » ShentoSyney_VN failed BadPacketsR* (x85) time=2042ms, lst=2006ms, positions=0
[00:40:27] [Netty Epoll IO #1/INFO]: Grim » ShentoSyney_VN failed BadPacketsR* (x86) time=2008ms, lst=2009ms, positions=0
[00:40:29] [Netty Epoll IO #1/INFO]: Grim » ShentoSyney_VN failed BadPacketsR* (x87) time=2041ms, lst=2041ms, positions=0
[00:40:31] [Netty Epoll IO #1/INFO]: Grim » ShentoSyney_VN failed BadPacketsR* (x88) time=2004ms, lst=2039ms, positions=0
[00:40:33] [Netty Epoll IO #1/INFO]: Grim » ShentoSyney_VN failed BadPacketsR* (x89) time=2043ms, lst=2005ms, positions=0
[00:40:35] [Netty Epoll IO #1/INFO]: Grim » ShentoSyney_VN failed BadPacketsR* (x90) time=2006ms, lst=2047ms, positions=0
[00:40:37] [Netty Epoll IO #1/INFO]: Grim » ShentoSyney_VN failed BadPacketsR* (x91) time=2043ms, lst=2001ms, positions=0
[00:40:39] [Netty Epoll IO #1/INFO]: Grim » ShentoSyney_VN failed BadPacketsR* (x92) time=2006ms, lst=2047ms, positions=0
[00:40:42] [Netty Epoll IO #1/INFO]: Grim » ShentoSyney_VN failed BadPacketsR* (x93) time=2092ms, lst=2049ms, positions=0
[00:40:44] [Netty Epoll IO #1/INFO]: Grim » ShentoSyney_VN failed BadPacketsR* (x94) time=2049ms, lst=2050ms, positions=0
[00:40:46] [Netty Epoll IO #1/INFO]: Grim » ShentoSyney_VN failed BadPacketsR* (x95) time=2051ms, lst=2052ms, positions=0
[00:40:48] [Netty Epoll IO #1/INFO]: Grim » ShentoSyney_VN failed BadPacketsR* (x96) time=2054ms, lst=2050ms, positions=0
[00:40:50] [Netty Epoll IO #1/INFO]: Grim » ShentoSyney_VN failed BadPacketsR* (x97) time=2047ms, lst=2046ms, positions=0
[00:40:52] [Netty Epoll IO #1/INFO]: Grim » ShentoSyney_VN failed BadPacketsR* (x98) time=2005ms, lst=2035ms, positions=0
[00:40:54] [Netty Epoll IO #1/INFO]: Grim » ShentoSyney_VN failed BadPacketsR* (x99) time=2042ms, lst=2016ms, positions=0
[00:40:56] [Netty Epoll IO #1/INFO]: Grim » ShentoSyney_VN failed BadPacketsR* (x100) time=2009ms, lst=2045ms, positions=0
[00:40:58] [Netty Epoll IO #1/INFO]: Grim » ShentoSyney_VN failed BadPacketsR* (x101) time=2047ms, lst=2005ms, positions=0
[00:41:00] [Netty Epoll IO #1/INFO]: Grim » ShentoSyney_VN failed BadPacketsR* (x102) time=2045ms, lst=2045ms, positions=0
[00:41:02] [Netty Epoll IO #1/INFO]: Grim » ShentoSyney_VN failed BadPacketsR* (x103) time=2049ms, lst=2049ms, positions=0
[00:41:04] [Netty Epoll IO #1/INFO]: Grim » ShentoSyney_VN failed BadPacketsR* (x104) time=2048ms, lst=2047ms, positions=0
[00:41:06] [Netty Epoll IO #1/INFO]: Grim » ShentoSyney_VN failed BadPacketsR* (x105) time=2006ms, lst=2049ms, positions=0
[00:41:08] [Netty Epoll IO #1/INFO]: Grim » ShentoSyney_VN failed BadPacketsR* (x106) time=2092ms, lst=2043ms, positions=0
[00:41:10] [Netty Epoll IO #1/INFO]: Grim » ShentoSyney_VN failed BadPacketsR* (x107) time=2001ms, lst=2004ms, positions=0
[00:41:12] [Netty Epoll IO #1/INFO]: Grim » ShentoSyney_VN failed BadPacketsR* (x108) time=2004ms, lst=2005ms, positions=0
[00:41:14] [Netty Epoll IO #1/INFO]: Grim » ShentoSyney_VN failed BadPacketsR* (x109) time=2002ms, lst=2056ms, positions=0
[00:41:16] [Netty Epoll IO #1/INFO]: Grim » ShentoSyney_VN failed BadPacketsR* (x110) time=2093ms, lst=2041ms, positions=0
[00:41:18] [Netty Epoll IO #1/INFO]: Grim » ShentoSyney_VN failed BadPacketsR* (x111) time=2046ms, lst=2044ms, positions=0
[00:41:20] [Netty Epoll IO #1/INFO]: Grim » ShentoSyney_VN failed BadPacketsR* (x112) time=2050ms, lst=2082ms, positions=0
[00:41:22] [Netty Epoll IO #1/INFO]: Grim » ShentoSyney_VN failed BadPacketsR* (x113) time=2049ms, lst=2013ms, positions=0
[00:41:24] [Netty Epoll IO #1/INFO]: Grim » ShentoSyney_VN failed BadPacketsR* (x114) time=2001ms, lst=2006ms, positions=0
[00:41:26] [Netty Epoll IO #1/INFO]: Grim » ShentoSyney_VN failed BadPacketsR* (x115) time=2047ms, lst=2042ms, positions=0
[00:41:28] [Netty Epoll IO #1/INFO]: Grim » ShentoSyney_VN failed BadPacketsR* (x116) time=2051ms, lst=2054ms, positions=0
[00:41:30] [Netty Epoll IO #1/INFO]: Grim » ShentoSyney_VN failed BadPacketsR* (x117) time=2001ms, lst=2001ms, positions=0
[00:41:32] [Netty Epoll IO #1/INFO]: Grim » ShentoSyney_VN failed BadPacketsR* (x118) time=2048ms, lst=2043ms, positions=0
[00:41:35] [Netty Epoll IO #1/INFO]: Grim » ShentoSyney_VN failed BadPacketsR* (x119) time=2050ms, lst=2050ms, positions=0
[00:41:37] [Netty Epoll IO #1/INFO]: Grim » ShentoSyney_VN failed BadPacketsR* (x120) time=2049ms, lst=2048ms, positions=0
[00:41:39] [Netty Epoll IO #1/INFO]: Grim » ShentoSyney_VN failed BadPacketsR* (x120) time=2048ms, lst=2046ms, positions=0
[00:41:41] [Netty Epoll IO #1/INFO]: Grim » ShentoSyney_VN failed BadPacketsR* (x120) time=2001ms, lst=2040ms, positions=0
[00:41:43] [Netty Epoll IO #1/INFO]: Grim » ShentoSyney_VN failed BadPacketsR* (x120) time=2057ms, lst=2012ms, positions=0
[00:41:45] [Netty Epoll IO #1/INFO]: Grim » ShentoSyney_VN failed BadPacketsR* (x120) time=2006ms, lst=2046ms, positions=0
[00:41:47] [Netty Epoll IO #1/INFO]: Grim » ShentoSyney_VN failed BadPacketsR* (x120) time=2037ms, lst=2002ms, positions=0
[00:41:49] [Netty Epoll IO #1/INFO]: Grim » ShentoSyney_VN failed BadPacketsR* (x120) time=2009ms, lst=2037ms, positions=0
[00:41:54] [Netty Epoll IO #1/INFO]: Grim » ShentoSyney_VN failed SprintE* (x1) 
[00:42:09] [Server thread/INFO]: ShentoSyney_VN lost connection: Disconnected
[00:42:09] [Server thread/INFO]: [voicechat] Disconnecting client ShentoSyney_VN
[00:42:09] [Server thread/INFO]: ShentoSyney_VN left the game
[00:52:50] [RCON Listener #1/INFO]: Thread RCON Client /45.33.14.197 started
[00:52:58] [RCON Client /45.33.14.197 #562/INFO]: Thread RCON Client /45.33.14.197 shutting down
[00:52:58] [RCON Listener #1/INFO]: Thread RCON Client /45.33.14.197 started
[00:52:58] [RCON Client /45.33.14.197 #563/INFO]: Thread RCON Client /45.33.14.197 shutting down
[00:52:59] [RCON Listener #1/INFO]: Thread RCON Client /45.33.14.197 started
[00:52:59] [RCON Client /45.33.14.197 #564/INFO]: Thread RCON Client /45.33.14.197 shutting down
[00:53:00] [RCON Listener #1/INFO]: Thread RCON Client /45.33.14.197 started
[00:53:00] [RCON Client /45.33.14.197 #565/INFO]: Thread RCON Client /45.33.14.197 shutting down
[00:53:01] [RCON Listener #1/INFO]: Thread RCON Client /45.33.14.197 started
[00:53:01] [RCON Client /45.33.14.197 #566/INFO]: Thread RCON Client /45.33.14.197 shutting down
[00:53:01] [RCON Listener #1/INFO]: Thread RCON Client /45.33.14.197 started
[00:53:01] [RCON Client /45.33.14.197 #567/INFO]: Thread RCON Client /45.33.14.197 shutting down
[00:53:02] [RCON Listener #1/INFO]: Thread RCON Client /45.33.14.197 started
[00:53:02] [RCON Client /45.33.14.197 #568/INFO]: Thread RCON Client /45.33.14.197 shutting down
[00:53:03] [RCON Listener #1/INFO]: Thread RCON Client /45.33.14.197 started
[00:53:03] [RCON Client /45.33.14.197 #569/INFO]: Thread RCON Client /45.33.14.197 shutting down
[00:53:03] [RCON Listener #1/INFO]: Thread RCON Client /45.33.14.197 started
[00:53:03] [RCON Client /45.33.14.197 #570/INFO]: Thread RCON Client /45.33.14.197 shutting down
[00:53:04] [RCON Listener #1/INFO]: Thread RCON Client /45.33.14.197 started
[00:53:04] [RCON Client /45.33.14.197 #571/INFO]: Thread RCON Client /45.33.14.197 shutting down
[00:53:06] [RCON Listener #1/INFO]: Thread RCON Client /45.33.14.197 started
[00:53:06] [RCON Client /45.33.14.197 #572/INFO]: Thread RCON Client /45.33.14.197 shutting down
[00:53:08] [RCON Listener #1/INFO]: Thread RCON Client /45.33.14.197 started
[00:53:08] [RCON Client /45.33.14.197 #573/INFO]: Thread RCON Client /45.33.14.197 shutting down
[00:53:08] [RCON Listener #1/INFO]: Thread RCON Client /45.33.14.197 started
[00:53:08] [RCON Client /45.33.14.197 #574/INFO]: Thread RCON Client /45.33.14.197 shutting down
[00:53:11] [RCON Listener #1/INFO]: Thread RCON Client /45.33.14.197 started
[00:53:11] [RCON Client /45.33.14.197 #575/INFO]: Thread RCON Client /45.33.14.197 shutting down
[00:53:12] [RCON Listener #1/INFO]: Thread RCON Client /45.33.14.197 started
[00:53:12] [RCON Client /45.33.14.197 #576/INFO]: Thread RCON Client /45.33.14.197 shutting down
[00:53:13] [RCON Listener #1/INFO]: Thread RCON Client /45.33.14.197 started
[00:53:13] [RCON Client /45.33.14.197 #577/INFO]: Thread RCON Client /45.33.14.197 shutting down
[00:53:13] [RCON Listener #1/INFO]: Thread RCON Client /45.33.14.197 started
[00:53:13] [RCON Client /45.33.14.197 #578/INFO]: Thread RCON Client /45.33.14.197 shutting down
[00:53:15] [RCON Listener #1/INFO]: Thread RCON Client /45.33.14.197 started
[00:53:15] [RCON Client /45.33.14.197 #579/INFO]: Thread RCON Client /45.33.14.197 shutting down
[00:53:15] [RCON Listener #1/INFO]: Thread RCON Client /45.33.14.197 started
[00:53:15] [RCON Client /45.33.14.197 #580/INFO]: Thread RCON Client /45.33.14.197 shutting down
[01:09:44] [User Authenticator #717/INFO]: UUID of player KhangNon is ee5defd3-4cd7-3cee-b5c6-69baf82ee141
[01:09:51] [TAB Processing Thread/INFO]: [TAB] [WARN] Player KhangNon's group (khangrole) is not in sorting list! Sorting list: special,admin,media,youtube,tiktok,legend,master,mvp++,mvp+,mvp,vip+,vip,amethyst,diamond,gold,silver,bronze,noob,non,default. Player will be sorted on the bottom.
[01:09:51] [Server thread/INFO]: [DiscordSRV] Player KhangNon joined with silent joining permission, not sending a join message
[01:09:51] [Server thread/INFO]: KhangNon joined the game
[01:09:51] [Server thread/INFO]: KhangNon[/171.224.181.198:49748] logged in with entity id 8445427 at ([WORLD_the_end]-608.3330466858282, 64.0, 2920.4237296114934)
[01:09:51] [Craft Scheduler Thread - 14978 - AuthMe/INFO]: [AuthMe] The user KhangNon has 2 accounts:
[01:09:51] [Craft Scheduler Thread - 14978 - AuthMe/INFO]: [AuthMe] §7tuankiet, §aKhangNon§7.
[01:09:51] [Craft Scheduler Thread - 14978 - AuthMe/INFO]: [AuthMe] KhangNon logged in 171.224.181.198
[01:09:52] [Server thread/INFO]: [voicechat] Received secret request of KhangNon (20)
[01:09:52] [Server thread/INFO]: [voicechat] Sent secret to KhangNon
[01:09:52] [Folia Async Scheduler Thread #2/WARN]: [GravesX] Async task for GravesX v2026.4.9.1 generated an exception
java.lang.NullPointerException: Cannot invoke "String.split(String)" because "version2" is null
	at GravesX-2026.4.9.1.jar//com.ranull.graves.listener.PlayerJoinListener.compareVersions(PlayerJoinListener.java:140) ~[?:?]
	at GravesX-2026.4.9.1.jar//com.ranull.graves.listener.PlayerJoinListener.notifyPlayerIfOutdated(PlayerJoinListener.java:69) ~[?:?]
	at GravesX-2026.4.9.1.jar//com.ranull.graves.listener.PlayerJoinListener.lambda$onPlayerJoin$0(PlayerJoinListener.java:45) ~[?:?]
	at GravesX-2026.4.9.1.jar//com.ranull.graves.bundledlibraries.scheduler.FoliaScheduler.lambda$runTaskAsynchronously$4(FoliaScheduler.java:106) ~[?:?]
	at io.papermc.paper.threadedregions.scheduler.FoliaAsyncScheduler$AsyncScheduledTask.run(FoliaAsyncScheduler.java:216) ~[paper-1.21.11.jar:?]
	at java.base/java.util.concurrent.ThreadPoolExecutor.runWorker(ThreadPoolExecutor.java:1090) ~[?:?]
	at java.base/java.util.concurrent.ThreadPoolExecutor$Worker.run(ThreadPoolExecutor.java:614) ~[?:?]
	at java.base/java.lang.Thread.run(Thread.java:1474) ~[?:?]
[01:09:52] [VoiceChatPacketProcessingThread/INFO]: [voicechat] Successfully authenticated player ee5defd3-4cd7-3cee-b5c6-69baf82ee141
[01:09:53] [VoiceChatPacketProcessingThread/INFO]: [voicechat] Successfully validated connection of player ee5defd3-4cd7-3cee-b5c6-69baf82ee141
[01:09:53] [VoiceChatPacketProcessingThread/INFO]: [voicechat] Player KhangNon (ee5defd3-4cd7-3cee-b5c6-69baf82ee141) successfully connected to voice chat
[01:09:55] [RCON Listener #1/INFO]: Thread RCON Client /103.211.206.234 started
[01:09:55] [RCON Client /103.211.206.234 #581/INFO]: Thread RCON Client /103.211.206.234 shutting down
[01:09:55] [RCON Listener #1/INFO]: Thread RCON Client /103.211.206.234 started
[01:09:55] [RCON Client /103.211.206.234 #582/INFO]: Thread RCON Client /103.211.206.234 shutting down
[01:10:14] [Server thread/INFO]: [KhangNon: Set own game mode to Creative Mode]
[01:15:14] [Server thread/INFO]: KhangNon has made the advancement [Remote Getaway]
[01:16:29] [Server thread/INFO]: KhangNon has reached the goal [The End... Again...]
[01:17:08] [Server thread/INFO]: [KhangNon: Set own game mode to Survival Mode]
[01:17:38] [Server thread/INFO]: [KhangNon: Set own game mode to Creative Mode]
[01:19:19] [Server thread/INFO]: [KhangNon: Set own game mode to Survival Mode]
[01:19:22] [Server thread/INFO]: [KhangNon: Set own game mode to Creative Mode]
[01:19:25] [Server thread/INFO]: [KhangNon: Set own game mode to Survival Mode]
[01:21:44] [Server thread/INFO]: KhangNon has made the advancement [Free the End]
[01:22:49] [Server thread/INFO]: [KhangNon: Set own game mode to Creative Mode]
[01:22:53] [Server thread/INFO]: [KhangNon: Set own game mode to Survival Mode]
[01:24:25] [RCON Listener #1/INFO]: Thread RCON Client /172.235.41.110 started
[01:24:25] [RCON Client /172.235.41.110 #583/INFO]: Thread RCON Client /172.235.41.110 shutting down
[01:24:26] [RCON Listener #1/INFO]: Thread RCON Client /172.235.41.110 started
[01:24:26] [RCON Client /172.235.41.110 #584/INFO]: Thread RCON Client /172.235.41.110 shutting down
[01:25:03] [Server thread/INFO]: [KhangNon: Set own game mode to Creative Mode]
[01:25:06] [Server thread/INFO]: [KhangNon: Set own game mode to Survival Mode]
[01:25:07] [Server thread/INFO]: [KhangNon: Set own game mode to Creative Mode]
[01:25:20] [Server thread/INFO]: [KhangNon: Set own game mode to Survival Mode]
[01:27:00] [Server thread/INFO]: [KhangNon: Set own game mode to Creative Mode]
[01:27:08] [Server thread/INFO]: [KhangNon: Set own game mode to Survival Mode]
[01:28:44] [Server thread/INFO]: KhangNon issued server command: /KHO 1
[01:28:44] [Server thread/INFO]: KhangNon issued mycmd (kho) command /KHO 1
[01:28:44] [Server thread/INFO]: KhangNon issued server command: /axvault 1
[01:28:59] [Server thread/INFO]: KhangNon issued server command: /KHO 1
[01:28:59] [Server thread/INFO]: KhangNon issued mycmd (kho) command /KHO 1
[01:28:59] [Server thread/INFO]: KhangNon issued server command: /axvault 1
[01:29:03] [Server thread/INFO]: KhangNon issued server command: /KHO 1
[01:29:03] [Server thread/INFO]: KhangNon issued mycmd (kho) command /KHO 1
[01:29:03] [Server thread/INFO]: KhangNon issued server command: /axvault 1
[01:30:26] [Server thread/INFO]: KhangNon lost connection: Disconnected
[01:30:26] [Server thread/INFO]: [DiscordSRV] Player KhangNon quit with silent quitting permission, not sending a quit message
[01:30:26] [Server thread/INFO]: [voicechat] Disconnecting client KhangNon
[01:30:26] [Server thread/INFO]: KhangNon left the game
[01:42:36] [RCON Listener #1/INFO]: Thread RCON Client /85.217.149.2 started
[01:42:36] [RCON Client /85.217.149.2 #585/INFO]: Thread RCON Client /85.217.149.2 shutting down
[01:44:29] [RCON Listener #1/INFO]: Thread RCON Client /45.79.8.221 started
[01:44:43] [RCON Client /45.79.8.221 #586/INFO]: Thread RCON Client /45.79.8.221 shutting down
[01:44:50] [RCON Listener #1/INFO]: Thread RCON Client /45.79.8.221 started
[01:44:50] [RCON Client /45.79.8.221 #587/INFO]: Thread RCON Client /45.79.8.221 shutting down
[01:44:54] [RCON Listener #1/INFO]: Thread RCON Client /45.79.8.221 started
[01:44:54] [RCON Client /45.79.8.221 #588/INFO]: Thread RCON Client /45.79.8.221 shutting down
[01:45:08] [RCON Listener #1/INFO]: Thread RCON Client /45.79.8.221 started
[01:45:08] [RCON Client /45.79.8.221 #589/INFO]: Thread RCON Client /45.79.8.221 shutting down
[01:45:10] [RCON Listener #1/INFO]: Thread RCON Client /45.79.8.221 started
[01:45:10] [RCON Client /45.79.8.221 #590/INFO]: Thread RCON Client /45.79.8.221 shutting down
[01:45:17] [RCON Listener #1/INFO]: Thread RCON Client /45.79.8.221 started
[01:45:17] [RCON Client /45.79.8.221 #591/INFO]: Thread RCON Client /45.79.8.221 shutting down
[01:45:18] [RCON Listener #1/INFO]: Thread RCON Client /45.79.8.221 started
[01:45:18] [RCON Client /45.79.8.221 #592/INFO]: Thread RCON Client /45.79.8.221 shutting down
[01:45:30] [RCON Listener #1/INFO]: Thread RCON Client /45.79.8.221 started
[01:45:30] [RCON Client /45.79.8.221 #593/INFO]: Thread RCON Client /45.79.8.221 shutting down
[01:45:45] [RCON Listener #1/INFO]: Thread RCON Client /45.79.8.221 started
[01:45:45] [RCON Client /45.79.8.221 #594/INFO]: Thread RCON Client /45.79.8.221 shutting down
[01:45:53] [RCON Listener #1/INFO]: Thread RCON Client /45.79.8.221 started
[01:45:53] [RCON Client /45.79.8.221 #595/INFO]: Thread RCON Client /45.79.8.221 shutting down
[02:13:15] [Craft Scheduler Thread - 14958 - Vault/INFO]: [Vault] Checking for Updates ... 
[02:13:15] [Craft Scheduler Thread - 14958 - Vault/INFO]: [Vault] No new version available
[02:13:15] [Craft Scheduler Thread - 14983 - Autorank/INFO]: [Autorank] Removed 0 old storage entries from database!
[02:13:15] [Craft Scheduler Thread - 14987 - ClearLag/INFO]: ========================================
[02:13:15] [Craft Scheduler Thread - 14987 - ClearLag/INFO]: ClearLag is outdated!
[02:13:15] [Craft Scheduler Thread - 14987 - ClearLag/INFO]: Your version: 1.12.5
[02:13:15] [Craft Scheduler Thread - 14987 - ClearLag/INFO]: Newest version: 1.13.0
[02:13:15] [Craft Scheduler Thread - 14987 - ClearLag/INFO]: Download the new version here: https://modrinth.com/plugin/7bhTp28M
[02:13:15] [Craft Scheduler Thread - 14987 - ClearLag/INFO]: ========================================
[02:49:25] [RCON Listener #1/INFO]: Thread RCON Client /45.33.109.8 started
[02:49:32] [RCON Client /45.33.109.8 #596/INFO]: Thread RCON Client /45.33.109.8 shutting down
[02:49:33] [RCON Listener #1/INFO]: Thread RCON Client /45.33.109.8 started
[02:49:33] [RCON Client /45.33.109.8 #597/INFO]: Thread RCON Client /45.33.109.8 shutting down
[02:49:34] [RCON Listener #1/INFO]: Thread RCON Client /45.33.109.8 started
[02:49:34] [RCON Client /45.33.109.8 #598/INFO]: Thread RCON Client /45.33.109.8 shutting down
[02:49:35] [RCON Listener #1/INFO]: Thread RCON Client /45.33.109.8 started
[02:49:35] [RCON Client /45.33.109.8 #599/INFO]: Thread RCON Client /45.33.109.8 shutting down
[02:49:35] [RCON Listener #1/INFO]: Thread RCON Client /45.33.109.8 started
[02:49:35] [RCON Client /45.33.109.8 #600/INFO]: Thread RCON Client /45.33.109.8 shutting down
[02:49:36] [RCON Listener #1/INFO]: Thread RCON Client /45.33.109.8 started
[02:49:36] [RCON Client /45.33.109.8 #601/INFO]: Thread RCON Client /45.33.109.8 shutting down
[02:49:36] [RCON Listener #1/INFO]: Thread RCON Client /45.33.109.8 started
[02:49:36] [RCON Client /45.33.109.8 #602/INFO]: Thread RCON Client /45.33.109.8 shutting down
[02:49:37] [RCON Listener #1/INFO]: Thread RCON Client /45.33.109.8 started
[02:49:37] [RCON Client /45.33.109.8 #603/INFO]: Thread RCON Client /45.33.109.8 shutting down
[02:49:38] [RCON Listener #1/INFO]: Thread RCON Client /45.33.109.8 started
[02:49:38] [RCON Client /45.33.109.8 #604/INFO]: Thread RCON Client /45.33.109.8 shutting down
[02:49:38] [RCON Listener #1/INFO]: Thread RCON Client /45.33.109.8 started
[02:49:38] [RCON Client /45.33.109.8 #605/INFO]: Thread RCON Client /45.33.109.8 shutting down
[02:49:39] [RCON Listener #1/INFO]: Thread RCON Client /45.33.109.8 started
[02:49:39] [RCON Client /45.33.109.8 #606/INFO]: Thread RCON Client /45.33.109.8 shutting down
[02:49:40] [RCON Listener #1/INFO]: Thread RCON Client /45.33.109.8 started
[02:49:40] [RCON Client /45.33.109.8 #607/INFO]: Thread RCON Client /45.33.109.8 shutting down
[02:49:40] [RCON Listener #1/INFO]: Thread RCON Client /45.33.109.8 started
[02:49:40] [RCON Client /45.33.109.8 #608/INFO]: Thread RCON Client /45.33.109.8 shutting down
[02:49:42] [RCON Listener #1/INFO]: Thread RCON Client /45.33.109.8 started
[02:49:42] [RCON Client /45.33.109.8 #609/INFO]: Thread RCON Client /45.33.109.8 shutting down
[02:49:43] [RCON Listener #1/INFO]: Thread RCON Client /45.33.109.8 started
[02:49:43] [RCON Client /45.33.109.8 #610/INFO]: Thread RCON Client /45.33.109.8 shutting down
[02:49:44] [RCON Listener #1/INFO]: Thread RCON Client /45.33.109.8 started
[02:49:44] [RCON Client /45.33.109.8 #611/INFO]: Thread RCON Client /45.33.109.8 shutting down
[02:49:45] [RCON Listener #1/INFO]: Thread RCON Client /45.33.109.8 started
[02:49:45] [RCON Client /45.33.109.8 #612/INFO]: Thread RCON Client /45.33.109.8 shutting down
[02:49:46] [RCON Listener #1/INFO]: Thread RCON Client /45.33.109.8 started
[02:49:46] [RCON Client /45.33.109.8 #613/INFO]: Thread RCON Client /45.33.109.8 shutting down
[02:49:47] [RCON Listener #1/INFO]: Thread RCON Client /45.33.109.8 started
[02:49:47] [RCON Client /45.33.109.8 #614/INFO]: Thread RCON Client /45.33.109.8 shutting down
[02:49:49] [RCON Listener #1/INFO]: Thread RCON Client /45.33.109.8 started
[02:49:49] [RCON Client /45.33.109.8 #615/INFO]: Thread RCON Client /45.33.109.8 shutting down
[02:49:50] [RCON Listener #1/INFO]: Thread RCON Client /45.33.109.8 started
[02:49:50] [RCON Client /45.33.109.8 #616/INFO]: Thread RCON Client /45.33.109.8 shutting down
[08:13:15] [Craft Scheduler Thread - 15035 - Vault/INFO]: [Vault] Checking for Updates ... 
[08:13:15] [Craft Scheduler Thread - 15035 - Vault/INFO]: [Vault] No new version available
[09:49:00] [JDA MainWS-ReadThread/INFO]: [DiscordSRV] Chat: [Discord | Member] Mơ ko mỡ > nice thk e phá base a m ln hay đấy tuấn kiệt =)
[10:03:15] [User Authenticator #718/INFO]: UUID of player MinhAnh_112 is f1f02152-4871-3be9-8dee-ee7d1ad0de65
[10:04:06] [Server thread/INFO]: MinhAnh_112 joined the game
[10:04:06] [Server thread/INFO]: MinhAnh_112[/115.76.176.167:53841] logged in with entity id 8450370 at ([WORLD]7696.00403391119, 56.0, 16569.990496061277)
[10:04:06] [Craft Scheduler Thread - 15048 - AuthMe/INFO]: [AuthMe] MinhAnh_112 logged in 115.76.176.167
[10:04:09] [Server thread/INFO]: [voicechat] Received secret request of MinhAnh_112 (20)
[10:04:09] [Server thread/INFO]: [voicechat] Sent secret to MinhAnh_112
[10:04:14] [Netty Epoll IO #2/INFO]: Grim » MinhAnh_112 failed BadPacketsR* (x1) time=4696ms, lst=2003ms, positions=0
[10:04:14] [VoiceChatPacketProcessingThread/INFO]: [voicechat] Successfully authenticated player f1f02152-4871-3be9-8dee-ee7d1ad0de65
[10:04:15] [VoiceChatPacketProcessingThread/INFO]: [voicechat] Successfully validated connection of player f1f02152-4871-3be9-8dee-ee7d1ad0de65
[10:04:15] [VoiceChatPacketProcessingThread/INFO]: [voicechat] Player MinhAnh_112 (f1f02152-4871-3be9-8dee-ee7d1ad0de65) successfully connected to voice chat
[10:04:20] [Netty Epoll IO #2/INFO]: Grim » MinhAnh_112 failed BadPacketsR* (x2) time=2002ms, lst=6205ms, positions=0
[10:04:24] [Netty Epoll IO #2/INFO]: Grim » MinhAnh_112 failed BadPacketsR* (x3) time=5802ms, lst=4523ms, positions=0
[10:05:01] [Netty Epoll IO #2/INFO]: Grim » MinhAnh_112 failed Timer (x1) 
[10:05:01] [Netty Epoll IO #2/INFO]: Grim » MinhAnh_112 failed Timer (x2) 
[10:05:02] [Netty Epoll IO #2/INFO]: Grim » MinhAnh_112 failed Timer (x3) 
[10:05:02] [Netty Epoll IO #2/INFO]: Grim » MinhAnh_112 failed Timer (x4) 
[10:05:02] [Netty Epoll IO #2/INFO]: Grim » MinhAnh_112 failed Simulation (x1) .069431 /gl 103
[10:06:25] [Async Chat Thread - #1494/INFO]: [Not Secure]  MinhAnh_112  : lo guy
[10:06:42] [Server thread/INFO]: MinhAnh_112 issued server command: /home farm
[10:06:47] [Server thread/INFO]: MinhAnh_112 issued server command: /home me
[10:06:47] [Netty Epoll IO #2/INFO]: Grim » MinhAnh_112 failed GroundSpoof (x1) claimed true
[10:06:47] [Netty Epoll IO #2/INFO]: Grim » MinhAnh_112 failed Simulation (x2) .015824 /gl 104
[10:06:48] [Netty Epoll IO #2/INFO]: Grim » MinhAnh_112 failed NoFall (x1) 
[10:06:48] [Netty Epoll IO #2/INFO]: Grim » MinhAnh_112 failed NoFall (x2) 
[10:06:48] [Netty Epoll IO #2/INFO]: Grim » MinhAnh_112 failed Simulation (x3) .078400 /gl 105
[10:07:34] [Server thread/INFO]: MinhAnh_112 issued server command: /rpt
[10:07:36] [Server thread/INFO]: MinhAnh_112 issued server command: /rtp
[10:07:37] [Server thread/INFO]: MinhAnh_112 issued server command: /betterrtp world WORLD
[10:07:37] [Server thread/INFO]: [BetterRTP] MinhAnh_112 executed: /betterrtp world WORLD
[10:07:39] [Server thread/INFO]: MinhAnh_112 issued server command: /shop
[10:07:44] [Server thread/INFO]: MinhAnh_112 issued server command: /shop
[10:07:44] [Netty Epoll IO #2/INFO]: Grim » MinhAnh_112 failed BadPacketsR* (x4) time=2099ms, lst=2110ms, positions=0
[10:07:46] [Netty Epoll IO #2/INFO]: Grim » MinhAnh_112 failed BadPacketsR* (x5) time=2099ms, lst=2087ms, positions=0
[10:07:48] [Server thread/INFO]: Cửa hàng >> MinhAnh_112 bought 2 x Totem Of Undying(PVP.page1.items.1) vì $800.00 với trang mua.
[10:08:18] [Netty Epoll IO #2/INFO]: Grim » MinhAnh_112 failed Simulation (x4) 1.225239 /gl 106
[10:08:47] [Netty Epoll IO #2/INFO]: Grim » MinhAnh_112 failed NegativeTimer* (x1) -2371ms
[10:08:47] [Netty Epoll IO #2/INFO]: Grim » MinhAnh_112 failed NegativeTimer* (x2) -2274ms
[10:08:47] [Netty Epoll IO #2/INFO]: Grim » MinhAnh_112 failed NegativeTimer* (x3) -2175ms
[10:08:47] [Netty Epoll IO #2/INFO]: Grim » MinhAnh_112 failed NegativeTimer* (x4) -2077ms
[10:08:47] [Netty Epoll IO #2/INFO]: Grim » MinhAnh_112 failed NegativeTimer* (x5) -1980ms
[10:08:47] [Netty Epoll IO #2/INFO]: Grim » MinhAnh_112 failed Timer (x5) 
[10:08:47] [Netty Epoll IO #2/INFO]: Grim » MinhAnh_112 failed Timer (x6) 
[10:08:47] [Netty Epoll IO #2/INFO]: Grim » MinhAnh_112 failed NegativeTimer* (x6) -1907ms
[10:08:47] [Netty Epoll IO #2/INFO]: Grim » MinhAnh_112 failed Simulation (x5) .012204 /gl 107
[10:08:47] [Netty Epoll IO #2/INFO]: Grim » MinhAnh_112 failed NegativeTimer* (x7) -1853ms
[10:08:47] [Netty Epoll IO #2/INFO]: Grim » MinhAnh_112 failed NegativeTimer* (x8) -1836ms
[10:09:15] [Netty Epoll IO #2/INFO]: Grim » MinhAnh_112 failed Simulation (x6) .935578 /gl 108
[10:09:15] [Netty Epoll IO #2/INFO]: Grim » MinhAnh_112 failed Simulation (x7) .016293 /gl 109
[10:09:16] [Netty Epoll IO #2/INFO]: Grim » MinhAnh_112 failed Simulation (x8) .788386 /gl 110
[10:09:46] [Netty Epoll IO #2/INFO]: Grim » MinhAnh_112 failed Timer (x7) 
[10:09:46] [Netty Epoll IO #2/INFO]: Grim » MinhAnh_112 failed Timer (x8) 
[10:09:46] [Netty Epoll IO #2/INFO]: Grim » MinhAnh_112 failed Simulation (x9) 1.091251 /gl 111
[10:09:57] [Server thread/INFO]: MinhAnh_112 issued server command: /rtp
[10:09:58] [Server thread/INFO]: MinhAnh_112 issued server command: /betterrtp world WORLD
[10:09:58] [Server thread/INFO]: [BetterRTP] MinhAnh_112 executed: /betterrtp world WORLD
[10:10:15] [Server thread/INFO]: MinhAnh_112 issued server command: /rtp
[10:10:16] [Server thread/INFO]: MinhAnh_112 issued server command: /betterrtp world WORLD
[10:10:16] [Server thread/INFO]: [BetterRTP] MinhAnh_112 executed: /betterrtp world WORLD
[10:10:26] [Server thread/INFO]: MinhAnh_112 issued server command: /rtp
[10:10:27] [Server thread/INFO]: MinhAnh_112 issued server command: /betterrtp world WORLD
[10:10:27] [Server thread/INFO]: [BetterRTP] MinhAnh_112 executed: /betterrtp world WORLD
[10:10:34] [Server thread/WARN]: [BetterStructures] No start modules exist, you need to install or make modules first!
[10:11:23] [Server thread/INFO]: MinhAnh_112 issued server command: /rtp
[10:11:25] [Server thread/INFO]: MinhAnh_112 issued server command: /betterrtp world WORLD
[10:11:25] [Server thread/INFO]: [BetterRTP] MinhAnh_112 executed: /betterrtp world WORLD
[10:11:47] [Netty Epoll IO #2/INFO]: Grim » MinhAnh_112 failed Timer (x5) 
[10:11:47] [Netty Epoll IO #2/INFO]: Grim » MinhAnh_112 failed Timer (x6) 
[10:11:47] [Netty Epoll IO #2/INFO]: Grim » MinhAnh_112 failed Timer (x7) 
[10:11:47] [Netty Epoll IO #2/INFO]: Grim » MinhAnh_112 failed Timer (x8) 
[10:11:47] [Netty Epoll IO #2/INFO]: Grim » MinhAnh_112 failed Timer (x9) 
[10:11:47] [Netty Epoll IO #2/INFO]: Grim » MinhAnh_112 failed Timer (x10) 
[10:11:47] [Netty Epoll IO #2/INFO]: Grim » MinhAnh_112 failed TimerLimit (x1) 
[10:11:52] [Server thread/INFO]: MinhAnh_112 issued server command: /kgo 4
[10:11:54] [Server thread/INFO]: MinhAnh_112 issued server command: /kho 5
[10:11:54] [Server thread/INFO]: MinhAnh_112 issued mycmd (kho) command /kho 5
[10:11:54] [Server thread/INFO]: MinhAnh_112 issued server command: /axvault 5
[10:11:56] [Server thread/INFO]: MinhAnh_112 issued server command: /kho 4
[10:11:56] [Server thread/INFO]: MinhAnh_112 issued mycmd (kho) command /kho 4
[10:11:56] [Server thread/INFO]: MinhAnh_112 issued server command: /axvault 4
[10:11:57] [Server thread/INFO]: MinhAnh_112 issued server command: /kho 2
[10:11:57] [Server thread/INFO]: MinhAnh_112 issued mycmd (kho) command /kho 2
[10:11:57] [Server thread/INFO]: MinhAnh_112 issued server command: /axvault 2
[10:11:59] [Server thread/INFO]: MinhAnh_112 issued server command: /kho 3
[10:11:59] [Server thread/INFO]: MinhAnh_112 issued mycmd (kho) command /kho 3
[10:11:59] [Server thread/INFO]: MinhAnh_112 issued server command: /axvault 3
[10:12:04] [Server thread/INFO]: MinhAnh_112 issued server command: /kho 9
[10:12:04] [Server thread/INFO]: MinhAnh_112 issued mycmd (kho) command /kho 9
[10:12:04] [Server thread/INFO]: MinhAnh_112 issued server command: /axvault 9
[10:12:05] [Server thread/WARN]: [BetterStructures] No start modules exist, you need to install or make modules first!
[10:12:07] [Server thread/INFO]: MinhAnh_112 issued server command: /kho 8
[10:12:07] [Server thread/INFO]: MinhAnh_112 issued mycmd (kho) command /kho 8
[10:12:07] [Server thread/INFO]: MinhAnh_112 issued server command: /axvault 8
[10:12:10] [Server thread/INFO]: MinhAnh_112 issued server command: /kho 7
[10:12:10] [Server thread/INFO]: MinhAnh_112 issued mycmd (kho) command /kho 7
[10:12:10] [Server thread/INFO]: MinhAnh_112 issued server command: /axvault 7
[10:13:02] [Netty Epoll IO #2/INFO]: Grim » MinhAnh_112 failed Simulation (x7) 2.257590 /gl 112
[10:13:06] [Netty Epoll IO #2/INFO]: Grim » MinhAnh_112 failed Simulation (x8) 2.105138 /gl 113
[10:13:09] [Netty Epoll IO #2/INFO]: Grim » MinhAnh_112 failed Simulation (x9) 2.321779 /gl 114
[10:14:04] [Server thread/INFO]: MinhAnh_112 issued server command: /kho 1
[10:14:04] [Server thread/INFO]: MinhAnh_112 issued mycmd (kho) command /kho 1
[10:14:04] [Server thread/INFO]: MinhAnh_112 issued server command: /axvault 1
[10:19:44] [Netty Epoll IO #2/INFO]: Grim » MinhAnh_112 failed ElytraI* (x1) 
[10:27:41] [Server thread/INFO]: MinhAnh_112 issued server command: /kho 1
[10:27:41] [Server thread/INFO]: MinhAnh_112 issued mycmd (kho) command /kho 1
[10:27:41] [Server thread/INFO]: MinhAnh_112 issued server command: /axvault 1
[10:27:53] [Server thread/INFO]: MinhAnh_112 issued server command: /shop
[10:27:57] [Server thread/INFO]: Cửa hàng >> MinhAnh_112 bought 64 x Obsidian(PVP.page1.items.4) vì $3,200.00 với buy stacks screen.
[10:28:00] [Server thread/INFO]: Cửa hàng >> MinhAnh_112 bought 64 x End Crystal(PVP.page1.items.5) vì $6,400.00 với buy stacks screen.
[10:28:00] [Server thread/INFO]: Cửa hàng >> MinhAnh_112 bought 64 x End Crystal(PVP.page1.items.5) vì $6,400.00 với buy stacks screen.
[10:28:22] [Server thread/INFO]: Villager Villager['Villager'/8464478, uuid='aa8aea08-50ac-405a-9fc9-5ae158ebcdef', l='ServerLevel[WORLD]', x=-8954.93, y=71.00, z=17074.07, cpos=[-560, 1067], tl=18116, v=true] died, message: 'Villager was blown up by MinhAnh_112'
[10:29:26] [Server thread/INFO]: Villager Villager['Farmer'/8464484, uuid='b3885e9c-b2d3-493b-a3bd-06849c4f96e4', l='ServerLevel[WORLD]', x=-8976.20, y=70.00, z=17070.49, cpos=[-562, 1066], tl=19395, v=true] died, message: 'Farmer was blown up by MinhAnh_112'
[10:29:33] [Server thread/INFO]: Villager Villager['Farmer'/8464582, uuid='168bdba9-9727-4297-b442-36fa69003152', l='ServerLevel[WORLD]', x=-8976.52, y=70.94, z=17075.92, cpos=[-562, 1067], tl=19544, v=true] died, message: 'Farmer was blown up by MinhAnh_112'
[10:33:14] [Server thread/INFO]: MinhAnh_112 issued server command: /shop\
[10:33:15] [Server thread/INFO]: MinhAnh_112 issued server command: /shop
[10:33:18] [Server thread/INFO]: Cửa hàng >> MinhAnh_112 bought 64 x Obsidian(PVP.page1.items.4) vì $3,200.00 với buy stacks screen.
[10:35:20] [Server thread/INFO]: Villager Villager['Farmer'/8464481, uuid='08e86650-3fd5-4c32-9009-2ee5c4d82a00', l='ServerLevel[WORLD]', x=-8975.38, y=72.00, z=17086.46, cpos=[-561, 1067], tl=26470, v=true] died, message: 'Farmer was slain by Zombie'
[10:35:40] [Server thread/INFO]: Villager Villager['Villager'/8464441, uuid='5dfbad10-835a-4430-9498-fb372f45ddf8', l='ServerLevel[WORLD]', x=-8985.50, y=54.00, z=17061.14, cpos=[-562, 1066], tl=26878, v=true] died, message: 'Villager was slain by Zombie'
[10:42:04] [Netty Epoll IO #2/INFO]: Grim » MinhAnh_112 failed SprintE* (x1) 
[10:46:08] [Server thread/INFO]: MinhAnh_112 issued server command: /delhome dan
[10:46:13] [Server thread/INFO]: MinhAnh_112 issued server command: /sethome dan
[10:46:26] [Server thread/INFO]: MinhAnh_112 issued server command: /back
[10:46:34] [Server thread/INFO]: MinhAnh_112 issued server command: /rtp
[10:46:35] [Server thread/WARN]: [BetterStructures] No start modules exist, you need to install or make modules first!
[10:46:37] [Netty Epoll IO #2/INFO]: Grim » MinhAnh_112 failed SprintE* (x2) 
[10:47:03] [Server thread/INFO]: MinhAnh_112 issued server command: /home dan\
[10:47:05] [Server thread/INFO]: MinhAnh_112 issued server command: /home dan
[10:51:20] [Server thread/INFO]: Villager Villager['Villager'/8479076, uuid='752c9992-5e7b-4cfb-8f31-c0824e0889e8', l='ServerLevel[WORLD]', x=-9001.20, y=71.00, z=17035.33, cpos=[-563, 1064], tl=5069, v=true] died, message: 'Villager was slain by Zombie'
[10:51:31] [Server thread/INFO]: Villager Villager['Villager'/8479075, uuid='d722d46e-1b10-48d3-a952-57ac14b28916', l='ServerLevel[WORLD]', x=-9001.22, y=71.00, z=17034.35, cpos=[-563, 1064], tl=5289, v=true] died, message: 'Villager was slain by Zombie'
[10:52:17] [Server thread/INFO]: MinhAnh_112 issued server command: /home me
[10:52:20] [Netty Epoll IO #2/INFO]: Grim » MinhAnh_112 failed BadPacketsR* (x1) time=2604ms, lst=2017ms, positions=0
[10:53:12] [Server thread/INFO]: MinhAnh_112 issued server command: /home dan
[10:53:42] [Server thread/INFO]: MinhAnh_112 issued server command: /shop
[10:53:46] [Server thread/INFO]: Cửa hàng >> MinhAnh_112 bought 3 x Totem Of Undying(PVP.page1.items.1) vì $1,200.00 với trang mua.
[10:55:03] [Server thread/INFO]: MinhAnh_112 issued server command: /hom me
[10:55:05] [Server thread/INFO]: MinhAnh_112 issued server command: /home me
[10:55:56] [Server thread/INFO]: MinhAnh_112 issued server command: /home dan
[10:57:26] [Server thread/INFO]: MinhAnh_112 issued server command: /home me\
[10:57:28] [Server thread/INFO]: MinhAnh_112 issued server command: /home me
[10:59:25] [Server thread/INFO]: MinhAnh_112 issued server command: /home dan
[11:02:00] [Netty Epoll IO #2/INFO]: Grim » MinhAnh_112 failed AirLiquidPlace (x1) 
[11:03:54] [Netty Epoll IO #2/INFO]: Grim » MinhAnh_112 failed RotationBreak* (x1) post-flying, action=START_DIGGING
[11:03:55] [Netty Epoll IO #2/INFO]: Grim » MinhAnh_112 failed RotationBreak* (x2) pre-flying, action=START_DIGGING
[11:04:31] [Server thread/INFO]: MinhAnh_112 issued server command: /shop
[11:04:40] [Server thread/INFO]: Cửa hàng >> MinhAnh_112 bought 8 x Oak Log(Go.page1.items.1) vì $400.00 với trang mua.
[11:04:46] [Server thread/INFO]: Cửa hàng >> MinhAnh_112 bought 64 x Coal(Ore.page1.items.2) vì $1,280.00 với buy stacks screen.
[11:13:10] [Server thread/INFO]: MinhAnh_112 issued server command: /home me
[11:14:14] [Netty Epoll IO #2/INFO]: Grim » MinhAnh_112 failed Timer (x1) 
[11:14:15] [Netty Epoll IO #2/INFO]: Grim » MinhAnh_112 failed Timer (x2) 
[11:14:15] [Netty Epoll IO #2/INFO]: Grim » MinhAnh_112 failed Timer (x3) 
[11:18:19] [Server thread/INFO]: MinhAnh_112 issued server command: /home farm
[11:18:21] [Server thread/INFO]: MinhAnh_112 issued server command: /home dan
[11:19:43] [Server thread/INFO]: MinhAnh_112 issued server command: /fill -8990 71 17058
[11:19:44] [Netty Epoll IO #2/INFO]: Grim » MinhAnh_112 failed Timer (x1) 
[11:19:44] [Netty Epoll IO #2/INFO]: Grim » MinhAnh_112 failed TimerLimit (x1) 
[11:19:44] [Netty Epoll IO #2/INFO]: Grim » MinhAnh_112 failed Timer (x2) 
[11:19:44] [Netty Epoll IO #2/INFO]: Grim » MinhAnh_112 failed Timer (x3) 
[11:19:44] [Netty Epoll IO #2/INFO]: Grim » MinhAnh_112 failed GroundSpoof (x1) claimed true
[11:19:44] [Netty Epoll IO #2/INFO]: Grim » MinhAnh_112 failed Simulation (x1) .201745 /gl 115
[11:20:54] [Server thread/INFO]: MinhAnh_112 issued server command: /home me
[11:21:04] [Netty Epoll IO #2/INFO]: Grim » MinhAnh_112 failed TimerLimit (x2) 
[11:21:04] [Netty Epoll IO #2/INFO]: Grim » MinhAnh_112 failed TimerLimit (x3) 
[11:21:04] [Netty Epoll IO #2/INFO]: Grim » MinhAnh_112 failed TimerLimit (x4) 
[11:21:04] [Netty Epoll IO #2/INFO]: Grim » MinhAnh_112 failed TimerLimit (x5) 
[11:21:04] [Netty Epoll IO #2/INFO]: Grim » MinhAnh_112 failed TimerLimit (x6) 
[11:21:04] [Netty Epoll IO #2/INFO]: Grim » MinhAnh_112 failed TimerLimit (x7) 
[11:21:04] [Netty Epoll IO #2/INFO]: Grim » MinhAnh_112 failed TimerLimit (x8) 
[11:21:04] [Netty Epoll IO #2/INFO]: Grim » MinhAnh_112 failed TimerLimit (x9) 
[11:21:04] [Netty Epoll IO #2/INFO]: Grim » MinhAnh_112 failed TimerLimit (x10) 
[11:21:04] [Netty Epoll IO #2/INFO]: Grim » MinhAnh_112 failed TimerLimit (x11) 
[11:21:04] [Netty Epoll IO #2/INFO]: Grim » MinhAnh_112 failed TimerLimit (x11) 
[11:21:04] [Netty Epoll IO #2/INFO]: Grim » MinhAnh_112 failed TimerLimit (x12) 
[11:21:04] [Netty Epoll IO #2/INFO]: Grim » MinhAnh_112 failed TimerLimit (x12) 
[11:21:04] [Netty Epoll IO #2/INFO]: Grim » MinhAnh_112 failed TimerLimit (x12) 
[11:21:04] [Netty Epoll IO #2/INFO]: Grim » MinhAnh_112 failed TimerLimit (x13) 
[11:21:04] [Netty Epoll IO #2/INFO]: Grim » MinhAnh_112 failed TimerLimit (x13) 
[11:21:04] [Netty Epoll IO #2/INFO]: Grim » MinhAnh_112 failed TimerLimit (x14) 
[11:21:04] [Netty Epoll IO #2/INFO]: Grim » MinhAnh_112 failed TimerLimit (x14) 
[11:21:04] [Netty Epoll IO #2/INFO]: Grim » MinhAnh_112 failed TimerLimit (x14) 
[11:21:04] [Netty Epoll IO #2/INFO]: Grim » MinhAnh_112 failed TimerLimit (x15) 
[11:21:04] [Netty Epoll IO #2/INFO]: Grim » MinhAnh_112 failed TimerLimit (x15) 
[11:21:04] [Netty Epoll IO #2/INFO]: Grim » MinhAnh_112 failed TimerLimit (x15) 
[11:21:04] [Netty Epoll IO #2/INFO]: Grim » MinhAnh_112 failed TimerLimit (x16) 
[11:21:04] [Netty Epoll IO #2/INFO]: Grim » MinhAnh_112 failed TimerLimit (x16) 
[11:21:04] [Netty Epoll IO #2/INFO]: Grim » MinhAnh_112 failed TimerLimit (x17) 
[11:21:04] [Netty Epoll IO #2/INFO]: Grim » MinhAnh_112 failed TimerLimit (x17) 
[11:21:04] [Netty Epoll IO #2/INFO]: Grim » MinhAnh_112 failed TimerLimit (x18) 
[11:21:04] [Netty Epoll IO #2/INFO]: Grim » MinhAnh_112 failed TimerLimit (x18) 
[11:21:04] [Netty Epoll IO #2/INFO]: Grim » MinhAnh_112 failed TimerLimit (x18) 
[11:21:04] [Netty Epoll IO #2/INFO]: Grim » MinhAnh_112 failed TimerLimit (x19) 
[11:21:04] [Netty Epoll IO #2/INFO]: Grim » MinhAnh_112 failed TimerLimit (x19) 
[11:21:04] [Netty Epoll IO #2/INFO]: Grim » MinhAnh_112 failed TimerLimit (x19) 
[11:21:04] [Netty Epoll IO #2/INFO]: Grim » MinhAnh_112 failed TimerLimit (x20) 
[11:21:04] [Netty Epoll IO #2/INFO]: Grim » MinhAnh_112 failed TimerLimit (x20) 
[11:21:04] [Netty Epoll IO #2/INFO]: Grim » MinhAnh_112 failed TimerLimit (x21) 
[11:21:04] [Netty Epoll IO #2/INFO]: Grim » MinhAnh_112 failed TimerLimit (x21) 
[11:21:04] [Netty Epoll IO #2/INFO]: Grim » MinhAnh_112 failed TimerLimit (x21) 
[11:21:04] [Netty Epoll IO #2/INFO]: Grim » MinhAnh_112 failed TimerLimit (x22) 
[11:21:04] [Netty Epoll IO #2/INFO]: Grim » MinhAnh_112 failed TimerLimit (x22) 
[11:21:04] [Netty Epoll IO #2/INFO]: Grim » MinhAnh_112 failed TimerLimit (x22) 
[11:21:04] [Netty Epoll IO #2/INFO]: Grim » MinhAnh_112 failed TimerLimit (x23) 
[11:21:04] [Netty Epoll IO #2/INFO]: Grim » MinhAnh_112 failed TimerLimit (x23) 
[11:21:04] [Netty Epoll IO #2/INFO]: Grim » MinhAnh_112 failed TimerLimit (x23) 
[11:21:04] [Netty Epoll IO #2/INFO]: Grim » MinhAnh_112 failed TimerLimit (x24) 
[11:21:05] [Netty Epoll IO #2/INFO]: Grim » MinhAnh_112 failed TimerLimit (x25) 
[11:21:06] [Netty Epoll IO #2/INFO]: Grim » MinhAnh_112 failed TimerLimit (x26) 
[11:22:27] [Server thread/INFO]: MinhAnh_112 issued server command: /home dan
[11:27:29] [Netty Epoll IO #2/INFO]: Grim » MinhAnh_112 failed Timer (x1) 
[11:27:29] [Netty Epoll IO #2/INFO]: Grim » MinhAnh_112 failed Timer (x2) 
[11:27:29] [Netty Epoll IO #2/INFO]: Grim » MinhAnh_112 failed Timer (x3) 
[11:30:20] [User Authenticator #719/INFO]: UUID of player hanhyort is a60ede30-01a2-3fd0-b8f7-6afa29802e3c
[11:30:28] [Server thread/INFO]: hanhyort joined the game
[11:30:28] [Server thread/INFO]: hanhyort[/117.5.153.175:56030] logged in with entity id 8500006 at ([WORLD]7101.5873517126, 71.0, 7639.927594329078)
[11:30:29] [Craft Scheduler Thread - 15073 - AuthMe/INFO]: [AuthMe] hanhyort logged in 117.5.153.175
[11:33:38] [Netty Epoll IO #2/INFO]: Grim » MinhAnh_112 failed TimerLimit (x1) 
[11:33:38] [Netty Epoll IO #2/INFO]: Grim » MinhAnh_112 failed TimerLimit (x2) 
[11:33:38] [Netty Epoll IO #2/INFO]: Grim » MinhAnh_112 failed TimerLimit (x3) 
[11:33:38] [Netty Epoll IO #2/INFO]: Grim » MinhAnh_112 failed TimerLimit (x4) 
[11:33:51] [Async Chat Thread - #1496/INFO]: [Not Secure]  MinhAnh_112  : NOPE
[11:33:52] [Netty Epoll IO #2/INFO]: Grim » MinhAnh_112 failed Timer (x1) 
[11:33:52] [Netty Epoll IO #2/INFO]: Grim » MinhAnh_112 failed Timer (x2) 
[11:33:52] [Netty Epoll IO #2/INFO]: Grim » MinhAnh_112 failed Timer (x3) 
[11:33:52] [Netty Epoll IO #2/INFO]: Grim » MinhAnh_112 failed Timer (x4) 
[11:33:52] [Netty Epoll IO #2/INFO]: Grim » MinhAnh_112 failed Timer (x5) 
[11:33:52] [Netty Epoll IO #2/INFO]: Grim » MinhAnh_112 failed Timer (x6) 
[11:33:52] [Netty Epoll IO #2/INFO]: Grim » MinhAnh_112 failed Timer (x7) 
[11:35:18] [Server thread/INFO]: hanhyort issued server command: /shop
[11:35:33] [Server thread/INFO]: hanhyort issued server command: /shop
[11:35:37] [Server thread/INFO]: hanhyort issued server command: /shop
[11:35:39] [Server thread/INFO]: Cửa hàng >> hanhyort bought 1 x Shulker Box(ITEM.page1.items.1) vì $2,000.00 với trang mua.
[11:35:39] [Server thread/INFO]: Cửa hàng >> hanhyort bought 1 x Shulker Box(ITEM.page1.items.1) vì $2,000.00 với trang mua.
[11:35:40] [Server thread/INFO]: Cửa hàng >> hanhyort bought 1 x Shulker Box(ITEM.page1.items.1) vì $2,000.00 với trang mua.
[11:35:41] [Server thread/INFO]: MinhAnh_112 lost connection: Disconnected
[11:35:41] [Server thread/INFO]: [voicechat] Disconnecting client MinhAnh_112
[11:35:41] [Server thread/INFO]: MinhAnh_112 left the game
[11:36:07] [Server thread/INFO]: hanhyort was shot by Skeleton
[11:36:11] [Server thread/INFO]: hanhyort issued server command: /back
[11:36:13] [Server thread/INFO]: hanhyort issued server command: /home
[11:36:13] [Netty Epoll IO #2/INFO]: Grim » hanhyort failed Simulation (x1) .077882 /gl 116
[11:36:13] [Netty Epoll IO #2/INFO]: Grim » hanhyort failed Simulation (x2) .035201 /gl 117
[11:37:51] [RCON Listener #1/INFO]: Thread RCON Client /176.65.148.243 started
[11:37:51] [RCON Client /176.65.148.243 #617/INFO]: Thread RCON Client /176.65.148.243 shutting down
[11:39:20] [User Authenticator #720/INFO]: UUID of player danhz is fe798653-6820-3155-a1d7-257e95e16756
[11:39:29] [Server thread/INFO]: danhz joined the game
[11:39:29] [Server thread/INFO]: danhz[/42.117.21.183:50299] logged in with entity id 8506441 at ([WORLD]-5015.613731461746, 120.0, -8245.625186915397)
[11:39:29] [Craft Scheduler Thread - 15095 - AuthMe/INFO]: [AuthMe] danhz logged in 42.117.21.183
[11:39:29] [Server thread/INFO]: [voicechat] Received secret request of danhz (20)
[11:39:29] [Server thread/INFO]: [voicechat] Sent secret to danhz
[11:39:30] [VoiceChatPacketProcessingThread/INFO]: [voicechat] Successfully authenticated player fe798653-6820-3155-a1d7-257e95e16756
[11:39:31] [VoiceChatPacketProcessingThread/INFO]: [voicechat] Successfully validated connection of player fe798653-6820-3155-a1d7-257e95e16756
[11:39:31] [VoiceChatPacketProcessingThread/INFO]: [voicechat] Player danhz (fe798653-6820-3155-a1d7-257e95e16756) successfully connected to voice chat
[11:42:31] [Server thread/INFO]: danhz lost connection: Disconnected
[11:42:31] [Server thread/INFO]: [voicechat] Disconnecting client danhz
[11:42:31] [Server thread/INFO]: danhz left the game
[11:43:20] [Server thread/INFO]: hanhyort issued server command: /shop
[11:45:23] [Server thread/INFO]: hanhyort lost connection: Disconnected
[11:45:23] [Server thread/INFO]: [voicechat] Disconnecting client hanhyort
[11:45:23] [Server thread/INFO]: hanhyort left the game
[12:03:19] [User Authenticator #721/INFO]: UUID of player senfifai is e8644440-d207-3b69-8a71-00d0936c4a0d
[12:03:34] [Server thread/INFO]: senfifai joined the game
[12:03:34] [Server thread/INFO]: senfifai[/42.116.123.218:26680] logged in with entity id 8509718 at ([WORLD]29628.5, 72.05, 18735.5)
[12:03:34] [Craft Scheduler Thread - 15126 - AuthMe/INFO]: [AuthMe] senfifai logged in 42.116.123.218
[12:05:02] [Server thread/INFO]: senfifai issued server command: /shop
[12:05:05] [Server thread/INFO]: Cửa hàng >> senfifai bought 64 x Bread(Food.page1.items.7) vì $1,280.00 với trang mua.
[12:05:05] [Server thread/INFO]: Cửa hàng >> senfifai bought 64 x Bread(Food.page1.items.7) vì $1,280.00 với trang mua.
[12:05:05] [Server thread/INFO]: Cửa hàng >> senfifai bought 64 x Bread(Food.page1.items.7) vì $1,280.00 với trang mua.
[12:05:05] [Server thread/INFO]: Cửa hàng >> senfifai bought 64 x Bread(Food.page1.items.7) vì $1,280.00 với trang mua.
[12:05:05] [Server thread/INFO]: Cửa hàng >> senfifai bought 64 x Bread(Food.page1.items.7) vì $1,280.00 với trang mua.
[12:05:05] [Server thread/INFO]: Cửa hàng >> senfifai bought 64 x Bread(Food.page1.items.7) vì $1,280.00 với trang mua.
[12:05:05] [Server thread/INFO]: Cửa hàng >> senfifai bought 64 x Bread(Food.page1.items.7) vì $1,280.00 với trang mua.
[12:05:06] [Server thread/INFO]: Cửa hàng >> senfifai bought 64 x Bread(Food.page1.items.7) vì $1,280.00 với trang mua.
[12:05:06] [Server thread/INFO]: Cửa hàng >> senfifai bought 64 x Bread(Food.page1.items.7) vì $1,280.00 với trang mua.
[12:05:06] [Server thread/INFO]: Cửa hàng >> senfifai bought 64 x Bread(Food.page1.items.7) vì $1,280.00 với trang mua.
[12:05:06] [Server thread/INFO]: Cửa hàng >> senfifai bought 64 x Bread(Food.page1.items.7) vì $1,280.00 với trang mua.
[12:05:41] [Server thread/INFO]: [ClearLag] [DEBUG] Breeding limiter disabled
[12:06:05] [Server thread/INFO]: senfifai lost connection: Disconnected
[12:06:05] [Server thread/INFO]: [voicechat] Disconnecting client senfifai
[12:06:05] [Server thread/INFO]: senfifai left the game
[12:07:33] [User Authenticator #722/INFO]: UUID of player danhz is fe798653-6820-3155-a1d7-257e95e16756
[12:07:41] [Server thread/INFO]: danhz joined the game
[12:07:41] [Server thread/INFO]: danhz[/42.117.21.183:50472] logged in with entity id 8511538 at ([WORLD]-5016.1295509363, 120.875, -8243.631722869151)
[12:07:41] [Craft Scheduler Thread - 15119 - AuthMe/INFO]: [AuthMe] danhz logged in 42.117.21.183
[12:07:41] [Server thread/INFO]: [voicechat] Received secret request of danhz (20)
[12:07:41] [Server thread/INFO]: [voicechat] Sent secret to danhz
[12:07:42] [VoiceChatPacketProcessingThread/INFO]: [voicechat] Successfully authenticated player fe798653-6820-3155-a1d7-257e95e16756
[12:07:43] [VoiceChatPacketProcessingThread/INFO]: [voicechat] Successfully validated connection of player fe798653-6820-3155-a1d7-257e95e16756
[12:07:43] [VoiceChatPacketProcessingThread/INFO]: [voicechat] Player danhz (fe798653-6820-3155-a1d7-257e95e16756) successfully connected to voice chat
[12:14:05] [Async Chat Thread - #1498/INFO]: [Not Secure]  danhz  : cai deo ma
[12:15:15] [Server thread/INFO]: danhz issued server command: /kho 2
[12:15:15] [Server thread/INFO]: danhz issued mycmd (kho) command /kho 2
[12:15:15] [Server thread/INFO]: danhz issued server command: /axvault 2
[12:15:32] [Server thread/INFO]: danhz issued server command: /kho 2
[12:15:32] [Server thread/INFO]: danhz issued mycmd (kho) command /kho 2
[12:15:32] [Server thread/INFO]: danhz issued server command: /axvault 2
[12:20:42] [Server thread/INFO]: danhz issued server command: /kho 3
[12:20:42] [Server thread/INFO]: danhz issued mycmd (kho) command /kho 3
[12:20:42] [Server thread/INFO]: danhz issued server command: /axvault 3
[12:20:46] [Server thread/INFO]: danhz issued server command: /kho
[12:24:37] [Server thread/INFO]: danhz issued server command: /home house
[12:26:18] [Server thread/INFO]: danhz has made the advancement [Hot Stuff]
[12:26:38] [Server thread/INFO]: danhz issued server command: /home house
[12:27:25] [Server thread/INFO]: danhz issued server command: /rtp world
[12:27:25] [Server thread/INFO]: [BetterRTP] danhz executed: /rtp world
[12:27:29] [Server thread/INFO]: danhz issued server command: /rtp
[12:27:30] [Server thread/INFO]: danhz issued server command: /betterrtp world WORLD
[12:27:30] [Server thread/INFO]: [BetterRTP] danhz executed: /betterrtp world WORLD
[12:28:21] [Server thread/WARN]: [BetterStructures] No start modules exist, you need to install or make modules first!
[12:32:02] [Server thread/INFO]: danhz lost connection: Disconnected
[12:32:02] [Server thread/INFO]: [voicechat] Disconnecting client danhz
[12:32:03] [Server thread/INFO]: danhz left the game
[12:39:40] [User Authenticator #723/INFO]: UUID of player hanhyort is a60ede30-01a2-3fd0-b8f7-6afa29802e3c
[12:39:51] [Server thread/INFO]: hanhyort joined the game
[12:39:51] [Server thread/INFO]: hanhyort[/117.5.153.175:6945] logged in with entity id 8524322 at ([WORLD]6702.773905199689, 67.0, 7573.166506638128)
[12:39:51] [Craft Scheduler Thread - 15143 - AuthMe/INFO]: [AuthMe] hanhyort logged in 117.5.153.175
[12:39:55] [Server thread/INFO]: Crates » Given x1 of Simple Key key(s) to hanhyort.
[12:40:13] [Server thread/INFO]: hanhyort issued server command: /back
[12:41:58] [Server thread/INFO]: hanhyort issued server command: /back
[13:08:03] [JDA MainWS-ReadThread/INFO]: [DiscordSRV] Chat: [Discord | Member] Mơ ko mỡ > cái đèo má
[13:08:21] [JDA MainWS-ReadThread/INFO]: [DiscordSRV] Chat: [Discord | Member] Mơ ko mỡ > HANHYORT GAY
[13:15:30] [Server thread/INFO]: hanhyort issued server command: /back
[13:19:57] [Netty Epoll IO #1/INFO]: Grim » hanhyort failed Simulation (x1) .090461 /gl 118
[13:23:05] [Netty Epoll IO #1/INFO]: Grim » hanhyort failed Simulation (x2) .030000 /gl 119
[13:23:05] [Netty Epoll IO #1/INFO]: Grim » hanhyort failed Simulation (x3) .016380 /gl 120
[13:23:20] [Server thread/INFO]: hanhyort has made the advancement [What a Deal!]
[13:27:19] [Server thread/INFO]: hanhyort issued server command: /sellgui
[13:27:20] [Server thread/INFO]: Cửa hàng >> hanhyort sold 12x Beetroot(Farming.page1.items.3) vì $1,200.00 với sell gui.
[13:31:49] [Server thread/INFO]: Villager Villager['Leatherworker'/8527050, uuid='09cb7769-f9a5-470a-901f-1e02d695803e', l='ServerLevel[WORLD]', x=6714.15, y=75.00, z=7610.93, cpos=[419, 475], tl=17758, v=true] died, message: 'Leatherworker was slain by Zombie'
[13:31:56] [Server thread/INFO]: Villager Villager['Villager'/8527048, uuid='29c4a182-9f39-4030-bb90-c55590c1277c', l='ServerLevel[WORLD]', x=6715.50, y=76.00, z=7612.30, cpos=[419, 475], tl=16686, v=true] died, message: 'Villager was slain by Zombie'
[13:32:25] [Server thread/INFO]: Villager Villager['Nitwit'/8527071, uuid='57264eb1-ed45-4715-a02c-c3715a48ee67', l='ServerLevel[WORLD]', x=6731.75, y=69.00, z=7561.37, cpos=[420, 472], tl=20092, v=true] died, message: 'Nitwit was slain by Zombie'
[13:32:26] [Server thread/INFO]: Villager Villager['Nitwit'/8527000, uuid='1a7fd207-6b8e-4a0c-82df-fe794657299d', l='ServerLevel[WORLD]', x=6757.43, y=70.00, z=7558.36, cpos=[422, 472], tl=20196, v=true] died, message: 'Nitwit was slain by Zombie'
[13:34:46] [Server thread/INFO]: Villager Villager['Butcher'/8527038, uuid='ac7646e9-a95f-41d4-b66c-94c8a86e7a27', l='ServerLevel[WORLD]', x=6731.38, y=73.00, z=7600.48, cpos=[420, 475], tl=22951, v=true] died, message: 'Butcher was slain by Zombie'
[13:35:38] [Server thread/INFO]: Villager Villager['Butcher'/8527074, uuid='84301370-8ce7-4986-8679-c6d540978d97', l='ServerLevel[WORLD]', x=6733.54, y=79.00, z=7602.16, cpos=[420, 475], tl=20756, v=true] died, message: 'Butcher was slain by Zombie'
[13:49:36] [Server thread/INFO]: hanhyort issued server command: /sethome
[13:51:46] [Server thread/INFO]: Villager Villager['Nitwit'/8527044, uuid='d475ef50-0036-4a27-8498-fa10316d18d7', l='ServerLevel[WORLD]', x=6707.52, y=67.00, z=7580.99, cpos=[419, 473], tl=43344, v=true] died, message: 'Nitwit was slain by hanhyort'
[13:52:02] [Server thread/INFO]: hanhyort was slain by Iron Golem
[13:52:08] [Server thread/INFO]: hanhyort issued server command: /home
[13:52:08] [Netty Epoll IO #1/INFO]: Grim » hanhyort failed Simulation (x1) .077869 /gl 121
[14:09:45] [User Authenticator #724/INFO]: UUID of player KhangNon is ee5defd3-4cd7-3cee-b5c6-69baf82ee141
[14:09:55] [TAB Processing Thread/INFO]: [TAB] [WARN] Player KhangNon's group (khangrole) is not in sorting list! Sorting list: special,admin,media,youtube,tiktok,legend,master,mvp++,mvp+,mvp,vip+,vip,amethyst,diamond,gold,silver,bronze,noob,non,default. Player will be sorted on the bottom.
[14:09:55] [Server thread/INFO]: [EconomyShopGUI] [DEBUG]: Detected skin change of KhangNon, updating cached skin...
[14:09:55] [Server thread/INFO]: [DiscordSRV] Player KhangNon joined with silent joining permission, not sending a join message
[14:09:55] [Server thread/INFO]: KhangNon joined the game
[14:09:55] [Server thread/INFO]: KhangNon[/171.224.181.198:28024] logged in with entity id 8542890 at ([WORLD_the_end]-49.755630060250475, 59.0, 48.960222226303515)
[14:09:55] [Craft Scheduler Thread - 15152 - AuthMe/INFO]: [AuthMe] The user KhangNon has 2 accounts:
[14:09:55] [Craft Scheduler Thread - 15152 - AuthMe/INFO]: [AuthMe] §7tuankiet, §aKhangNon§7.
[14:09:55] [Craft Scheduler Thread - 15152 - AuthMe/INFO]: [AuthMe] KhangNon logged in 171.224.181.198
[14:09:55] [Server thread/INFO]: [voicechat] Received secret request of KhangNon (20)
[14:09:55] [Server thread/INFO]: [voicechat] Sent secret to KhangNon
[14:09:56] [Folia Async Scheduler Thread #6/WARN]: [GravesX] Async task for GravesX v2026.4.9.1 generated an exception
java.lang.NullPointerException: Cannot invoke "String.split(String)" because "version2" is null
	at GravesX-2026.4.9.1.jar//com.ranull.graves.listener.PlayerJoinListener.compareVersions(PlayerJoinListener.java:140) ~[?:?]
	at GravesX-2026.4.9.1.jar//com.ranull.graves.listener.PlayerJoinListener.notifyPlayerIfOutdated(PlayerJoinListener.java:69) ~[?:?]
	at GravesX-2026.4.9.1.jar//com.ranull.graves.listener.PlayerJoinListener.lambda$onPlayerJoin$0(PlayerJoinListener.java:45) ~[?:?]
	at GravesX-2026.4.9.1.jar//com.ranull.graves.bundledlibraries.scheduler.FoliaScheduler.lambda$runTaskAsynchronously$4(FoliaScheduler.java:106) ~[?:?]
	at io.papermc.paper.threadedregions.scheduler.FoliaAsyncScheduler$AsyncScheduledTask.run(FoliaAsyncScheduler.java:216) ~[paper-1.21.11.jar:?]
	at java.base/java.util.concurrent.ThreadPoolExecutor.runWorker(ThreadPoolExecutor.java:1090) ~[?:?]
	at java.base/java.util.concurrent.ThreadPoolExecutor$Worker.run(ThreadPoolExecutor.java:614) ~[?:?]
	at java.base/java.lang.Thread.run(Thread.java:1474) ~[?:?]
[14:09:56] [VoiceChatPacketProcessingThread/INFO]: [voicechat] Successfully authenticated player ee5defd3-4cd7-3cee-b5c6-69baf82ee141
[14:09:57] [VoiceChatPacketProcessingThread/INFO]: [voicechat] Successfully validated connection of player ee5defd3-4cd7-3cee-b5c6-69baf82ee141
[14:09:57] [VoiceChatPacketProcessingThread/INFO]: [voicechat] Player KhangNon (ee5defd3-4cd7-3cee-b5c6-69baf82ee141) successfully connected to voice chat
[14:10:00] [Async Chat Thread - #1500/INFO]: [Not Secure]  KhangNon 👾 : yoo
[14:10:05] [Server thread/INFO]: [KhangNon: Set own game mode to Creative Mode]
[14:10:15] [Server thread/INFO]: KhangNon issued server command: /tp hanhyort
[14:10:30] [Server thread/INFO]: KhangNon issued server command: /inventorysee hanhyort
[14:10:51] [Server thread/INFO]: KhangNon issued server command: /inventorysee hanhyort
[14:12:11] [Server thread/INFO]: KhangNon issued server command: /sv
[14:12:11] [Server thread/INFO]: [DiscordSRV] Player KhangNon quit with silent quitting permission, not sending a quit message
[14:12:19] [Server thread/INFO]: KhangNon issued server command: /inventorysee hanhyort
[14:12:43] [Server thread/INFO]: KhangNon issued server command: /pay hanhyort 1
[14:12:48] [Server thread/INFO]: KhangNon issued server command: /eco give hanhyort 1
[14:12:57] [Server thread/INFO]: KhangNon issued server command: /pay hanhyort 50k
[14:13:26] [Craft Scheduler Thread - 15163 - Vault/INFO]: [Vault] Checking for Updates ... 
[14:13:26] [Craft Scheduler Thread - 15163 - Vault/INFO]: [Vault] No new version available
[14:14:50] [Server thread/INFO]: Villager Villager['Villager'/8527042, uuid='dbb04c41-52f0-4d1a-8f8a-b6e0eadd923e', l='ServerLevel[WORLD]', x=6740.45, y=69.00, z=7571.70, cpos=[421, 473], tl=70682, v=true] died, message: 'Villager was slain by Zombie'
[14:15:36] [Server thread/INFO]: Villager Villager['Farmer'/8527073, uuid='ebf29de7-077c-45b2-be6d-50723cdff906', l='ServerLevel[WORLD]', x=6658.50, y=65.80, z=7557.78, cpos=[416, 472], tl=66872, v=true] died, message: 'Farmer was slain by Zombie'
[14:22:24] [JDA MainWS-ReadThread/INFO]: [DiscordSRV] Chat: [Discord | Member] liy > yo
[14:29:41] [User Authenticator #725/INFO]: UUID of player danhz is fe798653-6820-3155-a1d7-257e95e16756
[14:29:50] [Server thread/INFO]: danhz joined the game
[14:29:50] [Server thread/INFO]: danhz[/42.117.21.183:52905] logged in with entity id 8547794 at ([WORLD]-5577.041412172739, 106.0, -17055.986138366898)
[14:29:50] [Craft Scheduler Thread - 15191 - AuthMe/INFO]: [AuthMe] danhz logged in 42.117.21.183
[14:29:51] [Server thread/INFO]: [voicechat] Received secret request of danhz (20)
[14:29:51] [Server thread/INFO]: [voicechat] Sent secret to danhz
[14:29:52] [VoiceChatPacketProcessingThread/INFO]: [voicechat] Successfully authenticated player fe798653-6820-3155-a1d7-257e95e16756
[14:29:53] [VoiceChatPacketProcessingThread/INFO]: [voicechat] Successfully validated connection of player fe798653-6820-3155-a1d7-257e95e16756
[14:29:53] [VoiceChatPacketProcessingThread/INFO]: [voicechat] Player danhz (fe798653-6820-3155-a1d7-257e95e16756) successfully connected to voice chat
[14:30:00] [Server thread/INFO]: danhz issued server command: /home house
[14:30:28] [User Authenticator #725/INFO]: UUID of player tysooon is 78e95224-377e-3447-b815-1024238e6d4e
[14:30:48] [Server thread/INFO]: tysooon joined the game
[14:30:48] [Server thread/INFO]: tysooon[/42.113.129.193:15626] logged in with entity id 8548892 at ([surlob]66.59673028157194, 27.0, 294.76748866844537)
[14:30:49] [Craft Scheduler Thread - 15207 - AuthMe/INFO]: [AuthMe] tysooon logged in 42.113.129.193
[14:30:50] [Server thread/INFO]: [voicechat] Received secret request of tysooon (20)
[14:30:50] [Server thread/INFO]: [voicechat] Sent secret to tysooon
[14:30:50] [VoiceChatPacketProcessingThread/INFO]: [voicechat] Successfully authenticated player 78e95224-377e-3447-b815-1024238e6d4e
[14:30:51] [VoiceChatPacketProcessingThread/INFO]: [voicechat] Successfully validated connection of player 78e95224-377e-3447-b815-1024238e6d4e
[14:30:51] [VoiceChatPacketProcessingThread/INFO]: [voicechat] Player tysooon (78e95224-377e-3447-b815-1024238e6d4e) successfully connected to voice chat
[14:30:54] [Server thread/INFO]: tysooon issued server command: /back
[14:30:57] [Server thread/INFO]: tysooon issued server command: /back
[14:30:58] [Server thread/INFO]: tysooon issued server command: /home home
[14:31:37] [Async Chat Thread - #1502/INFO]: [Not Secure]  tysooon  : vl
[14:31:38] [Async Chat Thread - #1502/INFO]: [Not Secure]  tysooon  : hom qua
[14:31:41] [Async Chat Thread - #1503/INFO]: [Not Secure]  tysooon  : litematica bug
[14:31:42] [Server thread/INFO]: tysooon issued server command: /shop
[14:31:44] [Async Chat Thread - #1503/INFO]: [Not Secure]  danhz  : t dg nch day nghe k
[14:31:50] [Async Chat Thread - #1503/INFO]: [Not Secure]  tysooon  : bao roi
[14:31:53] [Async Chat Thread - #1503/INFO]: [Not Secure]  tysooon  : server tat vc roi
[14:32:00] [Async Chat Thread - #1503/INFO]: [Not Secure]  danhz  : the vo pub 1 di
[14:34:33] [Server thread/INFO]: danhz issued server command: /rtp
[14:34:34] [Server thread/INFO]: danhz issued server command: /betterrtp world WORLD
[14:34:34] [Server thread/INFO]: [BetterRTP] danhz executed: /betterrtp world WORLD
[14:35:38] [Server thread/WARN]: [ClearLag] [ClearLag] Server TPS has dropped to 16.02! Performance is critical!
[14:36:11] [Server thread/INFO]: tysooon issued server command: /home home
[14:36:25] [Server thread/INFO]: tysooon issued server command: /home home
[14:36:50] [Server thread/INFO]: danhz issued server command: /pay tysooon
[14:36:56] [Server thread/INFO]: danhz issued server command: /pay tysooon 6000
[14:36:59] [Server thread/INFO]: tysooon issued server command: /shop
[14:37:02] [Server thread/INFO]: Cửa hàng >> tysooon bought 3 x Shulker Box(ITEM.page1.items.1) vì $6,000.00 với trang mua.
[14:38:17] [Server thread/INFO]: danhz issued server command: /home house
[14:38:28] [Netty Epoll IO #2/INFO]: Grim » tysooon failed DuplicateRotPlace* (x1) x=0.0 xdots=0.0 y=1.3891487121582031
[14:39:39] [Server thread/INFO]: danhz issued server command: /kho 1
[14:39:39] [Server thread/INFO]: danhz issued mycmd (kho) command /kho 1
[14:39:39] [Server thread/INFO]: danhz issued server command: /axvault 1
[14:39:41] [Server thread/INFO]: danhz issued server command: /kho 2
[14:39:41] [Server thread/INFO]: danhz issued mycmd (kho) command /kho 2
[14:39:41] [Server thread/INFO]: danhz issued server command: /axvault 2
[14:39:51] [Server thread/INFO]: KhangNon lost connection: Disconnected
[14:39:51] [Server thread/INFO]: [voicechat] Disconnecting client KhangNon
[14:40:24] [Async Chat Thread - #1504/INFO]: [Not Secure]  tysooon  : 3 oak leaves
[14:40:27] [Async Chat Thread - #1504/INFO]: [Not Secure]  tysooon  : 3 moss block
[14:41:38] [Server thread/INFO]: hanhyort lost connection: Disconnected
[14:41:38] [Server thread/INFO]: [voicechat] Disconnecting client hanhyort
[14:41:38] [Server thread/INFO]: hanhyort left the game
[14:41:55] [Async Chat Thread - #1506/INFO]: [Not Secure]  tysooon  : tweakeroo
[14:42:14] [Async Chat Thread - #1506/INFO]: [Not Secure]  tysooon  : mousetweaks
[14:45:03] [Server thread/INFO]: tysooon issued server command: /tpahere tysooon
[14:45:05] [Server thread/INFO]: tysooon issued server command: /tpahere
[14:45:10] [Server thread/INFO]: danhz issued server command: /home house
[14:45:12] [Server thread/INFO]: tysooon issued server command: /tpa danhz
[14:45:34] [Server thread/INFO]: danhz issued server command: /back
[14:46:03] [Server thread/INFO]: danhz issued server command: /back
[14:46:12] [Server thread/INFO]: danhz lost connection: Disconnected
[14:46:12] [Server thread/INFO]: [voicechat] Disconnecting client danhz
[14:46:12] [Server thread/INFO]: danhz left the game
[14:46:52] [User Authenticator #726/INFO]: UUID of player danhz is fe798653-6820-3155-a1d7-257e95e16756
[14:47:02] [Server thread/INFO]: danhz joined the game
[14:47:02] [Server thread/INFO]: danhz[/42.117.21.183:53002] logged in with entity id 8562544 at ([WORLD]-4988.063213128736, 120.0, -8245.026915530992)
[14:47:02] [Craft Scheduler Thread - 15226 - AuthMe/INFO]: [AuthMe] danhz logged in 42.117.21.183
[14:47:02] [Server thread/INFO]: [voicechat] Received secret request of danhz (20)
[14:47:02] [Server thread/INFO]: [voicechat] Sent secret to danhz
[14:47:03] [VoiceChatPacketProcessingThread/INFO]: [voicechat] Successfully authenticated player fe798653-6820-3155-a1d7-257e95e16756
[14:47:04] [VoiceChatPacketProcessingThread/INFO]: [voicechat] Successfully validated connection of player fe798653-6820-3155-a1d7-257e95e16756
[14:47:04] [VoiceChatPacketProcessingThread/INFO]: [voicechat] Player danhz (fe798653-6820-3155-a1d7-257e95e16756) successfully connected to voice chat
[14:47:09] [Server thread/INFO]: danhz issued server command: /tpa tysooon
[14:47:18] [Server thread/INFO]: tysooon issued server command: /tpaccept
[14:47:18] [Netty Epoll IO #2/INFO]: Grim » tysooon failed Simulation (x1) .032632 /gl 122
[14:47:18] [Netty Epoll IO #2/INFO]: Grim » tysooon failed Simulation (x2) .052819 /gl 123
[14:47:19] [Netty Epoll IO #2/INFO]: Grim » tysooon failed Simulation (x3) .067845 /gl 124
[14:48:27] [Server thread/INFO]: danhz issued server command: /tpa tysooon
[14:48:29] [Server thread/INFO]: tysooon issued server command: /tpaccept
[14:48:46] [Server thread/INFO]: tysooon issued server command: /home home
[14:49:15] [Server thread/INFO]: tysooon issued server command: /tpa danhz
[14:49:29] [Server thread/INFO]: danhz issued server command: /tpaccept
[14:49:49] [Server thread/INFO]: tysooon issued server command: /tpa danhz
[14:49:54] [Server thread/INFO]: danhz issued server command: /tpacancel
[14:50:00] [Server thread/INFO]: tysooon issued server command: /tpa danhz
[14:50:00] [Server thread/INFO]: danhz issued server command: /tpaccept
[14:51:20] [Server thread/INFO]: tysooon issued server command: /home home
[14:52:21] [Server thread/INFO]: tysooon issued server command: /tpa danhz
[14:52:23] [Server thread/INFO]: danhz issued server command: /tpa tysooon
[14:52:26] [Server thread/INFO]: tysooon issued server command: /tpaccept
[14:52:29] [Server thread/INFO]: danhz issued server command: /back
[14:52:37] [Server thread/INFO]: tysooon issued server command: /tpahere danhz
[14:52:38] [Server thread/INFO]: danhz issued server command: /tpaccept
[14:52:42] [Server thread/INFO]: danhz issued server command: /back
[14:52:50] [Server thread/INFO]: tysooon issued server command: /tpa danhz
[14:52:53] [Server thread/INFO]: danhz issued server command: /tpaccept
[14:53:25] [Server thread/INFO]: tysooon issued server command: /back
[14:53:27] [Server thread/INFO]: tysooon issued server command: /home home
[14:53:32] [Server thread/INFO]: danhz issued server command: /kho 2
[14:53:32] [Server thread/INFO]: danhz issued mycmd (kho) command /kho 2
[14:53:32] [Server thread/INFO]: danhz issued server command: /axvault 2
[14:54:40] [Server thread/INFO]: danhz has made the advancement [The Cutest Predator]
[14:55:06] [Netty Epoll IO #3/INFO]: Grim » danhz failed Simulation (x1) .093806 /gl 125
[14:55:13] [Server thread/INFO]: danhz issued server command: /home house
[14:55:21] [Server thread/INFO]: tysooon issued server command: /home home
[14:56:10] [Server thread/INFO]: danhz issued server command: /kho 2
[14:56:10] [Server thread/INFO]: danhz issued mycmd (kho) command /kho 2
[14:56:10] [Server thread/INFO]: danhz issued server command: /axvault 2
[14:56:16] [Server thread/INFO]: danhz issued server command: /kho 2
[14:56:16] [Server thread/INFO]: danhz issued mycmd (kho) command /kho 2
[14:56:16] [Server thread/INFO]: danhz issued server command: /axvault 2
[14:57:44] [Netty Epoll IO #3/INFO]: Grim » danhz failed Simulation (x2) .050773 /gl 126
[14:58:43] [Netty Epoll IO #2/INFO]: Grim » tysooon failed Simulation (x1) .081432 /gl 127
[14:59:02] [Server thread/INFO]: danhz issued server command: /kho 2
[14:59:02] [Server thread/INFO]: danhz issued mycmd (kho) command /kho 2
[14:59:02] [Server thread/INFO]: danhz issued server command: /axvault 2
[14:59:15] [Server thread/INFO]: danhz issued server command: /kho 2
[14:59:15] [Server thread/INFO]: danhz issued mycmd (kho) command /kho 2
[14:59:15] [Server thread/INFO]: danhz issued server command: /axvault 2
[15:02:42] [JDA MainWS-ReadThread/INFO]: [DiscordSRV] Chat: [Discord | Member] :wilted_flower: > ai on ko
[15:02:46] [Async Chat Thread - #1508/INFO]: [Not Secure]  tysooon  : on cc
[15:02:47] [Async Chat Thread - #1509/INFO]: [Not Secure]  danhz  : yes
[15:02:59] [JDA MainWS-ReadThread/INFO]: [DiscordSRV] Chat: [Discord | Member] :wilted_flower: > coc c con d
[15:03:05] [Async Chat Thread - #1509/INFO]: [Not Secure]  tysooon  : bu dihh
[15:03:43] [Netty Epoll IO #2/INFO]: Grim » tysooon failed MultiActionsC (x1) sprinting=false, sneaking=false, input=true
[15:03:43] [Netty Epoll IO #2/INFO]: Grim » tysooon failed PacketOrderO* (x1) type=CLICK_WINDOW
[15:03:43] [Netty Epoll IO #2/INFO]: Grim » tysooon failed Timer (x1) 
[15:03:43] [Netty Epoll IO #2/INFO]: Grim » tysooon failed TickTimer (x1) type=flying, packets=1
[15:03:43] [Netty Epoll IO #2/INFO]: Grim » tysooon failed BadPacketsZ* (x1) 
[15:03:43] [Netty Epoll IO #2/INFO]: Grim » tysooon failed PacketOrderO* (x2) type=PLAYER_INPUT
[15:03:43] [Netty Epoll IO #2/INFO]: Grim » tysooon failed TickTimer (x2) type=end, packets=2
[15:03:43] [Netty Epoll IO #2/INFO]: Grim » tysooon failed PacketOrderO* (x3) type=PLAYER_BLOCK_PLACEMENT
[15:03:43] [Netty Epoll IO #2/INFO]: Grim » tysooon failed PacketOrderO* (x4) type=USE_ITEM
[15:03:43] [Netty Epoll IO #2/INFO]: Grim » tysooon failed RotationPlace (x1) post-flying
[15:03:43] [Netty Epoll IO #2/INFO]: Grim » tysooon failed Post (x1) player block placement v1.21.11
[15:03:43] [Netty Epoll IO #2/INFO]: Grim » tysooon failed BadPacketsJ (x1) 
[15:03:43] [Netty Epoll IO #2/INFO]: Grim » tysooon failed MultiActionsC (x2) sprinting=false, sneaking=false, input=true
[15:03:43] [Netty Epoll IO #2/INFO]: Grim » tysooon failed PacketOrderO* (x5) type=CLICK_WINDOW
[15:03:43] [Netty Epoll IO #2/INFO]: Grim » tysooon failed Timer (x2) 
[15:03:43] [Netty Epoll IO #2/INFO]: Grim » tysooon failed TickTimer (x3) type=flying, packets=1
[15:03:43] [Netty Epoll IO #2/INFO]: Grim » tysooon failed PacketOrderO* (x6) type=PLAYER_INPUT
[15:03:43] [Netty Epoll IO #2/INFO]: Grim » tysooon failed TickTimer (x4) type=end, packets=2
[15:03:43] [Netty Epoll IO #2/INFO]: Grim » tysooon failed PositionPlace (x1) 
[15:03:43] [Netty Epoll IO #2/INFO]: Grim » tysooon failed RotationPlace (x2) pre-flying
[15:03:43] [Netty Epoll IO #2/INFO]: Grim » tysooon failed PacketOrderO* (x7) type=PLAYER_BLOCK_PLACEMENT
[15:03:43] [Netty Epoll IO #2/INFO]: Grim » tysooon failed PacketOrderO* (x8) type=USE_ITEM
[15:03:43] [Netty Epoll IO #2/INFO]: Grim » tysooon failed AimDuplicateLook (x1) 
[15:03:43] [Netty Epoll IO #2/INFO]: Grim » tysooon failed Post (x2) player block placement v1.21.11
[15:03:43] [Netty Epoll IO #2/INFO]: Grim » tysooon failed BadPacketsJ (x2) 
[15:03:43] [Netty Epoll IO #2/INFO]: Grim » tysooon failed PacketOrderO* (x9) type=CLICK_WINDOW
[15:03:43] [Netty Epoll IO #2/INFO]: Grim » tysooon failed Timer (x3) 
[15:03:43] [Netty Epoll IO #2/INFO]: Grim » tysooon failed TickTimer (x5) type=flying, packets=1
[15:03:43] [Netty Epoll IO #2/INFO]: Grim » tysooon failed PacketOrderO* (x10) type=PLAYER_INPUT
[15:03:43] [Netty Epoll IO #2/INFO]: Grim » tysooon failed TickTimer (x6) type=end, packets=2
[15:03:43] [Netty Epoll IO #2/INFO]: Grim » tysooon failed RotationPlace (x3) pre-flying
[15:03:43] [Netty Epoll IO #2/INFO]: Grim » tysooon failed PacketOrderO* (x11) type=PLAYER_BLOCK_PLACEMENT
[15:03:43] [Netty Epoll IO #2/INFO]: Grim » tysooon failed PacketOrderO* (x12) type=USE_ITEM
[15:03:43] [Netty Epoll IO #2/INFO]: Grim » tysooon failed AimDuplicateLook (x2) 
[15:03:43] [Netty Epoll IO #2/INFO]: Grim » tysooon failed BadPacketsJ (x3) 
[15:03:43] [Netty Epoll IO #2/INFO]: Grim » tysooon failed Timer (x4) 
[15:03:43] [Netty Epoll IO #2/INFO]: Grim » tysooon failed TickTimer (x7) type=flying, packets=1
[15:03:43] [Netty Epoll IO #2/INFO]: Grim » tysooon failed PacketOrderO* (x13) type=PLAYER_INPUT
[15:03:43] [Netty Epoll IO #2/INFO]: Grim » tysooon failed TickTimer (x8) type=end, packets=2
[15:03:43] [Netty Epoll IO #2/INFO]: Grim » tysooon failed RotationPlace (x4) pre-flying
[15:03:43] [Netty Epoll IO #2/INFO]: Grim » tysooon failed BadPacketsJ (x4) 
[15:03:43] [Netty Epoll IO #2/INFO]: Grim » tysooon failed Post (x3) player block placement v1.21.11
[15:03:43] [Netty Epoll IO #2/INFO]: Grim » tysooon failed PacketOrderO* (x14) type=PLAYER_INPUT
[15:03:44] [Netty Epoll IO #2/INFO]: Grim » tysooon failed Simulation (x1) .033976 /gl 128
[15:03:44] [Netty Epoll IO #2/INFO]: Grim » tysooon failed RotationPlace (x5) pre-flying
[15:03:44] [Netty Epoll IO #2/INFO]: Grim » tysooon failed PacketOrderO* (x15) type=PLAYER_BLOCK_PLACEMENT
[15:03:44] [Netty Epoll IO #2/INFO]: Grim » tysooon failed PacketOrderO* (x16) type=USE_ITEM
[15:03:44] [Netty Epoll IO #2/INFO]: Grim » tysooon failed Post (x4) player block placement v1.21.11
[15:03:44] [Netty Epoll IO #2/INFO]: Grim » tysooon failed Simulation (x2) .115592 /gl 129
[15:03:44] [Netty Epoll IO #2/INFO]: Grim » tysooon failed BadPacketsJ (x5) 
[15:03:44] [Netty Epoll IO #2/INFO]: Grim » tysooon failed PacketOrderO* (x17) type=PLAYER_INPUT
[15:03:44] [Netty Epoll IO #2/INFO]: Grim » tysooon failed Timer (x5) 
[15:03:44] [Netty Epoll IO #2/INFO]: Grim » tysooon failed TickTimer (x9) type=flying, packets=1
[15:03:44] [Netty Epoll IO #2/INFO]: Grim » tysooon failed BadPacketsZ* (x2) 
[15:03:44] [Netty Epoll IO #2/INFO]: Grim » tysooon failed PacketOrderO* (x18) type=PLAYER_INPUT
[15:03:44] [Netty Epoll IO #2/INFO]: Grim » tysooon failed TickTimer (x10) type=end, packets=2
[15:03:44] [Netty Epoll IO #2/INFO]: Grim » tysooon failed Simulation (x3) .048049 /gl 130
[15:03:44] [Netty Epoll IO #2/INFO]: Grim » tysooon failed RotationPlace (x6) pre-flying
[15:03:44] [Netty Epoll IO #2/INFO]: Grim » tysooon failed PacketOrderO* (x19) type=PLAYER_BLOCK_PLACEMENT
[15:03:44] [Netty Epoll IO #2/INFO]: Grim » tysooon failed PacketOrderO* (x20) type=USE_ITEM
[15:03:44] [Netty Epoll IO #2/INFO]: Grim » tysooon failed Post (x5) player block placement v1.21.11
[15:03:44] [Netty Epoll IO #2/INFO]: Grim » tysooon failed Simulation (x4) .099666 /gl 131
[15:03:44] [Netty Epoll IO #2/INFO]: Grim » tysooon failed BadPacketsJ (x6) 
[15:03:44] [Netty Epoll IO #2/INFO]: Grim » tysooon failed Simulation (x5) .099502 /gl 132
[15:03:44] [Netty Epoll IO #2/INFO]: Grim » tysooon failed PacketOrderO* (x21) type=PLAYER_INPUT
[15:03:44] [Netty Epoll IO #2/INFO]: Grim » tysooon failed Simulation (x6) .098935 /gl 133
[15:03:44] [Netty Epoll IO #2/INFO]: Grim » tysooon failed Timer (x6) 
[15:03:44] [Netty Epoll IO #2/INFO]: Grim » tysooon failed TickTimer (x11) type=flying, packets=1
[15:03:44] [Netty Epoll IO #2/INFO]: Grim » tysooon failed PacketOrderO* (x22) type=PLAYER_INPUT
[15:03:44] [Netty Epoll IO #2/INFO]: Grim » tysooon failed TickTimer (x12) type=end, packets=2
[15:03:44] [Netty Epoll IO #2/INFO]: Grim » tysooon failed Simulation (x7) .043787 /gl 134
[15:03:44] [Netty Epoll IO #2/INFO]: Grim » tysooon failed RotationPlace (x7) pre-flying
[15:03:44] [Netty Epoll IO #2/INFO]: Grim » tysooon failed PacketOrderO* (x23) type=PLAYER_BLOCK_PLACEMENT
[15:03:44] [Netty Epoll IO #2/INFO]: Grim » tysooon failed PacketOrderO* (x24) type=USE_ITEM
[15:03:44] [Netty Epoll IO #2/INFO]: Grim » tysooon failed Post (x6) player block placement v1.21.11
[15:03:44] [Netty Epoll IO #2/INFO]: Grim » tysooon failed Simulation (x8) .097287 /gl 135
[15:03:44] [Netty Epoll IO #2/INFO]: Grim » tysooon failed BadPacketsJ (x7) 
[15:03:44] [Netty Epoll IO #2/INFO]: Grim » tysooon failed PacketOrderO* (x25) type=PLAYER_INPUT
[15:03:44] [Netty Epoll IO #2/INFO]: Grim » tysooon failed Timer (x7) 
[15:03:44] [Netty Epoll IO #2/INFO]: Grim » tysooon failed TickTimer (x13) type=flying, packets=1
[15:03:44] [Netty Epoll IO #2/INFO]: Grim » tysooon failed BadPacketsZ* (x3) 
[15:03:44] [Netty Epoll IO #2/INFO]: Grim » tysooon failed PacketOrderO* (x26) type=PLAYER_INPUT
[15:03:44] [Netty Epoll IO #2/INFO]: Grim » tysooon failed TickTimer (x14) type=end, packets=2
[15:03:44] [Netty Epoll IO #2/INFO]: Grim » tysooon failed AimDuplicateLook (x3) 
[15:03:44] [Netty Epoll IO #2/INFO]: Grim » tysooon failed RotationPlace (x8) pre-flying
[15:03:44] [Netty Epoll IO #2/INFO]: Grim » tysooon failed PacketOrderO* (x27) type=PLAYER_BLOCK_PLACEMENT
[15:03:44] [Netty Epoll IO #2/INFO]: Grim » tysooon failed PacketOrderO* (x28) type=USE_ITEM
[15:03:44] [Netty Epoll IO #2/INFO]: Grim » tysooon failed AimDuplicateLook (x4) 
[15:03:44] [Netty Epoll IO #2/INFO]: Grim » tysooon failed Post (x7) player block placement v1.21.11
[15:03:44] [Netty Epoll IO #2/INFO]: Grim » tysooon failed BadPacketsJ (x8) 
[15:03:44] [Netty Epoll IO #2/INFO]: Grim » tysooon failed BadPacketsZ* (x3) 
[15:03:44] [Netty Epoll IO #2/INFO]: Grim » tysooon failed PacketOrderO* (x29) type=PLAYER_INPUT
[15:03:44] [Netty Epoll IO #2/INFO]: Grim » tysooon failed Simulation (x9) .054019 /gl 136
[15:03:44] [Netty Epoll IO #2/INFO]: Grim » tysooon failed Timer (x8) 
[15:03:44] [Netty Epoll IO #2/INFO]: Grim » tysooon failed TickTimer (x15) type=flying, packets=1
[15:03:44] [Netty Epoll IO #2/INFO]: Grim » tysooon failed BadPacketsZ* (x4) 
[15:03:44] [Netty Epoll IO #2/INFO]: Grim » tysooon failed PacketOrderO* (x30) type=PLAYER_INPUT
[15:03:44] [Netty Epoll IO #2/INFO]: Grim » tysooon failed TickTimer (x16) type=end, packets=2
[15:03:44] [Netty Epoll IO #2/INFO]: Grim » tysooon failed Simulation (x10) .015550 /gl 137
[15:03:44] [Netty Epoll IO #2/INFO]: Grim » tysooon failed RotationPlace (x9) pre-flying
[15:03:44] [Netty Epoll IO #2/INFO]: Grim » tysooon failed PacketOrderO* (x31) type=PLAYER_BLOCK_PLACEMENT
[15:03:44] [Netty Epoll IO #2/INFO]: Grim » tysooon failed PacketOrderO* (x32) type=USE_ITEM
[15:03:44] [Netty Epoll IO #2/INFO]: Grim » tysooon failed Post (x8) player block placement v1.21.11
[15:03:44] [Netty Epoll IO #2/INFO]: Grim » tysooon failed Simulation (x11) .074880 /gl 138
[15:03:44] [Netty Epoll IO #2/INFO]: Grim » tysooon failed BadPacketsJ (x9) 
[15:03:44] [Netty Epoll IO #2/INFO]: Grim » tysooon failed PacketOrderO* (x33) type=PLAYER_INPUT
[15:03:44] [Netty Epoll IO #2/INFO]: Grim » tysooon failed Simulation (x12) .072997 /gl 139
[15:03:44] [Netty Epoll IO #2/INFO]: Grim » tysooon failed Simulation (x13) .076085 /gl 140
[15:03:44] [Netty Epoll IO #2/INFO]: Grim » tysooon failed Timer (x9) 
[15:03:44] [Netty Epoll IO #2/INFO]: Grim » tysooon failed TickTimer (x17) type=flying, packets=1
[15:03:44] [Netty Epoll IO #2/INFO]: Grim » tysooon failed PacketOrderO* (x34) type=PLAYER_INPUT
[15:03:44] [Netty Epoll IO #2/INFO]: Grim » tysooon failed TickTimer (x18) type=end, packets=2
[15:03:44] [Netty Epoll IO #2/INFO]: Grim » tysooon failed Simulation (x14) .030481 /gl 141
[15:03:44] [Netty Epoll IO #2/INFO]: Grim » tysooon failed RotationPlace (x10) pre-flying
[15:03:44] [Netty Epoll IO #2/INFO]: Grim » tysooon failed PacketOrderO* (x35) type=PLAYER_BLOCK_PLACEMENT
[15:03:44] [Netty Epoll IO #2/INFO]: Grim » tysooon failed PacketOrderO* (x36) type=USE_ITEM
[15:03:44] [Netty Epoll IO #2/INFO]: Grim » tysooon failed Post (x9) player block placement v1.21.11
[15:03:44] [Netty Epoll IO #2/INFO]: Grim » tysooon failed Simulation (x15) .078983 /gl 142
[15:03:44] [Netty Epoll IO #2/INFO]: Grim » tysooon failed BadPacketsJ (x10) 
[15:03:44] [Netty Epoll IO #2/INFO]: Grim » tysooon failed BadPacketsZ* (x5) 
[15:03:44] [Netty Epoll IO #2/INFO]: Grim » tysooon failed PacketOrderO* (x37) type=PLAYER_INPUT
[15:03:45] [Netty Epoll IO #2/INFO]: Grim » tysooon failed Simulation (x16) .083251 /gl 143
[15:03:45] [Netty Epoll IO #2/INFO]: Grim » tysooon failed Timer (x10) 
[15:03:45] [Netty Epoll IO #2/INFO]: Grim » tysooon failed TickTimer (x19) type=flying, packets=1
[15:03:45] [Netty Epoll IO #2/INFO]: Grim » tysooon failed BadPacketsZ* (x6) 
[15:03:45] [Netty Epoll IO #2/INFO]: Grim » tysooon failed PacketOrderO* (x38) type=PLAYER_INPUT
[15:03:45] [Netty Epoll IO #2/INFO]: Grim » tysooon failed TickTimer (x20) type=end, packets=2
[15:03:45] [Netty Epoll IO #2/INFO]: Grim » tysooon failed RotationPlace (x11) pre-flying
[15:03:45] [Netty Epoll IO #2/INFO]: Grim » tysooon failed PacketOrderO* (x39) type=PLAYER_BLOCK_PLACEMENT
[15:03:45] [Netty Epoll IO #2/INFO]: Grim » tysooon failed PacketOrderO* (x40) type=USE_ITEM
[15:03:45] [Netty Epoll IO #2/INFO]: Grim » tysooon failed Post (x10) player block placement v1.21.11
[15:03:45] [Netty Epoll IO #2/INFO]: Grim » tysooon failed Simulation (x17) .082158 /gl 144
[15:03:45] [Netty Epoll IO #2/INFO]: Grim » tysooon failed BadPacketsJ (x11) 
[15:03:45] [Netty Epoll IO #2/INFO]: Grim » tysooon failed BadPacketsZ* (x7) 
[15:03:45] [Netty Epoll IO #2/INFO]: Grim » tysooon failed PacketOrderO* (x41) type=PLAYER_INPUT
[15:03:45] [Netty Epoll IO #2/INFO]: Grim » tysooon failed AimDuplicateLook (x5) 
[15:03:45] [Netty Epoll IO #2/INFO]: Grim » tysooon failed Timer (x11) 
[15:03:45] [Netty Epoll IO #2/INFO]: Grim » tysooon failed TickTimer (x21) type=flying, packets=1
[15:03:45] [Netty Epoll IO #2/INFO]: Grim » tysooon failed PacketOrderO* (x42) type=PLAYER_INPUT
[15:03:45] [Netty Epoll IO #2/INFO]: Grim » tysooon failed TickTimer (x22) type=end, packets=2
[15:03:45] [Netty Epoll IO #2/INFO]: Grim » tysooon failed Simulation (x18) .031028 /gl 145
[15:03:45] [Netty Epoll IO #2/INFO]: Grim » tysooon failed RotationPlace (x12) pre-flying
[15:03:45] [Netty Epoll IO #2/INFO]: Grim » tysooon failed PacketOrderO* (x43) type=PLAYER_BLOCK_PLACEMENT
[15:03:45] [Netty Epoll IO #2/INFO]: Grim » tysooon failed PacketOrderO* (x44) type=USE_ITEM
[15:03:45] [Netty Epoll IO #2/INFO]: Grim » tysooon failed Post (x11) player block placement v1.21.11
[15:03:45] [Netty Epoll IO #2/INFO]: Grim » tysooon failed Simulation (x19) .082020 /gl 146
[15:03:45] [Netty Epoll IO #2/INFO]: Grim » tysooon failed BadPacketsJ (x12) 
[15:03:45] [Netty Epoll IO #2/INFO]: Grim » tysooon failed PacketOrderO* (x45) type=PLAYER_INPUT
[15:03:45] [Netty Epoll IO #2/INFO]: Grim » tysooon failed Simulation (x20) .078983 /gl 147
[15:03:45] [Netty Epoll IO #2/INFO]: Grim » tysooon failed Timer (x11) 
[15:03:45] [Netty Epoll IO #2/INFO]: Grim » tysooon failed TickTimer (x23) type=flying, packets=1
[15:03:45] [Netty Epoll IO #2/INFO]: Grim » tysooon failed PacketOrderO* (x46) type=PLAYER_INPUT
[15:03:45] [Netty Epoll IO #2/INFO]: Grim » tysooon failed TickTimer (x24) type=end, packets=2
[15:03:45] [Netty Epoll IO #2/INFO]: Grim » tysooon failed Simulation (x21) .030083 /gl 148
[15:03:45] [Netty Epoll IO #2/INFO]: Grim » tysooon failed Simulation (x22) .077363 /gl 149
[15:03:45] [Netty Epoll IO #2/INFO]: Grim » tysooon failed RotationPlace (x13) pre-flying
[15:03:45] [Netty Epoll IO #2/INFO]: Grim » tysooon failed PacketOrderO* (x47) type=PLAYER_BLOCK_PLACEMENT
[15:03:45] [Netty Epoll IO #2/INFO]: Grim » tysooon failed PacketOrderO* (x48) type=USE_ITEM
[15:03:45] [Netty Epoll IO #2/INFO]: Grim » tysooon failed BadPacketsJ (x13) 
[15:03:45] [Netty Epoll IO #2/INFO]: Grim » tysooon failed Post (x12) player block placement v1.21.11
[15:03:45] [Netty Epoll IO #2/INFO]: Grim » tysooon failed Timer (x12) 
[15:03:45] [Netty Epoll IO #2/INFO]: Grim » tysooon failed TickTimer (x25) type=flying, packets=1
[15:03:45] [Netty Epoll IO #2/INFO]: Grim » tysooon failed PacketOrderO* (x49) type=PLAYER_INPUT
[15:03:45] [Netty Epoll IO #2/INFO]: Grim » tysooon failed TickTimer (x26) type=end, packets=2
[15:03:45] [Netty Epoll IO #2/INFO]: Grim » tysooon failed RotationPlace (x14) pre-flying
[15:03:45] [Netty Epoll IO #2/INFO]: Grim » tysooon failed PacketOrderO* (x50) type=PLAYER_BLOCK_PLACEMENT
[15:03:45] [Netty Epoll IO #2/INFO]: Grim » tysooon failed PacketOrderO* (x51) type=USE_ITEM
[15:03:45] [Netty Epoll IO #2/INFO]: Grim » tysooon failed BadPacketsJ (x14) 
[15:03:45] [Netty Epoll IO #2/INFO]: Grim » tysooon failed Post (x13) player block placement v1.21.11
[15:03:45] [Netty Epoll IO #2/INFO]: Grim » tysooon failed BadPacketsV* (x1) delta=0.0
[15:03:45] [Netty Epoll IO #2/INFO]: Grim » tysooon failed PacketOrderO* (x52) type=PLAYER_INPUT
[15:03:45] [Netty Epoll IO #2/INFO]: Grim » tysooon failed RotationPlace (x15) pre-flying
[15:03:45] [Netty Epoll IO #2/INFO]: Grim » tysooon failed BadPacketsJ (x15) 
[15:03:46] [Netty Epoll IO #2/INFO]: Grim » tysooon failed Timer (x13) 
[15:03:46] [Netty Epoll IO #2/INFO]: Grim » tysooon failed TickTimer (x27) type=flying, packets=1
[15:03:46] [Netty Epoll IO #2/INFO]: Grim » tysooon failed PacketOrderO* (x53) type=PLAYER_INPUT
[15:03:46] [Netty Epoll IO #2/INFO]: Grim » tysooon failed TickTimer (x28) type=end, packets=2
[15:03:46] [Netty Epoll IO #2/INFO]: Grim » tysooon failed RotationPlace (x16) pre-flying
[15:03:46] [Netty Epoll IO #2/INFO]: Grim » tysooon failed PacketOrderO* (x54) type=PLAYER_BLOCK_PLACEMENT
[15:03:46] [Netty Epoll IO #2/INFO]: Grim » tysooon failed PacketOrderO* (x55) type=USE_ITEM
[15:03:46] [Netty Epoll IO #2/INFO]: Grim » tysooon failed Post (x14) player block placement v1.21.11
[15:03:46] [Netty Epoll IO #2/INFO]: Grim » tysooon failed BadPacketsJ (x16) 
[15:03:46] [Netty Epoll IO #2/INFO]: Grim » tysooon failed Timer (x14) 
[15:03:46] [Netty Epoll IO #2/INFO]: Grim » tysooon failed TickTimer (x29) type=flying, packets=1
[15:03:46] [Netty Epoll IO #2/INFO]: Grim » tysooon failed PacketOrderO* (x56) type=PLAYER_INPUT
[15:03:46] [Netty Epoll IO #2/INFO]: Grim » tysooon failed TickTimer (x30) type=end, packets=2
[15:03:46] [Netty Epoll IO #2/INFO]: Grim » tysooon failed RotationPlace (x17) pre-flying
[15:03:46] [Netty Epoll IO #2/INFO]: Grim » tysooon failed PacketOrderO* (x57) type=PLAYER_BLOCK_PLACEMENT
[15:03:46] [Netty Epoll IO #2/INFO]: Grim » tysooon failed PacketOrderO* (x58) type=USE_ITEM
[15:03:46] [Netty Epoll IO #2/INFO]: Grim » tysooon failed Post (x15) player block placement v1.21.11
[15:03:46] [Netty Epoll IO #2/INFO]: Grim » tysooon failed BadPacketsJ (x17) 
[15:03:46] [Netty Epoll IO #2/INFO]: Grim » tysooon failed Timer (x14) 
[15:03:46] [Netty Epoll IO #2/INFO]: Grim » tysooon failed TickTimer (x31) type=flying, packets=1
[15:03:46] [Netty Epoll IO #2/INFO]: Grim » tysooon failed PacketOrderO* (x59) type=PLAYER_INPUT
[15:03:46] [Netty Epoll IO #2/INFO]: Grim » tysooon failed TickTimer (x32) type=end, packets=2
[15:03:46] [Netty Epoll IO #2/INFO]: Grim » tysooon failed RotationPlace (x18) pre-flying
[15:03:46] [Netty Epoll IO #2/INFO]: Grim » tysooon failed BadPacketsJ (x18) 
[15:03:47] [Netty Epoll IO #2/INFO]: Grim » tysooon failed Timer (x15) 
[15:03:47] [Netty Epoll IO #2/INFO]: Grim » tysooon failed TickTimer (x33) type=flying, packets=1
[15:03:47] [Netty Epoll IO #2/INFO]: Grim » tysooon failed PacketOrderO* (x60) type=PLAYER_INPUT
[15:03:47] [Netty Epoll IO #2/INFO]: Grim » tysooon failed TickTimer (x34) type=end, packets=2
[15:03:47] [Netty Epoll IO #2/INFO]: Grim » tysooon failed RotationPlace (x19) pre-flying
[15:03:47] [Netty Epoll IO #2/INFO]: Grim » tysooon failed PacketOrderO* (x61) type=PLAYER_BLOCK_PLACEMENT
[15:03:47] [Netty Epoll IO #2/INFO]: Grim » tysooon failed PacketOrderO* (x62) type=USE_ITEM
[15:03:47] [Netty Epoll IO #2/INFO]: Grim » tysooon failed Post (x16) player block placement v1.21.11
[15:03:47] [Netty Epoll IO #2/INFO]: Grim » tysooon failed BadPacketsJ (x19) 
[15:03:47] [Netty Epoll IO #2/INFO]: Grim » tysooon failed PacketOrderO* (x63) type=PLAYER_INPUT
[15:03:47] [Netty Epoll IO #2/INFO]: Grim » tysooon failed Simulation (x23) .064410 /gl 150
[15:03:47] [Netty Epoll IO #2/INFO]: Grim » tysooon failed RotationPlace (x20) pre-flying
[15:03:47] [Netty Epoll IO #2/INFO]: Grim » tysooon failed PacketOrderO* (x64) type=PLAYER_BLOCK_PLACEMENT
[15:03:47] [Netty Epoll IO #2/INFO]: Grim » tysooon failed PacketOrderO* (x65) type=USE_ITEM
[15:03:47] [Netty Epoll IO #2/INFO]: Grim » tysooon failed Post (x17) player block placement v1.21.11
[15:03:47] [Netty Epoll IO #2/INFO]: Grim » tysooon failed Simulation (x24) .013187 /gl 151
[15:03:47] [Netty Epoll IO #2/INFO]: Grim » tysooon failed BadPacketsJ (x20) 
[15:03:47] [Netty Epoll IO #2/INFO]: Grim » tysooon failed Simulation (x25) .066179 /gl 152
[15:03:47] [Netty Epoll IO #2/INFO]: Grim » tysooon failed Timer (x16) 
[15:03:47] [Netty Epoll IO #2/INFO]: Grim » tysooon failed TickTimer (x35) type=flying, packets=1
[15:03:47] [Netty Epoll IO #2/INFO]: Grim » tysooon failed PacketOrderO* (x66) type=PLAYER_INPUT
[15:03:47] [Netty Epoll IO #2/INFO]: Grim » tysooon failed TickTimer (x36) type=end, packets=2
[15:03:47] [Netty Epoll IO #2/INFO]: Grim » tysooon failed Simulation (x26) .066941 /gl 153
[15:03:47] [Netty Epoll IO #2/INFO]: Grim » tysooon failed RotationPlace (x21) pre-flying
[15:03:47] [Netty Epoll IO #2/INFO]: Grim » tysooon failed PacketOrderO* (x67) type=PLAYER_BLOCK_PLACEMENT
[15:03:47] [Netty Epoll IO #2/INFO]: Grim » tysooon failed PacketOrderO* (x68) type=USE_ITEM
[15:03:47] [Netty Epoll IO #2/INFO]: Grim » tysooon failed Post (x18) player block placement v1.21.11
[15:03:47] [Netty Epoll IO #2/INFO]: Grim » tysooon failed Simulation (x27) .067913 /gl 154
[15:03:47] [Netty Epoll IO #2/INFO]: Grim » tysooon failed BadPacketsJ (x21) 
[15:03:47] [Netty Epoll IO #2/INFO]: Grim » tysooon failed Timer (x17) 
[15:03:47] [Netty Epoll IO #2/INFO]: Grim » tysooon failed TickTimer (x37) type=flying, packets=1
[15:03:47] [Netty Epoll IO #2/INFO]: Grim » tysooon failed PacketOrderO* (x69) type=PLAYER_INPUT
[15:03:47] [Netty Epoll IO #2/INFO]: Grim » tysooon failed TickTimer (x38) type=end, packets=2
[15:03:47] [Netty Epoll IO #2/INFO]: Grim » tysooon failed Simulation (x28) .068639 /gl 155
[15:03:47] [Netty Epoll IO #2/INFO]: Grim » tysooon failed RotationPlace (x22) pre-flying
[15:03:47] [Netty Epoll IO #2/INFO]: Grim » tysooon failed PacketOrderO* (x70) type=PLAYER_BLOCK_PLACEMENT
[15:03:47] [Netty Epoll IO #2/INFO]: Grim » tysooon failed PacketOrderO* (x71) type=USE_ITEM
[15:03:47] [Netty Epoll IO #2/INFO]: Grim » tysooon failed Post (x19) player block placement v1.21.11
[15:03:47] [Netty Epoll IO #2/INFO]: Grim » tysooon failed Simulation (x29) .069306 /gl 156
[15:03:47] [Netty Epoll IO #2/INFO]: Grim » tysooon failed BadPacketsJ (x22) 
[15:03:47] [Netty Epoll IO #2/INFO]: Grim » tysooon failed Timer (x17) 
[15:03:47] [Netty Epoll IO #2/INFO]: Grim » tysooon failed TickTimer (x39) type=flying, packets=1
[15:03:47] [Netty Epoll IO #2/INFO]: Grim » tysooon failed PacketOrderO* (x72) type=PLAYER_INPUT
[15:03:47] [Netty Epoll IO #2/INFO]: Grim » tysooon failed TickTimer (x40) type=end, packets=2
[15:03:47] [Netty Epoll IO #2/INFO]: Grim » tysooon failed Simulation (x30) .094058 /gl 157
[15:03:47] [Netty Epoll IO #2/INFO]: Grim » tysooon failed Simulation (x31) .091887 /gl 158
[15:03:47] [Netty Epoll IO #2/INFO]: Grim » tysooon failed RotationPlace (x23) pre-flying
[15:03:47] [Netty Epoll IO #2/INFO]: Grim » tysooon failed PacketOrderO* (x73) type=PLAYER_BLOCK_PLACEMENT
[15:03:47] [Netty Epoll IO #2/INFO]: Grim » tysooon failed PacketOrderO* (x74) type=USE_ITEM
[15:03:47] [Netty Epoll IO #2/INFO]: Grim » tysooon failed Post (x20) player block placement v1.21.11
[15:03:47] [Netty Epoll IO #2/INFO]: Grim » tysooon failed Simulation (x32) .089508 /gl 159
[15:03:47] [Netty Epoll IO #2/INFO]: Grim » tysooon failed BadPacketsJ (x23) 
[15:03:47] [Netty Epoll IO #2/INFO]: Grim » tysooon failed Timer (x17) 
[15:03:47] [Netty Epoll IO #2/INFO]: Grim » tysooon failed TickTimer (x41) type=flying, packets=1
[15:03:47] [Netty Epoll IO #2/INFO]: Grim » tysooon failed PacketOrderO* (x75) type=PLAYER_INPUT
[15:03:47] [Netty Epoll IO #2/INFO]: Grim » tysooon failed TickTimer (x42) type=end, packets=2
[15:03:47] [Netty Epoll IO #2/INFO]: Grim » tysooon failed Simulation (x33) .085183 /gl 160
[15:03:47] [Netty Epoll IO #2/INFO]: Grim » tysooon failed RotationPlace (x24) pre-flying
[15:03:47] [Netty Epoll IO #2/INFO]: Grim » tysooon failed PacketOrderO* (x76) type=PLAYER_BLOCK_PLACEMENT
[15:03:47] [Netty Epoll IO #2/INFO]: Grim » tysooon failed PacketOrderO* (x77) type=USE_ITEM
[15:03:47] [Netty Epoll IO #2/INFO]: Grim » tysooon failed Post (x21) player block placement v1.21.11
[15:03:47] [Netty Epoll IO #2/INFO]: Grim » tysooon failed Simulation (x34) .015822 /gl 161
[15:03:47] [Netty Epoll IO #2/INFO]: Grim » tysooon failed BadPacketsJ (x24) 
[15:03:47] [Netty Epoll IO #2/INFO]: Grim » tysooon failed Timer (x18) 
[15:03:47] [Netty Epoll IO #2/INFO]: Grim » tysooon failed TickTimer (x43) type=flying, packets=1
[15:03:47] [Netty Epoll IO #2/INFO]: Grim » tysooon failed PacketOrderO* (x78) type=PLAYER_INPUT
[15:03:47] [Netty Epoll IO #2/INFO]: Grim » tysooon failed TickTimer (x44) type=end, packets=2
[15:03:47] [Netty Epoll IO #2/INFO]: Grim » tysooon failed Simulation (x35) .076516 /gl 162
[15:03:47] [Netty Epoll IO #2/INFO]: Grim » tysooon failed RotationPlace (x25) pre-flying
[15:03:47] [Netty Epoll IO #2/INFO]: Grim » tysooon failed PacketOrderO* (x79) type=PLAYER_BLOCK_PLACEMENT
[15:03:47] [Netty Epoll IO #2/INFO]: Grim » tysooon failed PacketOrderO* (x80) type=USE_ITEM
[15:03:47] [Netty Epoll IO #2/INFO]: Grim » tysooon failed BadPacketsJ (x25) 
[15:03:47] [Netty Epoll IO #2/INFO]: Grim » tysooon failed AimDuplicateLook (x6) 
[15:03:47] [Netty Epoll IO #2/INFO]: Grim » tysooon failed Post (x22) player block placement v1.21.11
[15:03:47] [Netty Epoll IO #2/INFO]: Grim » tysooon failed Timer (x19) 
[15:03:47] [Netty Epoll IO #2/INFO]: Grim » tysooon failed TickTimer (x45) type=flying, packets=1
[15:03:47] [Netty Epoll IO #2/INFO]: Grim » tysooon failed BadPacketsZ* (x8) 
[15:03:47] [Netty Epoll IO #2/INFO]: Grim » tysooon failed PacketOrderO* (x81) type=PLAYER_INPUT
[15:03:47] [Netty Epoll IO #2/INFO]: Grim » tysooon failed TickTimer (x46) type=end, packets=2
[15:03:47] [Netty Epoll IO #2/INFO]: Grim » tysooon failed Simulation (x36) .074281 /gl 163
[15:03:47] [Netty Epoll IO #2/INFO]: Grim » tysooon failed RotationPlace (x26) pre-flying
[15:03:47] [Netty Epoll IO #2/INFO]: Grim » tysooon failed PacketOrderO* (x82) type=PLAYER_BLOCK_PLACEMENT
[15:03:47] [Netty Epoll IO #2/INFO]: Grim » tysooon failed PacketOrderO* (x82) type=USE_ITEM
[15:03:47] [Netty Epoll IO #2/INFO]: Grim » tysooon failed Post (x23) player block placement v1.21.11
[15:03:47] [Netty Epoll IO #2/INFO]: Grim » tysooon failed Simulation (x37) .073519 /gl 164
[15:03:47] [Netty Epoll IO #2/INFO]: Grim » tysooon failed BadPacketsJ (x26) 
[15:03:48] [Netty Epoll IO #2/INFO]: Grim » tysooon failed AimModulo360 (x1) 
[15:03:48] [Netty Epoll IO #2/INFO]: Grim » tysooon failed Simulation (x38) .103887 /gl 165
[15:03:48] [Netty Epoll IO #2/INFO]: Grim » tysooon failed Timer (x20) 
[15:03:48] [Netty Epoll IO #2/INFO]: Grim » tysooon failed TickTimer (x47) type=flying, packets=1
[15:03:48] [Netty Epoll IO #2/INFO]: Grim » tysooon failed PacketOrderO* (x83) type=PLAYER_INPUT
[15:03:48] [Netty Epoll IO #2/INFO]: Grim » tysooon failed TickTimer (x48) type=end, packets=2
[15:03:48] [Netty Epoll IO #2/INFO]: Grim » tysooon failed Simulation (x39) .038585 /gl 166
[15:03:48] [Netty Epoll IO #2/INFO]: Grim » tysooon failed PacketOrderO* (x84) type=PLAYER_BLOCK_PLACEMENT
[15:03:48] [Netty Epoll IO #2/INFO]: Grim » tysooon failed PacketOrderO* (x85) type=USE_ITEM
[15:03:48] [Netty Epoll IO #2/INFO]: Grim » tysooon failed Post (x24) player block placement v1.21.11
[15:03:48] [Netty Epoll IO #2/INFO]: Grim » tysooon failed BadPacketsJ (x27) 
[15:03:48] [Netty Epoll IO #2/INFO]: Grim » tysooon failed PacketOrderO* (x86) type=PLAYER_INPUT
[15:03:48] [Netty Epoll IO #2/INFO]: Grim » tysooon failed Timer (x21) 
[15:03:48] [Netty Epoll IO #2/INFO]: Grim » tysooon failed TickTimer (x49) type=flying, packets=1
[15:03:48] [Netty Epoll IO #2/INFO]: Grim » tysooon failed PacketOrderO* (x87) type=PLAYER_INPUT
[15:03:48] [Netty Epoll IO #2/INFO]: Grim » tysooon failed TickTimer (x50) type=end, packets=2
[15:03:48] [Netty Epoll IO #2/INFO]: Grim » tysooon failed PacketOrderO* (x88) type=PLAYER_BLOCK_PLACEMENT
[15:03:48] [Netty Epoll IO #2/INFO]: Grim » tysooon failed PacketOrderO* (x89) type=USE_ITEM
[15:03:49] [Netty Epoll IO #2/INFO]: Grim » tysooon failed Post (x25) player block placement v1.21.11
[15:03:49] [Netty Epoll IO #2/INFO]: Grim » tysooon failed BadPacketsJ (x28) 
[15:03:49] [Netty Epoll IO #2/INFO]: Grim » tysooon failed Simulation (x40) .106277 /gl 167
[15:03:49] [Netty Epoll IO #2/INFO]: Grim » tysooon failed PacketOrderO* (x90) type=PLAYER_INPUT
[15:03:49] [Netty Epoll IO #2/INFO]: Grim » tysooon failed Simulation (x41) .105807 /gl 168
[15:03:49] [Netty Epoll IO #2/INFO]: Grim » tysooon failed Timer (x22) 
[15:03:49] [Netty Epoll IO #2/INFO]: Grim » tysooon failed TickTimer (x51) type=flying, packets=1
[15:03:49] [Netty Epoll IO #2/INFO]: Grim » tysooon failed PacketOrderO* (x91) type=PLAYER_INPUT
[15:03:49] [Netty Epoll IO #2/INFO]: Grim » tysooon failed TickTimer (x52) type=end, packets=2
[15:03:49] [Netty Epoll IO #2/INFO]: Grim » tysooon failed Simulation (x42) .051716 /gl 169
[15:03:49] [Netty Epoll IO #2/INFO]: Grim » tysooon failed PacketOrderO* (x92) type=PLAYER_BLOCK_PLACEMENT
[15:03:49] [Netty Epoll IO #2/INFO]: Grim » tysooon failed PacketOrderO* (x93) type=USE_ITEM
[15:03:49] [Netty Epoll IO #2/INFO]: Grim » tysooon failed Post (x26) player block placement v1.21.11
[15:03:49] [Netty Epoll IO #2/INFO]: Grim » tysooon failed Simulation (x43) .100981 /gl 170
[15:03:49] [Netty Epoll IO #2/INFO]: Grim » tysooon failed BadPacketsJ (x29) 
[15:03:49] [Netty Epoll IO #2/INFO]: Grim » tysooon failed PacketOrderO* (x94) type=PLAYER_INPUT
[15:03:49] [Netty Epoll IO #2/INFO]: Grim » tysooon failed Simulation (x44) .100849 /gl 171
[15:03:49] [Netty Epoll IO #2/INFO]: Grim » tysooon failed Timer (x23) 
[15:03:49] [Netty Epoll IO #2/INFO]: Grim » tysooon failed TickTimer (x53) type=flying, packets=1
[15:03:49] [Netty Epoll IO #2/INFO]: Grim » tysooon failed PacketOrderO* (x95) type=PLAYER_INPUT
[15:03:49] [Netty Epoll IO #2/INFO]: Grim » tysooon failed TickTimer (x54) type=end, packets=2
[15:03:49] [Netty Epoll IO #2/INFO]: Grim » tysooon failed Simulation (x45) .050195 /gl 172
[15:03:49] [Netty Epoll IO #2/INFO]: Grim » tysooon failed PacketOrderO* (x96) type=PLAYER_BLOCK_PLACEMENT
[15:03:49] [Netty Epoll IO #2/INFO]: Grim » tysooon failed PacketOrderO* (x97) type=USE_ITEM
[15:03:49] [Netty Epoll IO #2/INFO]: Grim » tysooon failed AimDuplicateLook (x7) 
[15:03:49] [Netty Epoll IO #2/INFO]: Grim » tysooon failed BadPacketsJ (x30) 
[15:03:49] [Netty Epoll IO #2/INFO]: Grim » tysooon failed PacketOrderO* (x98) type=PLAYER_INPUT
[15:03:49] [Netty Epoll IO #2/INFO]: Grim » tysooon failed AimDuplicateLook (x8) 
[15:03:49] [Netty Epoll IO #2/INFO]: Grim » tysooon failed Post (x27) player block placement v1.21.11
[15:03:49] [Netty Epoll IO #2/INFO]: Grim » tysooon failed BadPacketsV* (x2) delta=0.0
[15:03:49] [Netty Epoll IO #2/INFO]: Grim » tysooon failed PacketOrderO* (x99) type=PLAYER_INPUT
[15:03:49] [Netty Epoll IO #2/INFO]: Grim » tysooon failed BadPacketsJ (x31) 
[15:03:49] [Netty Epoll IO #2/INFO]: Grim » tysooon failed BadPacketsV* (x2) delta=0.0
[15:03:49] [Netty Epoll IO #2/INFO]: Grim » tysooon failed PacketOrderO* (x100) type=PLAYER_INPUT
[15:03:49] [Netty Epoll IO #2/INFO]: Grim » tysooon failed RotationPlace (x27) pre-flying
[15:03:49] [Netty Epoll IO #2/INFO]: Grim » tysooon failed BadPacketsJ (x32) 
[15:03:49] [Netty Epoll IO #2/INFO]: Grim » tysooon failed AimDuplicateLook (x9) 
[15:03:49] [Netty Epoll IO #2/INFO]: Grim » tysooon failed BadPacketsV* (x3) delta=0.0
[15:03:49] [Netty Epoll IO #2/INFO]: Grim » tysooon failed PacketOrderO* (x101) type=PLAYER_INPUT
[15:03:49] [Netty Epoll IO #2/INFO]: Grim » tysooon failed RotationPlace (x28) pre-flying
[15:03:49] [Netty Epoll IO #2/INFO]: Grim » tysooon failed BadPacketsJ (x33) 
[15:03:49] [Netty Epoll IO #2/INFO]: Grim » tysooon failed AimDuplicateLook (x10) 
[15:03:49] [Netty Epoll IO #2/INFO]: Grim » tysooon failed BadPacketsV* (x4) delta=0.0
[15:03:49] [Netty Epoll IO #2/INFO]: Grim » tysooon failed PacketOrderO* (x102) type=PLAYER_INPUT
[15:03:49] [Netty Epoll IO #2/INFO]: Grim » tysooon failed RotationPlace (x29) pre-flying
[15:03:49] [Netty Epoll IO #2/INFO]: Grim » tysooon failed BadPacketsJ (x34) 
[15:03:50] [Netty Epoll IO #2/INFO]: Grim » tysooon failed AimDuplicateLook (x11) 
[15:03:50] [Netty Epoll IO #2/INFO]: Grim » tysooon failed BadPacketsV* (x5) delta=0.0
[15:03:50] [Netty Epoll IO #2/INFO]: Grim » tysooon failed PacketOrderO* (x103) type=PLAYER_INPUT
[15:03:50] [Netty Epoll IO #2/INFO]: Grim » tysooon failed RotationPlace (x30) pre-flying
[15:03:50] [Netty Epoll IO #2/INFO]: Grim » tysooon failed BadPacketsJ (x35) 
[15:03:50] [Netty Epoll IO #2/INFO]: Grim » tysooon failed AimDuplicateLook (x12) 
[15:03:50] [Netty Epoll IO #2/INFO]: Grim » tysooon failed BadPacketsV* (x5) delta=0.0
[15:03:50] [Netty Epoll IO #2/INFO]: Grim » tysooon failed PacketOrderO* (x104) type=PLAYER_INPUT
[15:03:50] [Netty Epoll IO #2/INFO]: Grim » tysooon failed RotationPlace (x31) pre-flying
[15:03:50] [Netty Epoll IO #2/INFO]: Grim » tysooon failed BadPacketsJ (x36) 
[15:03:50] [Netty Epoll IO #2/INFO]: Grim » tysooon failed AimDuplicateLook (x13) 
[15:03:50] [Netty Epoll IO #2/INFO]: Grim » tysooon failed BadPacketsV* (x6) delta=0.0
[15:03:50] [Netty Epoll IO #2/INFO]: Grim » tysooon failed PacketOrderO* (x105) type=PLAYER_INPUT
[15:03:50] [Netty Epoll IO #2/INFO]: Grim » tysooon failed AimDuplicateLook (x14) 
[15:03:50] [Netty Epoll IO #2/INFO]: Grim » tysooon failed RotationPlace (x32) pre-flying
[15:03:50] [Netty Epoll IO #2/INFO]: Grim » tysooon failed PacketOrderO* (x106) type=PLAYER_BLOCK_PLACEMENT
[15:03:50] [Netty Epoll IO #2/INFO]: Grim » tysooon failed PacketOrderO* (x106) type=USE_ITEM
[15:03:50] [Netty Epoll IO #2/INFO]: Grim » tysooon failed AimDuplicateLook (x15) 
[15:03:50] [Netty Epoll IO #2/INFO]: Grim » tysooon failed Post (x28) player block placement v1.21.11
[15:03:50] [Netty Epoll IO #2/INFO]: Grim » tysooon failed BadPacketsJ (x37) 
[15:03:50] [Netty Epoll IO #2/INFO]: Grim » tysooon failed BadPacketsV* (x7) delta=0.0
[15:03:50] [Netty Epoll IO #2/INFO]: Grim » tysooon failed Timer (x24) 
[15:03:50] [Netty Epoll IO #2/INFO]: Grim » tysooon failed TickTimer (x55) type=flying, packets=1
[15:03:50] [Netty Epoll IO #2/INFO]: Grim » tysooon failed PacketOrderO* (x107) type=PLAYER_INPUT
[15:03:50] [Netty Epoll IO #2/INFO]: Grim » tysooon failed TickTimer (x56) type=end, packets=2
[15:03:50] [Netty Epoll IO #2/INFO]: Grim » tysooon failed RotationPlace (x33) pre-flying
[15:03:50] [Netty Epoll IO #2/INFO]: Grim » tysooon failed PacketOrderO* (x108) type=PLAYER_BLOCK_PLACEMENT
[15:03:50] [Netty Epoll IO #2/INFO]: Grim » tysooon failed PacketOrderO* (x109) type=USE_ITEM
[15:03:50] [Netty Epoll IO #2/INFO]: Grim » tysooon failed AimDuplicateLook (x16) 
[15:03:50] [Netty Epoll IO #2/INFO]: Grim » tysooon failed BadPacketsJ (x38) 
[15:03:50] [Netty Epoll IO #2/INFO]: Grim » tysooon failed Timer (x25) 
[15:03:50] [Netty Epoll IO #2/INFO]: Grim » tysooon failed TickTimer (x57) type=flying, packets=1
[15:03:50] [Netty Epoll IO #2/INFO]: Grim » tysooon failed PacketOrderO* (x110) type=PLAYER_INPUT
[15:03:50] [Netty Epoll IO #2/INFO]: Grim » tysooon failed TickTimer (x58) type=end, packets=2
[15:03:50] [Netty Epoll IO #2/INFO]: Grim » tysooon failed Post (x29) player block placement v1.21.11
[15:03:50] [Netty Epoll IO #2/INFO]: Grim » tysooon failed RotationPlace (x34) pre-flying
[15:03:50] [Netty Epoll IO #2/INFO]: Grim » tysooon failed PacketOrderO* (x111) type=PLAYER_BLOCK_PLACEMENT
[15:03:50] [Netty Epoll IO #2/INFO]: Grim » tysooon failed PacketOrderO* (x112) type=USE_ITEM
[15:03:50] [Netty Epoll IO #2/INFO]: Grim » tysooon failed AimDuplicateLook (x17) 
[15:03:50] [Netty Epoll IO #2/INFO]: Grim » tysooon failed Post (x30) player block placement v1.21.11
[15:03:50] [Netty Epoll IO #2/INFO]: Grim » tysooon failed BadPacketsJ (x39) 
[15:03:50] [Netty Epoll IO #2/INFO]: Grim » tysooon failed Timer (x26) 
[15:03:50] [Netty Epoll IO #2/INFO]: Grim » tysooon failed TickTimer (x59) type=flying, packets=1
[15:03:50] [Netty Epoll IO #2/INFO]: Grim » tysooon failed PacketOrderO* (x113) type=PLAYER_INPUT
[15:03:50] [Netty Epoll IO #2/INFO]: Grim » tysooon failed TickTimer (x60) type=end, packets=2
[15:03:50] [Netty Epoll IO #2/INFO]: Grim » tysooon failed RotationPlace (x35) pre-flying
[15:03:50] [Netty Epoll IO #2/INFO]: Grim » tysooon failed PacketOrderO* (x114) type=PLAYER_BLOCK_PLACEMENT
[15:03:50] [Netty Epoll IO #2/INFO]: Grim » tysooon failed PacketOrderO* (x115) type=USE_ITEM
[15:03:50] [Netty Epoll IO #2/INFO]: Grim » tysooon failed AimDuplicateLook (x18) 
[15:03:50] [Netty Epoll IO #2/INFO]: Grim » tysooon failed Post (x31) player block placement v1.21.11
[15:03:50] [Netty Epoll IO #2/INFO]: Grim » tysooon failed BadPacketsJ (x40) 
[15:03:50] [Netty Epoll IO #2/INFO]: Grim » tysooon failed Timer (x26) 
[15:03:50] [Netty Epoll IO #2/INFO]: Grim » tysooon failed TickTimer (x61) type=flying, packets=1
[15:03:50] [Netty Epoll IO #2/INFO]: Grim » tysooon failed PacketOrderO* (x116) type=PLAYER_INPUT
[15:03:50] [Netty Epoll IO #2/INFO]: Grim » tysooon failed TickTimer (x62) type=end, packets=2
[15:03:50] [Netty Epoll IO #2/INFO]: Grim » tysooon failed Simulation (x46) .021159 /gl 173
[15:03:50] [Netty Epoll IO #2/INFO]: Grim » tysooon failed RotationPlace (x36) pre-flying
[15:03:50] [Netty Epoll IO #2/INFO]: Grim » tysooon failed PacketOrderO* (x117) type=PLAYER_BLOCK_PLACEMENT
[15:03:50] [Netty Epoll IO #2/INFO]: Grim » tysooon failed PacketOrderO* (x118) type=USE_ITEM
[15:03:50] [Netty Epoll IO #2/INFO]: Grim » tysooon failed Post (x32) player block placement v1.21.11
[15:03:50] [Netty Epoll IO #2/INFO]: Grim » tysooon failed Simulation (x47) .021925 /gl 174
[15:03:50] [Netty Epoll IO #2/INFO]: Grim » tysooon failed BadPacketsJ (x41) 
[15:03:50] [Netty Epoll IO #2/INFO]: Grim » tysooon failed Simulation (x48) .021593 /gl 175
[15:03:50] [Netty Epoll IO #2/INFO]: Grim » tysooon failed Timer (x27) 
[15:03:50] [Netty Epoll IO #2/INFO]: Grim » tysooon failed TickTimer (x63) type=flying, packets=1
[15:03:50] [Netty Epoll IO #2/INFO]: Grim » tysooon failed PacketOrderO* (x119) type=PLAYER_INPUT
[15:03:50] [Netty Epoll IO #2/INFO]: Grim » tysooon failed TickTimer (x64) type=end, packets=2
[15:03:50] [Netty Epoll IO #2/INFO]: Grim » tysooon failed Simulation (x49) .020535 /gl 176
[15:03:50] [Netty Epoll IO #2/INFO]: Grim » tysooon failed RotationPlace (x37) pre-flying
[15:03:50] [Netty Epoll IO #2/INFO]: Grim » tysooon failed PacketOrderO* (x120) type=PLAYER_BLOCK_PLACEMENT
[15:03:50] [Netty Epoll IO #2/INFO]: Grim » tysooon failed PacketOrderO* (x121) type=USE_ITEM
[15:03:50] [Netty Epoll IO #2/INFO]: Grim » tysooon failed Post (x33) player block placement v1.21.11
[15:03:50] [Netty Epoll IO #2/INFO]: Grim » tysooon failed Simulation (x50) .020435 /gl 177
[15:03:50] [Netty Epoll IO #2/INFO]: Grim » tysooon failed BadPacketsJ (x42) 
[15:03:50] [Netty Epoll IO #2/INFO]: Grim » tysooon failed Timer (x28) 
[15:03:50] [Netty Epoll IO #2/INFO]: Grim » tysooon failed TickTimer (x65) type=flying, packets=1
[15:03:50] [Netty Epoll IO #2/INFO]: Grim » tysooon failed PacketOrderO* (x122) type=PLAYER_INPUT
[15:03:50] [Netty Epoll IO #2/INFO]: Grim » tysooon failed TickTimer (x66) type=end, packets=2
[15:03:51] [Netty Epoll IO #2/INFO]: Grim » tysooon failed Simulation (x51) .020296 /gl 178
[15:03:51] [Netty Epoll IO #2/INFO]: Grim » tysooon failed RotationPlace (x38) pre-flying
[15:03:51] [Netty Epoll IO #2/INFO]: Grim » tysooon failed PacketOrderO* (x123) type=PLAYER_BLOCK_PLACEMENT
[15:03:51] [Netty Epoll IO #2/INFO]: Grim » tysooon failed PacketOrderO* (x124) type=USE_ITEM
[15:03:51] [Netty Epoll IO #2/INFO]: Grim » tysooon failed Post (x34) player block placement v1.21.11
[15:03:51] [Netty Epoll IO #2/INFO]: Grim » tysooon failed Simulation (x52) .020047 /gl 179
[15:03:51] [Netty Epoll IO #2/INFO]: Grim » tysooon failed BadPacketsJ (x43) 
[15:03:51] [Netty Epoll IO #2/INFO]: Grim » tysooon failed Timer (x28) 
[15:03:51] [Netty Epoll IO #2/INFO]: Grim » tysooon failed TickTimer (x67) type=flying, packets=1
[15:03:51] [Netty Epoll IO #2/INFO]: Grim » tysooon failed PacketOrderO* (x125) type=PLAYER_INPUT
[15:03:51] [Netty Epoll IO #2/INFO]: Grim » tysooon failed TickTimer (x68) type=end, packets=2
[15:03:51] [Netty Epoll IO #2/INFO]: Grim » tysooon failed Simulation (x53) .019773 /gl 180
[15:03:51] [Netty Epoll IO #2/INFO]: Grim » tysooon failed Simulation (x54) .098030 /gl 181
[15:03:51] [Netty Epoll IO #2/INFO]: Grim » tysooon failed RotationPlace (x39) pre-flying
[15:03:51] [Netty Epoll IO #2/INFO]: Grim » tysooon failed PacketOrderO* (x126) type=PLAYER_BLOCK_PLACEMENT
[15:03:51] [Netty Epoll IO #2/INFO]: Grim » tysooon failed PacketOrderO* (x127) type=USE_ITEM
[15:03:51] [Netty Epoll IO #2/INFO]: Grim » tysooon failed Post (x35) player block placement v1.21.11
[15:03:51] [Netty Epoll IO #2/INFO]: Grim » tysooon failed Simulation (x55) .097153 /gl 182
[15:03:51] [Netty Epoll IO #2/INFO]: Grim » tysooon failed BadPacketsJ (x44) 
[15:03:51] [Netty Epoll IO #2/INFO]: Grim » tysooon failed Timer (x29) 
[15:03:51] [Netty Epoll IO #2/INFO]: Grim » tysooon failed TickTimer (x69) type=flying, packets=1
[15:03:51] [Netty Epoll IO #2/INFO]: Grim » tysooon failed PacketOrderO* (x128) type=PLAYER_INPUT
[15:03:51] [Netty Epoll IO #2/INFO]: Grim » tysooon failed TickTimer (x70) type=end, packets=2
[15:03:51] [Netty Epoll IO #2/INFO]: Grim » tysooon failed RotationPlace (x40) pre-flying
[15:03:51] [Netty Epoll IO #2/INFO]: Grim » tysooon failed PacketOrderO* (x129) type=PLAYER_BLOCK_PLACEMENT
[15:03:51] [Netty Epoll IO #2/INFO]: Grim » tysooon failed PacketOrderO* (x130) type=USE_ITEM
[15:03:51] [Netty Epoll IO #2/INFO]: Grim » tysooon failed Post (x36) player block placement v1.21.11
[15:03:51] [Netty Epoll IO #2/INFO]: Grim » tysooon failed BadPacketsJ (x45) 
[15:03:51] [Netty Epoll IO #2/INFO]: Grim » tysooon failed Timer (x29) 
[15:03:51] [Netty Epoll IO #2/INFO]: Grim » tysooon failed TickTimer (x71) type=flying, packets=1
[15:03:51] [Netty Epoll IO #2/INFO]: Grim » tysooon failed BadPacketsZ* (x9) 
[15:03:51] [Netty Epoll IO #2/INFO]: Grim » tysooon failed PacketOrderO* (x131) type=PLAYER_INPUT
[15:03:51] [Netty Epoll IO #2/INFO]: Grim » tysooon failed TickTimer (x72) type=end, packets=2
[15:03:51] [Netty Epoll IO #2/INFO]: Grim » tysooon failed Simulation (x56) .099060 /gl 183
[15:03:51] [Netty Epoll IO #2/INFO]: Grim » tysooon failed RotationPlace (x41) pre-flying
[15:03:51] [Netty Epoll IO #2/INFO]: Grim » tysooon failed PacketOrderO* (x132) type=PLAYER_BLOCK_PLACEMENT
[15:03:51] [Netty Epoll IO #2/INFO]: Grim » tysooon failed PacketOrderO* (x133) type=USE_ITEM
[15:03:51] [Netty Epoll IO #2/INFO]: Grim » tysooon failed Post (x37) player block placement v1.21.11
[15:03:51] [Netty Epoll IO #2/INFO]: Grim » tysooon failed Simulation (x57) .097134 /gl 184
[15:03:51] [Netty Epoll IO #2/INFO]: Grim » tysooon failed BadPacketsJ (x46) 
[15:03:51] [Netty Epoll IO #2/INFO]: Grim » tysooon failed Simulation (x58) .097134 /gl 185
[15:03:51] [Netty Epoll IO #2/INFO]: Grim » tysooon failed Timer (x30) 
[15:03:51] [Netty Epoll IO #2/INFO]: Grim » tysooon failed TickTimer (x73) type=flying, packets=1
[15:03:51] [Netty Epoll IO #2/INFO]: Grim » tysooon failed BadPacketsZ* (x10) 
[15:03:51] [Netty Epoll IO #2/INFO]: Grim » tysooon failed PacketOrderO* (x134) type=PLAYER_INPUT
[15:03:51] [Netty Epoll IO #2/INFO]: Grim » tysooon failed TickTimer (x74) type=end, packets=2
[15:03:51] [Netty Epoll IO #2/INFO]: Grim » tysooon failed RotationPlace (x42) pre-flying
[15:03:51] [Netty Epoll IO #2/INFO]: Grim » tysooon failed BadPacketsJ (x47) 
[15:03:51] [Netty Epoll IO #2/INFO]: Grim » tysooon failed Timer (x31) 
[15:03:51] [Netty Epoll IO #2/INFO]: Grim » tysooon failed TickTimer (x75) type=flying, packets=1
[15:03:51] [Netty Epoll IO #2/INFO]: Grim » tysooon failed PacketOrderO* (x135) type=PLAYER_INPUT
[15:03:51] [Netty Epoll IO #2/INFO]: Grim » tysooon failed TickTimer (x76) type=end, packets=2
[15:03:51] [Netty Epoll IO #2/INFO]: Grim » tysooon failed Simulation (x59) .096541 /gl 186
[15:03:51] [Netty Epoll IO #2/INFO]: Grim » tysooon failed RotationPlace (x43) pre-flying
[15:03:51] [Netty Epoll IO #2/INFO]: Grim » tysooon failed PacketOrderO* (x136) type=PLAYER_BLOCK_PLACEMENT
[15:03:51] [Netty Epoll IO #2/INFO]: Grim » tysooon failed PacketOrderO* (x137) type=USE_ITEM
[15:03:51] [Netty Epoll IO #2/INFO]: Grim » tysooon failed Post (x38) player block placement v1.21.11
[15:03:51] [Netty Epoll IO #2/INFO]: Grim » tysooon failed Simulation (x60) .099851 /gl 187
[15:03:51] [Netty Epoll IO #2/INFO]: Grim » tysooon failed BadPacketsJ (x48) 
[15:03:51] [Netty Epoll IO #2/INFO]: Grim » tysooon failed Timer (x32) 
[15:03:51] [Netty Epoll IO #2/INFO]: Grim » tysooon failed TickTimer (x77) type=flying, packets=1
[15:03:51] [Netty Epoll IO #2/INFO]: Grim » tysooon failed BadPacketsZ* (x11) 
[15:03:51] [Netty Epoll IO #2/INFO]: Grim » tysooon failed PacketOrderO* (x138) type=PLAYER_INPUT
[15:03:51] [Netty Epoll IO #2/INFO]: Grim » tysooon failed TickTimer (x78) type=end, packets=2
[15:03:51] [Netty Epoll IO #2/INFO]: Grim » tysooon failed AimDuplicateLook (x19) 
[15:03:51] [Netty Epoll IO #2/INFO]: Grim » tysooon failed RotationPlace (x44) pre-flying
[15:03:51] [Netty Epoll IO #2/INFO]: Grim » tysooon failed PacketOrderO* (x139) type=PLAYER_BLOCK_PLACEMENT
[15:03:51] [Netty Epoll IO #2/INFO]: Grim » tysooon failed PacketOrderO* (x139) type=USE_ITEM
[15:03:51] [Netty Epoll IO #2/INFO]: Grim » tysooon failed Post (x39) player block placement v1.21.11
[15:03:51] [Netty Epoll IO #2/INFO]: Grim » tysooon failed Simulation (x61) .099778 /gl 188
[15:03:51] [Netty Epoll IO #2/INFO]: Grim » tysooon failed BadPacketsJ (x49) 
[15:03:51] [Netty Epoll IO #2/INFO]: Grim » tysooon failed Timer (x32) 
[15:03:51] [Netty Epoll IO #2/INFO]: Grim » tysooon failed TickTimer (x79) type=flying, packets=1
[15:03:51] [Netty Epoll IO #2/INFO]: Grim » tysooon failed BadPacketsZ* (x11) 
[15:03:51] [Netty Epoll IO #2/INFO]: Grim » tysooon failed PacketOrderO* (x140) type=PLAYER_INPUT
[15:03:51] [Netty Epoll IO #2/INFO]: Grim » tysooon failed TickTimer (x80) type=end, packets=2
[15:03:51] [Netty Epoll IO #2/INFO]: Grim » tysooon failed Simulation (x62) .100959 /gl 189
[15:03:51] [Netty Epoll IO #2/INFO]: Grim » tysooon failed RotationPlace (x45) pre-flying
[15:03:51] [Netty Epoll IO #2/INFO]: Grim » tysooon failed PacketOrderO* (x141) type=PLAYER_BLOCK_PLACEMENT
[15:03:51] [Netty Epoll IO #2/INFO]: Grim » tysooon failed PacketOrderO* (x142) type=USE_ITEM
[15:03:51] [Netty Epoll IO #2/INFO]: Grim » tysooon failed Post (x40) player block placement v1.21.11
[15:03:51] [Netty Epoll IO #2/INFO]: Grim » tysooon failed BadPacketsJ (x50) 
[15:03:51] [Netty Epoll IO #2/INFO]: Grim » tysooon failed Timer (x33) 
[15:03:51] [Netty Epoll IO #2/INFO]: Grim » tysooon failed TickTimer (x81) type=flying, packets=1
[15:03:51] [Netty Epoll IO #2/INFO]: Grim » tysooon failed BadPacketsZ* (x11) 
[15:03:51] [Netty Epoll IO #2/INFO]: Grim » tysooon failed PacketOrderO* (x143) type=PLAYER_INPUT
[15:03:51] [Netty Epoll IO #2/INFO]: Grim » tysooon failed TickTimer (x82) type=end, packets=2
[15:03:51] [Netty Epoll IO #2/INFO]: Grim » tysooon failed RotationPlace (x46) pre-flying
[15:03:51] [Netty Epoll IO #2/INFO]: Grim » tysooon failed PacketOrderO* (x144) type=PLAYER_BLOCK_PLACEMENT
[15:03:51] [Netty Epoll IO #2/INFO]: Grim » tysooon failed PacketOrderO* (x145) type=USE_ITEM
[15:03:52] [Netty Epoll IO #2/INFO]: Grim » tysooon failed BadPacketsJ (x51) 
[15:03:52] [Netty Epoll IO #2/INFO]: Grim » tysooon failed AimDuplicateLook (x20) 
[15:03:52] [Netty Epoll IO #2/INFO]: Grim » tysooon failed Post (x41) player block placement v1.21.11
[15:03:52] [Netty Epoll IO #2/INFO]: Grim » tysooon failed PacketOrderO* (x146) type=PLAYER_INPUT
[15:03:52] [Netty Epoll IO #2/INFO]: Grim » tysooon failed RotationPlace (x47) pre-flying
[15:03:52] [Netty Epoll IO #2/INFO]: Grim » tysooon failed BadPacketsJ (x52) 
[15:03:52] [Netty Epoll IO #2/INFO]: Grim » tysooon failed AimDuplicateLook (x21) 
[15:03:52] [Netty Epoll IO #2/INFO]: Grim » tysooon failed BadPacketsV* (x8) delta=0.0
[15:03:52] [Netty Epoll IO #2/INFO]: Grim » tysooon failed PacketOrderO* (x147) type=PLAYER_INPUT
[15:03:52] [Netty Epoll IO #2/INFO]: Grim » tysooon failed RotationPlace (x48) pre-flying
[15:03:52] [Netty Epoll IO #2/INFO]: Grim » tysooon failed BadPacketsJ (x53) 
[15:03:52] [Netty Epoll IO #2/INFO]: Grim » tysooon failed AimDuplicateLook (x22) 
[15:03:52] [Netty Epoll IO #2/INFO]: Grim » tysooon failed BadPacketsV* (x9) delta=0.0
[15:03:52] [Netty Epoll IO #2/INFO]: Grim » tysooon failed PacketOrderO* (x148) type=PLAYER_INPUT
[15:03:52] [Netty Epoll IO #2/INFO]: Grim » tysooon failed RotationPlace (x49) pre-flying
[15:03:52] [Netty Epoll IO #2/INFO]: Grim » tysooon failed BadPacketsJ (x54) 
[15:03:52] [Netty Epoll IO #2/INFO]: Grim » tysooon failed BadPacketsV* (x10) delta=0.0
[15:03:52] [Netty Epoll IO #2/INFO]: Grim » tysooon failed PacketOrderO* (x149) type=PLAYER_INPUT
[15:03:52] [Netty Epoll IO #2/INFO]: Grim » tysooon failed RotationPlace (x50) pre-flying
[15:03:52] [Netty Epoll IO #2/INFO]: Grim » tysooon failed BadPacketsJ (x55) 
[15:03:52] [Netty Epoll IO #2/INFO]: Grim » tysooon failed AimDuplicateLook (x23) 
[15:03:52] [Netty Epoll IO #2/INFO]: Grim » tysooon failed BadPacketsV* (x11) delta=0.0
[15:03:52] [Netty Epoll IO #2/INFO]: Grim » tysooon failed PacketOrderO* (x150) type=PLAYER_INPUT
[15:03:52] [Netty Epoll IO #2/INFO]: Grim » tysooon failed RotationPlace (x51) pre-flying
[15:03:52] [Netty Epoll IO #2/INFO]: Grim » tysooon failed BadPacketsJ (x56) 
[15:03:52] [Netty Epoll IO #2/INFO]: Grim » tysooon failed AimDuplicateLook (x24) 
[15:03:52] [Netty Epoll IO #2/INFO]: Grim » tysooon failed BadPacketsV* (x12) delta=0.0
[15:03:52] [Netty Epoll IO #2/INFO]: Grim » tysooon failed PacketOrderO* (x151) type=PLAYER_INPUT
[15:03:52] [Netty Epoll IO #2/INFO]: Grim » tysooon failed RotationPlace (x52) pre-flying
[15:03:52] [Netty Epoll IO #2/INFO]: Grim » tysooon failed BadPacketsJ (x57) 
[15:03:52] [Netty Epoll IO #2/INFO]: Grim » tysooon failed BadPacketsV* (x13) delta=0.0
[15:03:53] [Netty Epoll IO #2/INFO]: Grim » tysooon failed AimDuplicateLook (x25) 
[15:03:53] [Netty Epoll IO #2/INFO]: Grim » tysooon failed BadPacketsV* (x14) delta=0.0
[15:03:53] [Netty Epoll IO #2/INFO]: Grim » tysooon failed PacketOrderO* (x152) type=PLAYER_INPUT
[15:03:53] [Netty Epoll IO #2/INFO]: Grim » tysooon failed RotationPlace (x53) pre-flying
[15:03:53] [Netty Epoll IO #2/INFO]: Grim » tysooon failed BadPacketsJ (x58) 
[15:03:53] [Netty Epoll IO #2/INFO]: Grim » tysooon failed AimDuplicateLook (x26) 
[15:03:53] [Netty Epoll IO #2/INFO]: Grim » tysooon failed BadPacketsV* (x15) delta=0.0
[15:03:53] [Netty Epoll IO #2/INFO]: Grim » tysooon failed PacketOrderO* (x153) type=PLAYER_INPUT
[15:03:53] [Netty Epoll IO #2/INFO]: Grim » tysooon failed RotationPlace (x54) pre-flying
[15:03:53] [Netty Epoll IO #2/INFO]: Grim » tysooon failed BadPacketsJ (x59) 
[15:03:53] [Netty Epoll IO #2/INFO]: Grim » tysooon failed AimDuplicateLook (x27) 
[15:03:53] [Netty Epoll IO #2/INFO]: Grim » tysooon failed BadPacketsV* (x16) delta=0.0
[15:03:53] [Netty Epoll IO #2/INFO]: Grim » tysooon failed PacketOrderO* (x154) type=PLAYER_INPUT
[15:03:53] [Netty Epoll IO #2/INFO]: Grim » tysooon failed RotationPlace (x55) pre-flying
[15:03:53] [Netty Epoll IO #2/INFO]: Grim » tysooon failed BadPacketsJ (x60) 
[15:03:53] [Netty Epoll IO #2/INFO]: Grim » tysooon failed BadPacketsV* (x17) delta=0.0
[15:03:53] [Netty Epoll IO #2/INFO]: Grim » tysooon failed Timer (x34) 
[15:03:53] [Netty Epoll IO #2/INFO]: Grim » tysooon failed TickTimer (x83) type=flying, packets=1
[15:03:53] [Netty Epoll IO #2/INFO]: Grim » tysooon failed PacketOrderO* (x155) type=PLAYER_INPUT
[15:03:53] [Netty Epoll IO #2/INFO]: Grim » tysooon failed TickTimer (x84) type=end, packets=2
[15:03:53] [Netty Epoll IO #2/INFO]: Grim » tysooon failed RotationPlace (x56) pre-flying
[15:03:53] [Netty Epoll IO #2/INFO]: Grim » tysooon failed BadPacketsJ (x61) 
[15:03:54] [Netty Epoll IO #2/INFO]: Grim » tysooon failed PacketOrderO* (x156) type=PLAYER_INPUT
[15:03:54] [Netty Epoll IO #2/INFO]: Grim » tysooon failed RotationPlace (x57) pre-flying
[15:03:54] [Netty Epoll IO #2/INFO]: Grim » tysooon failed BadPacketsJ (x62) 
[15:03:54] [Netty Epoll IO #2/INFO]: Grim » tysooon failed AimDuplicateLook (x28) 
[15:03:54] [Netty Epoll IO #2/INFO]: Grim » tysooon failed BadPacketsV* (x18) delta=0.0
[15:03:54] [Netty Epoll IO #2/INFO]: Grim » tysooon failed PacketOrderO* (x157) type=PLAYER_INPUT
[15:03:54] [Netty Epoll IO #2/INFO]: Grim » tysooon failed RotationPlace (x58) pre-flying
[15:03:54] [Netty Epoll IO #2/INFO]: Grim » tysooon failed BadPacketsJ (x63) 
[15:03:54] [Netty Epoll IO #2/INFO]: Grim » tysooon failed AimDuplicateLook (x29) 
[15:03:54] [Netty Epoll IO #2/INFO]: Grim » tysooon failed BadPacketsV* (x19) delta=0.0
[15:03:54] [Netty Epoll IO #2/INFO]: Grim » tysooon failed PacketOrderO* (x158) type=PLAYER_INPUT
[15:03:54] [Netty Epoll IO #2/INFO]: Grim » tysooon failed RotationPlace (x59) pre-flying
[15:03:54] [Netty Epoll IO #2/INFO]: Grim » tysooon failed BadPacketsJ (x64) 
[15:03:54] [Netty Epoll IO #2/INFO]: Grim » tysooon failed AimDuplicateLook (x30) 
[15:03:54] [Netty Epoll IO #2/INFO]: Grim » tysooon failed BadPacketsV* (x20) delta=0.0
[15:03:54] [Netty Epoll IO #2/INFO]: Grim » tysooon failed PacketOrderO* (x159) type=PLAYER_INPUT
[15:03:54] [Netty Epoll IO #2/INFO]: Grim » tysooon failed RotationPlace (x60) pre-flying
[15:03:54] [Netty Epoll IO #2/INFO]: Grim » tysooon failed BadPacketsJ (x65) 
[15:03:54] [Netty Epoll IO #2/INFO]: Grim » tysooon failed AimDuplicateLook (x31) 
[15:03:54] [Netty Epoll IO #2/INFO]: Grim » tysooon failed BadPacketsV* (x20) delta=0.0
[15:03:54] [Netty Epoll IO #2/INFO]: Grim » tysooon failed PacketOrderO* (x160) type=PLAYER_INPUT
[15:03:54] [Netty Epoll IO #2/INFO]: Grim » tysooon failed RotationPlace (x61) pre-flying
[15:03:54] [Netty Epoll IO #2/INFO]: Grim » tysooon failed BadPacketsJ (x66) 
[15:03:54] [Netty Epoll IO #2/INFO]: Grim » tysooon failed AimDuplicateLook (x32) 
[15:03:54] [Netty Epoll IO #2/INFO]: Grim » tysooon failed BadPacketsV* (x21) delta=0.0
[15:03:54] [Netty Epoll IO #2/INFO]: Grim » tysooon failed PacketOrderO* (x161) type=PLAYER_INPUT
[15:03:54] [Netty Epoll IO #2/INFO]: Grim » tysooon failed RotationPlace (x62) pre-flying
[15:03:54] [Netty Epoll IO #2/INFO]: Grim » tysooon failed BadPacketsJ (x67) 
[15:03:54] [Netty Epoll IO #2/INFO]: Grim » tysooon failed Simulation (x63) .097006 /gl 190
[15:03:54] [Netty Epoll IO #2/INFO]: Grim » tysooon failed Timer (x35) 
[15:03:54] [Netty Epoll IO #2/INFO]: Grim » tysooon failed TickTimer (x85) type=flying, packets=1
[15:03:54] [Netty Epoll IO #2/INFO]: Grim » tysooon failed BadPacketsZ* (x12) 
[15:03:54] [Netty Epoll IO #2/INFO]: Grim » tysooon failed PacketOrderO* (x162) type=PLAYER_INPUT
[15:03:54] [Netty Epoll IO #2/INFO]: Grim » tysooon failed TickTimer (x86) type=end, packets=2
[15:03:54] [Netty Epoll IO #2/INFO]: Grim » tysooon failed RotationPlace (x63) pre-flying
[15:03:54] [Netty Epoll IO #2/INFO]: Grim » tysooon failed BadPacketsJ (x68) 
[15:03:54] [Netty Epoll IO #2/INFO]: Grim » tysooon failed Timer (x36) 
[15:03:54] [Netty Epoll IO #2/INFO]: Grim » tysooon failed TickTimer (x87) type=flying, packets=1
[15:03:54] [Netty Epoll IO #2/INFO]: Grim » tysooon failed PacketOrderO* (x163) type=PLAYER_INPUT
[15:03:54] [Netty Epoll IO #2/INFO]: Grim » tysooon failed TickTimer (x88) type=end, packets=2
[15:03:54] [Netty Epoll IO #2/INFO]: Grim » tysooon failed Simulation (x64) .097394 /gl 191
[15:03:54] [Netty Epoll IO #2/INFO]: Grim » tysooon failed RotationPlace (x64) pre-flying
[15:03:54] [Netty Epoll IO #2/INFO]: Grim » tysooon failed PacketOrderO* (x164) type=PLAYER_BLOCK_PLACEMENT
[15:03:54] [Netty Epoll IO #2/INFO]: Grim » tysooon failed PacketOrderO* (x165) type=USE_ITEM
[15:03:54] [Netty Epoll IO #2/INFO]: Grim » tysooon failed Post (x42) player block placement v1.21.11
[15:03:54] [Netty Epoll IO #2/INFO]: Grim » tysooon failed Simulation (x65) .101079 /gl 192
[15:03:54] [Netty Epoll IO #2/INFO]: Grim » tysooon failed BadPacketsJ (x69) 
[15:03:54] [Netty Epoll IO #2/INFO]: Grim » tysooon failed Timer (x37) 
[15:03:54] [Netty Epoll IO #2/INFO]: Grim » tysooon failed TickTimer (x89) type=flying, packets=1
[15:03:54] [Netty Epoll IO #2/INFO]: Grim » tysooon failed BadPacketsZ* (x13) 
[15:03:54] [Netty Epoll IO #2/INFO]: Grim » tysooon failed PacketOrderO* (x166) type=PLAYER_INPUT
[15:03:54] [Netty Epoll IO #2/INFO]: Grim » tysooon failed TickTimer (x90) type=end, packets=2
[15:03:55] [Netty Epoll IO #2/INFO]: Grim » tysooon failed Simulation (x66) .020489 /gl 193
[15:03:55] [Netty Epoll IO #2/INFO]: Grim » tysooon failed Simulation (x67) .102470 /gl 194
[15:03:55] [Netty Epoll IO #2/INFO]: Grim » tysooon failed RotationPlace (x65) pre-flying
[15:03:55] [Netty Epoll IO #2/INFO]: Grim » tysooon failed PacketOrderO* (x167) type=PLAYER_BLOCK_PLACEMENT
[15:03:55] [Netty Epoll IO #2/INFO]: Grim » tysooon failed PacketOrderO* (x168) type=USE_ITEM
[15:03:55] [Netty Epoll IO #2/INFO]: Grim » tysooon failed Post (x43) player block placement v1.21.11
[15:03:55] [Netty Epoll IO #2/INFO]: Grim » tysooon failed Simulation (x68) .101544 /gl 195
[15:03:55] [Netty Epoll IO #2/INFO]: Grim » tysooon failed BadPacketsJ (x70) 
[15:03:55] [Netty Epoll IO #2/INFO]: Grim » tysooon failed Timer (x38) 
[15:03:55] [Netty Epoll IO #2/INFO]: Grim » tysooon failed TickTimer (x91) type=flying, packets=1
[15:03:55] [Netty Epoll IO #2/INFO]: Grim » tysooon failed PacketOrderO* (x169) type=PLAYER_INPUT
[15:03:55] [Netty Epoll IO #2/INFO]: Grim » tysooon failed TickTimer (x92) type=end, packets=2
[15:03:55] [Netty Epoll IO #2/INFO]: Grim » tysooon failed Simulation (x69) .101448 /gl 196
[15:03:55] [Netty Epoll IO #2/INFO]: Grim » tysooon failed RotationPlace (x66) pre-flying
[15:03:55] [Netty Epoll IO #2/INFO]: Grim » tysooon failed PacketOrderO* (x170) type=PLAYER_BLOCK_PLACEMENT
[15:03:55] [Netty Epoll IO #2/INFO]: Grim » tysooon failed PacketOrderO* (x171) type=USE_ITEM
[15:03:55] [Netty Epoll IO #2/INFO]: Grim » tysooon failed Post (x44) player block placement v1.21.11
[15:03:55] [Netty Epoll IO #2/INFO]: Grim » tysooon failed BadPacketsJ (x71) 
[15:03:55] [Netty Epoll IO #2/INFO]: Grim » tysooon failed Timer (x39) 
[15:03:55] [Netty Epoll IO #2/INFO]: Grim » tysooon failed TickTimer (x93) type=flying, packets=1
[15:03:55] [Netty Epoll IO #2/INFO]: Grim » tysooon failed BadPacketsZ* (x14) 
[15:03:55] [Netty Epoll IO #2/INFO]: Grim » tysooon failed PacketOrderO* (x172) type=PLAYER_INPUT
[15:03:55] [Netty Epoll IO #2/INFO]: Grim » tysooon failed TickTimer (x94) type=end, packets=2
[15:03:55] [Netty Epoll IO #2/INFO]: Grim » tysooon failed RotationPlace (x67) pre-flying
[15:03:55] [Netty Epoll IO #2/INFO]: Grim » tysooon failed BadPacketsJ (x72) 
[15:03:55] [Netty Epoll IO #2/INFO]: Grim » tysooon failed PacketOrderO* (x173) type=PLAYER_INPUT
[15:03:55] [Netty Epoll IO #2/INFO]: Grim » tysooon failed RotationPlace (x68) pre-flying
[15:03:55] [Netty Epoll IO #2/INFO]: Grim » tysooon failed BadPacketsJ (x73) 
[15:03:55] [Netty Epoll IO #2/INFO]: Grim » tysooon failed AimDuplicateLook (x33) 
[15:03:55] [Netty Epoll IO #2/INFO]: Grim » tysooon failed BadPacketsV* (x22) delta=0.0
[15:03:55] [Netty Epoll IO #2/INFO]: Grim » tysooon failed PacketOrderO* (x174) type=PLAYER_INPUT
[15:03:55] [Netty Epoll IO #2/INFO]: Grim » tysooon failed RotationPlace (x69) pre-flying
[15:03:55] [Netty Epoll IO #2/INFO]: Grim » tysooon failed BadPacketsJ (x74) 
[15:03:55] [Netty Epoll IO #2/INFO]: Grim » tysooon failed Simulation (x70) .097076 /gl 197
[15:03:58] [Netty Epoll IO #2/INFO]: Grim » tysooon failed Timer (x40) 
[15:03:58] [Netty Epoll IO #2/INFO]: Grim » tysooon failed TickTimer (x95) type=flying, packets=1
[15:03:58] [Netty Epoll IO #2/INFO]: Grim » tysooon failed PacketOrderO* (x175) type=PLAYER_INPUT
[15:03:58] [Netty Epoll IO #2/INFO]: Grim » tysooon failed TickTimer (x96) type=end, packets=2
[15:03:58] [Netty Epoll IO #2/INFO]: Grim » tysooon failed Simulation (x71) .116169 /gl 198
[15:03:58] [Netty Epoll IO #2/INFO]: Grim » tysooon failed RotationPlace (x70) pre-flying
[15:03:58] [Netty Epoll IO #2/INFO]: Grim » tysooon failed PacketOrderO* (x176) type=PLAYER_BLOCK_PLACEMENT
[15:03:58] [Netty Epoll IO #2/INFO]: Grim » tysooon failed PacketOrderO* (x177) type=USE_ITEM
[15:03:58] [Netty Epoll IO #2/INFO]: Grim » tysooon failed Post (x45) player block placement v1.21.11
[15:03:58] [Netty Epoll IO #2/INFO]: Grim » tysooon failed BadPacketsJ (x75) 
[15:03:58] [Netty Epoll IO #2/INFO]: Grim » tysooon failed Timer (x41) 
[15:03:58] [Netty Epoll IO #2/INFO]: Grim » tysooon failed TickTimer (x97) type=flying, packets=1
[15:03:58] [Netty Epoll IO #2/INFO]: Grim » tysooon failed BadPacketsZ* (x15) 
[15:03:58] [Netty Epoll IO #2/INFO]: Grim » tysooon failed PacketOrderO* (x178) type=PLAYER_INPUT
[15:03:58] [Netty Epoll IO #2/INFO]: Grim » tysooon failed TickTimer (x98) type=end, packets=2
[15:03:58] [Netty Epoll IO #2/INFO]: Grim » tysooon failed RotationPlace (x71) pre-flying
[15:03:58] [Netty Epoll IO #2/INFO]: Grim » tysooon failed PacketOrderO* (x179) type=PLAYER_BLOCK_PLACEMENT
[15:03:58] [Netty Epoll IO #2/INFO]: Grim » tysooon failed PacketOrderO* (x180) type=USE_ITEM
[15:03:58] [Netty Epoll IO #2/INFO]: Grim » tysooon failed Post (x46) player block placement v1.21.11
[15:03:58] [Netty Epoll IO #2/INFO]: Grim » tysooon failed BadPacketsJ (x76) 
[15:03:58] [Netty Epoll IO #2/INFO]: Grim » tysooon failed AimModulo360 (x2) 
[15:03:58] [Netty Epoll IO #2/INFO]: Grim » tysooon failed BadPacketsJ (x77) 
[15:03:58] [Netty Epoll IO #2/INFO]: Grim » tysooon failed BadPacketsV* (x23) delta=0.0
[15:03:58] [Netty Epoll IO #2/INFO]: Grim » tysooon failed PacketOrderO* (x181) type=PLAYER_INPUT
[15:03:58] [Netty Epoll IO #2/INFO]: Grim » tysooon failed RotationPlace (x72) pre-flying
[15:03:58] [Netty Epoll IO #2/INFO]: Grim » tysooon failed BadPacketsJ (x78) 
[15:03:58] [Netty Epoll IO #2/INFO]: Grim » tysooon failed AimDuplicateLook (x34) 
[15:03:58] [Netty Epoll IO #2/INFO]: Grim » tysooon failed BadPacketsV* (x24) delta=0.0
[15:03:58] [Netty Epoll IO #2/INFO]: Grim » tysooon failed PacketOrderO* (x182) type=PLAYER_INPUT
[15:03:58] [Netty Epoll IO #2/INFO]: Grim » tysooon failed Simulation (x72) .115459 /gl 199
[15:03:58] [Netty Epoll IO #2/INFO]: Grim » tysooon failed RotationPlace (x73) pre-flying
[15:03:58] [Netty Epoll IO #2/INFO]: Grim » tysooon failed PacketOrderO* (x183) type=PLAYER_BLOCK_PLACEMENT
[15:03:58] [Netty Epoll IO #2/INFO]: Grim » tysooon failed PacketOrderO* (x184) type=USE_ITEM
[15:03:58] [Netty Epoll IO #2/INFO]: Grim » tysooon failed Post (x47) player block placement v1.21.11
[15:03:58] [Netty Epoll IO #2/INFO]: Grim » tysooon failed Simulation (x73) .116181 /gl 200
[15:03:58] [Netty Epoll IO #2/INFO]: Grim » tysooon failed BadPacketsJ (x79) 
[15:03:58] [Netty Epoll IO #2/INFO]: Grim » tysooon failed BadPacketsJ (x80) 
[15:03:58] [Netty Epoll IO #2/INFO]: Grim » tysooon failed PacketOrderO* (x185) type=PLAYER_INPUT
[15:03:58] [Netty Epoll IO #2/INFO]: Grim » tysooon failed RotationPlace (x74) pre-flying
[15:03:58] [Netty Epoll IO #2/INFO]: Grim » tysooon failed PacketOrderO* (x186) type=PLAYER_BLOCK_PLACEMENT
[15:03:58] [Netty Epoll IO #2/INFO]: Grim » tysooon failed PacketOrderO* (x187) type=USE_ITEM
[15:03:59] [Netty Epoll IO #2/INFO]: Grim » tysooon failed Post (x48) player block placement v1.21.11
[15:03:59] [Netty Epoll IO #2/INFO]: Grim » tysooon failed Simulation (x74) .124377 /gl 201
[15:03:59] [Netty Epoll IO #2/INFO]: Grim » tysooon failed BadPacketsJ (x81) 
[15:03:59] [Netty Epoll IO #2/INFO]: Grim » tysooon failed Timer (x42) 
[15:03:59] [Netty Epoll IO #2/INFO]: Grim » tysooon failed TickTimer (x99) type=flying, packets=1
[15:03:59] [Netty Epoll IO #2/INFO]: Grim » tysooon failed BadPacketsZ* (x16) 
[15:03:59] [Netty Epoll IO #2/INFO]: Grim » tysooon failed PacketOrderO* (x188) type=PLAYER_INPUT
[15:03:59] [Netty Epoll IO #2/INFO]: Grim » tysooon failed TickTimer (x100) type=end, packets=2
[15:03:59] [Netty Epoll IO #2/INFO]: Grim » tysooon failed Simulation (x75) .124171 /gl 202
[15:03:59] [Netty Epoll IO #2/INFO]: Grim » tysooon failed BadPacketsJ (x82) 
[15:03:59] [Netty Epoll IO #2/INFO]: Grim » tysooon failed RotationPlace (x75) pre-flying
[15:03:59] [Netty Epoll IO #2/INFO]: Grim » tysooon failed PacketOrderO* (x189) type=PLAYER_BLOCK_PLACEMENT
[15:03:59] [Netty Epoll IO #2/INFO]: Grim » tysooon failed PacketOrderO* (x190) type=USE_ITEM
[15:03:59] [Netty Epoll IO #2/INFO]: Grim » tysooon failed Post (x49) player block placement v1.21.11
[15:03:59] [Netty Epoll IO #2/INFO]: Grim » tysooon failed Simulation (x76) .122513 /gl 203
[15:03:59] [Netty Epoll IO #2/INFO]: Grim » tysooon failed BadPacketsJ (x83) 
[15:03:59] [Netty Epoll IO #2/INFO]: Grim » tysooon failed Timer (x42) 
[15:03:59] [Netty Epoll IO #2/INFO]: Grim » tysooon failed TickTimer (x101) type=flying, packets=1
[15:03:59] [Netty Epoll IO #2/INFO]: Grim » tysooon failed PacketOrderO* (x191) type=PLAYER_INPUT
[15:03:59] [Netty Epoll IO #2/INFO]: Grim » tysooon failed TickTimer (x102) type=end, packets=2
[15:03:59] [Netty Epoll IO #2/INFO]: Grim » tysooon failed Simulation (x77) .121260 /gl 204
[15:03:59] [Netty Epoll IO #2/INFO]: Grim » tysooon failed RotationPlace (x76) pre-flying
[15:03:59] [Netty Epoll IO #2/INFO]: Grim » tysooon failed PacketOrderO* (x192) type=PLAYER_BLOCK_PLACEMENT
[15:03:59] [Netty Epoll IO #2/INFO]: Grim » tysooon failed PacketOrderO* (x193) type=USE_ITEM
[15:03:59] [Netty Epoll IO #2/INFO]: Grim » tysooon failed Post (x50) player block placement v1.21.11
[15:03:59] [Netty Epoll IO #2/INFO]: Grim » tysooon failed Simulation (x78) .120289 /gl 205
[15:03:59] [Netty Epoll IO #2/INFO]: Grim » tysooon failed BadPacketsJ (x84) 
[15:03:59] [Netty Epoll IO #2/INFO]: Grim » tysooon failed Simulation (x79) .111632 /gl 206
[15:03:59] [Netty Epoll IO #2/INFO]: Grim » tysooon failed BadPacketsJ (x85) 
[15:03:59] [Netty Epoll IO #2/INFO]: Grim » tysooon failed Timer (x42) 
[15:03:59] [Netty Epoll IO #2/INFO]: Grim » tysooon failed TickTimer (x103) type=flying, packets=1
[15:03:59] [Netty Epoll IO #2/INFO]: Grim » tysooon failed BadPacketsZ* (x16) 
[15:03:59] [Netty Epoll IO #2/INFO]: Grim » tysooon failed PacketOrderO* (x194) type=PLAYER_INPUT
[15:03:59] [Netty Epoll IO #2/INFO]: Grim » tysooon failed TickTimer (x104) type=end, packets=2
[15:03:59] [Netty Epoll IO #2/INFO]: Grim » tysooon failed Simulation (x80) .111189 /gl 207
[15:03:59] [Netty Epoll IO #2/INFO]: Grim » tysooon failed RotationPlace (x77) pre-flying
[15:03:59] [Netty Epoll IO #2/INFO]: Grim » tysooon failed PacketOrderO* (x195) type=PLAYER_BLOCK_PLACEMENT
[15:03:59] [Netty Epoll IO #2/INFO]: Grim » tysooon failed PacketOrderO* (x196) type=USE_ITEM
[15:03:59] [Netty Epoll IO #2/INFO]: Grim » tysooon failed Post (x51) player block placement v1.21.11
[15:03:59] [Netty Epoll IO #2/INFO]: Grim » tysooon failed Simulation (x81) .111078 /gl 208
[15:03:59] [Netty Epoll IO #2/INFO]: Grim » tysooon failed BadPacketsJ (x86) 
[15:03:59] [Netty Epoll IO #2/INFO]: Grim » tysooon failed Timer (x43) 
[15:03:59] [Netty Epoll IO #2/INFO]: Grim » tysooon failed TickTimer (x105) type=flying, packets=1
[15:03:59] [Netty Epoll IO #2/INFO]: Grim » tysooon failed PacketOrderO* (x197) type=PLAYER_INPUT
[15:03:59] [Netty Epoll IO #2/INFO]: Grim » tysooon failed TickTimer (x106) type=end, packets=2
[15:03:59] [Netty Epoll IO #2/INFO]: Grim » tysooon failed RotationPlace (x78) pre-flying
[15:03:59] [Netty Epoll IO #2/INFO]: Grim » tysooon failed PacketOrderO* (x198) type=PLAYER_BLOCK_PLACEMENT
[15:03:59] [Netty Epoll IO #2/INFO]: Grim » tysooon failed PacketOrderO* (x199) type=USE_ITEM
[15:03:59] [Netty Epoll IO #2/INFO]: Grim » tysooon failed BadPacketsJ (x87) 
[15:03:59] [Netty Epoll IO #2/INFO]: Grim » tysooon failed Post (x52) player block placement v1.21.11
[15:03:59] [Netty Epoll IO #2/INFO]: Grim » tysooon failed Timer (x44) 
[15:03:59] [Netty Epoll IO #2/INFO]: Grim » tysooon failed TickTimer (x107) type=flying, packets=1
[15:03:59] [Netty Epoll IO #2/INFO]: Grim » tysooon failed PacketOrderO* (x200) type=PLAYER_INPUT
[15:03:59] [Netty Epoll IO #2/INFO]: Grim » tysooon failed TickTimer (x108) type=end, packets=2
[15:04:00] [Netty Epoll IO #2/INFO]: Grim » tysooon failed RotationPlace (x79) pre-flying
[15:04:00] [Netty Epoll IO #2/INFO]: Grim » tysooon failed PacketOrderO* (x201) type=PLAYER_BLOCK_PLACEMENT
[15:04:00] [Netty Epoll IO #2/INFO]: Grim » tysooon failed PacketOrderO* (x202) type=USE_ITEM
[15:04:00] [Netty Epoll IO #2/INFO]: Grim » tysooon failed Post (x53) player block placement v1.21.11
[15:04:00] [Netty Epoll IO #2/INFO]: Grim » tysooon failed BadPacketsJ (x88) 
[15:04:00] [Netty Epoll IO #2/INFO]: Grim » tysooon failed Timer (x45) 
[15:04:00] [Netty Epoll IO #2/INFO]: Grim » tysooon failed TickTimer (x109) type=flying, packets=1
[15:04:00] [Netty Epoll IO #2/INFO]: Grim » tysooon failed BadPacketsZ* (x17) 
[15:04:00] [Netty Epoll IO #2/INFO]: Grim » tysooon failed PacketOrderO* (x203) type=PLAYER_INPUT
[15:04:00] [Netty Epoll IO #2/INFO]: Grim » tysooon failed TickTimer (x110) type=end, packets=2
[15:04:00] [Netty Epoll IO #2/INFO]: Grim » tysooon failed RotationPlace (x80) pre-flying
[15:04:00] [Netty Epoll IO #2/INFO]: Grim » tysooon failed AimDuplicateLook (x35) 
[15:04:00] [Netty Epoll IO #2/INFO]: Grim » tysooon failed RotationPlace (x81) pre-flying
[15:04:00] [Netty Epoll IO #2/INFO]: Grim » tysooon failed PacketOrderO* (x204) type=PLAYER_BLOCK_PLACEMENT
[15:04:00] [Netty Epoll IO #2/INFO]: Grim » tysooon failed PacketOrderO* (x205) type=USE_ITEM
[15:04:00] [Netty Epoll IO #2/INFO]: Grim » tysooon failed AimDuplicateLook (x36) 
[15:04:00] [Netty Epoll IO #2/INFO]: Grim » tysooon failed Post (x54) player block placement v1.21.11
[15:04:00] [Netty Epoll IO #2/INFO]: Grim » tysooon failed BadPacketsJ (x89) 
[15:04:00] [Netty Epoll IO #2/INFO]: Grim » tysooon failed Timer (x46) 
[15:04:00] [Netty Epoll IO #2/INFO]: Grim » tysooon failed TickTimer (x111) type=flying, packets=1
[15:04:00] [Netty Epoll IO #2/INFO]: Grim » tysooon failed PacketOrderO* (x206) type=PLAYER_INPUT
[15:04:00] [Netty Epoll IO #2/INFO]: Grim » tysooon failed TickTimer (x112) type=end, packets=2
[15:04:00] [Netty Epoll IO #2/INFO]: Grim » tysooon failed RotationPlace (x82) pre-flying
[15:04:00] [Netty Epoll IO #2/INFO]: Grim » tysooon failed PacketOrderO* (x207) type=PLAYER_BLOCK_PLACEMENT
[15:04:00] [Netty Epoll IO #2/INFO]: Grim » tysooon failed PacketOrderO* (x208) type=USE_ITEM
[15:04:00] [Netty Epoll IO #2/INFO]: Grim » tysooon failed Post (x55) player block placement v1.21.11
[15:04:00] [Netty Epoll IO #2/INFO]: Grim » tysooon failed BadPacketsJ (x90) 
[15:04:00] [Netty Epoll IO #2/INFO]: Grim » tysooon failed Timer (x47) 
[15:04:00] [Netty Epoll IO #2/INFO]: Grim » tysooon failed TickTimer (x113) type=flying, packets=1
[15:04:00] [Netty Epoll IO #2/INFO]: Grim » tysooon failed PacketOrderO* (x209) type=PLAYER_INPUT
[15:04:00] [Netty Epoll IO #2/INFO]: Grim » tysooon failed TickTimer (x114) type=end, packets=2
[15:04:00] [Netty Epoll IO #2/INFO]: Grim » tysooon failed RotationPlace (x83) pre-flying
[15:04:00] [Netty Epoll IO #2/INFO]: Grim » tysooon failed MultiPlace* (x1) face=UP, lastFace=SOUTH, cursor=0.25, 1.0, 0.25, lastCursor=0.027368026, 0.27874905, 1.0, pos=-5021, 122, -8262, lastPos=-5020, 123, -8263
[15:04:00] [Netty Epoll IO #2/INFO]: Grim » tysooon failed RotationPlace (x84) pre-flying
[15:04:00] [Netty Epoll IO #2/INFO]: Grim » tysooon failed BadPacketsJ (x91) 
[15:04:00] [Netty Epoll IO #2/INFO]: Grim » tysooon failed PacketOrderO* (x210) type=PLAYER_INPUT
[15:04:00] [Netty Epoll IO #2/INFO]: Grim » tysooon failed RotationPlace (x85) pre-flying
[15:04:00] [Netty Epoll IO #2/INFO]: Grim » tysooon failed BadPacketsJ (x92) 
[15:04:00] [Netty Epoll IO #2/INFO]: Grim » tysooon failed RotationPlace (x86) pre-flying
[15:04:00] [Netty Epoll IO #2/INFO]: Grim » tysooon failed AimDuplicateLook (x37) 
[15:04:00] [Netty Epoll IO #2/INFO]: Grim » tysooon failed BadPacketsV* (x25) delta=0.0
[15:04:00] [Netty Epoll IO #2/INFO]: Grim » tysooon failed PacketOrderO* (x211) type=PLAYER_INPUT
[15:04:00] [Netty Epoll IO #2/INFO]: Grim » tysooon failed AirLiquidPlace (x1) 
[15:04:00] [Netty Epoll IO #2/INFO]: Grim » tysooon failed RotationPlace (x87) pre-flying
[15:04:00] [Netty Epoll IO #2/INFO]: Grim » tysooon failed BadPacketsJ (x93) 
[15:04:00] [Netty Epoll IO #2/INFO]: Grim » tysooon failed AimDuplicateLook (x38) 
[15:04:00] [Netty Epoll IO #2/INFO]: Grim » tysooon failed BadPacketsV* (x26) delta=0.0
[15:04:00] [Netty Epoll IO #2/INFO]: Grim » tysooon failed PacketOrderO* (x212) type=PLAYER_INPUT
[15:04:00] [Netty Epoll IO #2/INFO]: Grim » tysooon failed AimDuplicateLook (x39) 
[15:04:00] [Netty Epoll IO #2/INFO]: Grim » tysooon failed RotationPlace (x88) pre-flying
[15:04:00] [Netty Epoll IO #2/INFO]: Grim » tysooon failed AimDuplicateLook (x40) 
[15:04:00] [Netty Epoll IO #2/INFO]: Grim » tysooon failed RotationPlace (x89) pre-flying
[15:04:00] [Netty Epoll IO #2/INFO]: Grim » tysooon failed PacketOrderO* (x213) type=PLAYER_BLOCK_PLACEMENT
[15:04:00] [Netty Epoll IO #2/INFO]: Grim » tysooon failed PacketOrderO* (x214) type=USE_ITEM
[15:04:00] [Netty Epoll IO #2/INFO]: Grim » tysooon failed AimDuplicateLook (x41) 
[15:04:00] [Netty Epoll IO #2/INFO]: Grim » tysooon failed BadPacketsJ (x94) 
[15:04:00] [Netty Epoll IO #2/INFO]: Grim » tysooon failed Timer (x48) 
[15:04:00] [Netty Epoll IO #2/INFO]: Grim » tysooon failed TickTimer (x115) type=flying, packets=1
[15:04:00] [Netty Epoll IO #2/INFO]: Grim » tysooon failed PacketOrderO* (x215) type=PLAYER_INPUT
[15:04:00] [Netty Epoll IO #2/INFO]: Grim » tysooon failed TickTimer (x116) type=end, packets=2
[15:04:00] [Netty Epoll IO #2/INFO]: Grim » tysooon failed RotationPlace (x90) pre-flying
[15:04:00] [Netty Epoll IO #2/INFO]: Grim » tysooon failed BadPacketsJ (x95) 
[15:04:00] [Netty Epoll IO #2/INFO]: Grim » tysooon failed Timer (x49) 
[15:04:00] [Netty Epoll IO #2/INFO]: Grim » tysooon failed TickTimer (x117) type=flying, packets=1
[15:04:00] [Netty Epoll IO #2/INFO]: Grim » tysooon failed PacketOrderO* (x216) type=PLAYER_INPUT
[15:04:00] [Netty Epoll IO #2/INFO]: Grim » tysooon failed TickTimer (x118) type=end, packets=2
[15:04:00] [Netty Epoll IO #2/INFO]: Grim » tysooon failed RotationPlace (x91) pre-flying
[15:04:00] [Netty Epoll IO #2/INFO]: Grim » tysooon failed RotationPlace (x92) pre-flying
[15:04:00] [Netty Epoll IO #2/INFO]: Grim » tysooon failed PacketOrderO* (x217) type=PLAYER_BLOCK_PLACEMENT
[15:04:00] [Netty Epoll IO #2/INFO]: Grim » tysooon failed PacketOrderO* (x218) type=USE_ITEM
[15:04:01] [Netty Epoll IO #2/INFO]: Grim » tysooon failed AimDuplicateLook (x42) 
[15:04:01] [Netty Epoll IO #2/INFO]: Grim » tysooon failed BadPacketsJ (x96) 
[15:04:01] [Netty Epoll IO #2/INFO]: Grim » tysooon failed AimDuplicateLook (x43) 
[15:04:01] [Netty Epoll IO #2/INFO]: Grim » tysooon failed Post (x56) player block placement v1.21.11
[15:04:01] [Netty Epoll IO #2/INFO]: Grim » tysooon failed Post (x57) player block placement v1.21.11
[15:04:01] [Netty Epoll IO #2/INFO]: Grim » tysooon failed Timer (x50) 
[15:04:01] [Netty Epoll IO #2/INFO]: Grim » tysooon failed TickTimer (x119) type=flying, packets=1
[15:04:01] [Netty Epoll IO #2/INFO]: Grim » tysooon failed BadPacketsZ* (x18) 
[15:04:01] [Netty Epoll IO #2/INFO]: Grim » tysooon failed PacketOrderO* (x219) type=PLAYER_INPUT
[15:04:01] [Netty Epoll IO #2/INFO]: Grim » tysooon failed TickTimer (x120) type=end, packets=2
[15:04:01] [Netty Epoll IO #2/INFO]: Grim » tysooon failed Simulation (x82) .115792 /gl 209
[15:04:01] [Netty Epoll IO #2/INFO]: Grim » tysooon failed RotationPlace (x93) pre-flying
[15:04:01] [Netty Epoll IO #2/INFO]: Grim » tysooon failed PacketOrderO* (x220) type=PLAYER_BLOCK_PLACEMENT
[15:04:01] [Netty Epoll IO #2/INFO]: Grim » tysooon failed PacketOrderO* (x221) type=USE_ITEM
[15:04:01] [Netty Epoll IO #2/INFO]: Grim » tysooon failed Post (x58) player block placement v1.21.11
[15:04:01] [Netty Epoll IO #2/INFO]: Grim » tysooon failed Simulation (x83) .116643 /gl 210
[15:04:01] [Netty Epoll IO #2/INFO]: Grim » tysooon failed BadPacketsJ (x97) 
[15:04:02] [Netty Epoll IO #2/INFO]: Grim » tysooon failed Timer (x51) 
[15:04:02] [Netty Epoll IO #2/INFO]: Grim » tysooon failed TickTimer (x121) type=flying, packets=1
[15:04:02] [Netty Epoll IO #2/INFO]: Grim » tysooon failed PacketOrderO* (x222) type=PLAYER_INPUT
[15:04:02] [Netty Epoll IO #2/INFO]: Grim » tysooon failed TickTimer (x122) type=end, packets=2
[15:04:02] [Netty Epoll IO #2/INFO]: Grim » tysooon failed BadPacketsJ (x98) 
[15:04:02] [Netty Epoll IO #2/INFO]: Grim » tysooon failed Timer (x52) 
[15:04:02] [Netty Epoll IO #2/INFO]: Grim » tysooon failed TickTimer (x123) type=flying, packets=1
[15:04:02] [Netty Epoll IO #2/INFO]: Grim » tysooon failed PacketOrderO* (x223) type=PLAYER_INPUT
[15:04:02] [Netty Epoll IO #2/INFO]: Grim » tysooon failed TickTimer (x124) type=end, packets=2
[15:04:02] [Netty Epoll IO #2/INFO]: Grim » tysooon failed PositionPlace (x2) 
[15:04:02] [Netty Epoll IO #2/INFO]: Grim » tysooon failed RotationPlace (x94) pre-flying
[15:04:02] [Netty Epoll IO #2/INFO]: Grim » tysooon failed BadPacketsJ (x99) 
[15:04:02] [Netty Epoll IO #2/INFO]: Grim » tysooon failed RotationPlace (x95) pre-flying
[15:04:02] [Netty Epoll IO #2/INFO]: Grim » tysooon failed PacketOrderO* (x224) type=PLAYER_INPUT
[15:04:02] [Netty Epoll IO #2/INFO]: Grim » tysooon failed PositionPlace (x3) 
[15:04:02] [Netty Epoll IO #2/INFO]: Grim » tysooon failed RotationPlace (x96) pre-flying
[15:04:02] [Netty Epoll IO #2/INFO]: Grim » tysooon failed BadPacketsJ (x100) 
[15:04:02] [Netty Epoll IO #2/INFO]: Grim » tysooon failed AimDuplicateLook (x44) 
[15:04:02] [Netty Epoll IO #2/INFO]: Grim » tysooon failed BadPacketsV* (x27) delta=0.0
[15:04:02] [Netty Epoll IO #2/INFO]: Grim » tysooon failed PacketOrderO* (x225) type=PLAYER_INPUT
[15:04:02] [Netty Epoll IO #2/INFO]: Grim » tysooon failed RotationPlace (x97) pre-flying
[15:04:02] [Netty Epoll IO #2/INFO]: Grim » tysooon failed MultiPlace* (x2) face=NORTH, lastFace=EAST, cursor=0.25, 0.25, 0.0, lastCursor=1.0, 0.75118876, 0.6444109, pos=-5021, 123, -8262, lastPos=-5021, 123, -8262
[15:04:02] [Netty Epoll IO #2/INFO]: Grim » tysooon failed PositionPlace (x4) 
[15:04:02] [Netty Epoll IO #2/INFO]: Grim » tysooon failed RotationPlace (x98) pre-flying
[15:04:02] [Netty Epoll IO #2/INFO]: Grim » tysooon failed BadPacketsJ (x101) 
[15:04:02] [Netty Epoll IO #2/INFO]: Grim » tysooon failed AimDuplicateLook (x45) 
[15:04:02] [Netty Epoll IO #2/INFO]: Grim » tysooon failed Timer (x53) 
[15:04:02] [Netty Epoll IO #2/INFO]: Grim » tysooon failed TickTimer (x125) type=flying, packets=1
[15:04:02] [Netty Epoll IO #2/INFO]: Grim » tysooon failed PacketOrderO* (x226) type=PLAYER_INPUT
[15:04:02] [Netty Epoll IO #2/INFO]: Grim » tysooon failed TickTimer (x126) type=end, packets=2
[15:04:02] [Netty Epoll IO #2/INFO]: Grim » tysooon failed PositionPlace (x4) 
[15:04:02] [Netty Epoll IO #2/INFO]: Grim » tysooon failed RotationPlace (x99) pre-flying
[15:04:02] [Netty Epoll IO #2/INFO]: Grim » tysooon failed PacketOrderO* (x227) type=PLAYER_BLOCK_PLACEMENT
[15:04:02] [Netty Epoll IO #2/INFO]: Grim » tysooon failed PacketOrderO* (x228) type=USE_ITEM
[15:04:02] [Netty Epoll IO #2/INFO]: Grim » tysooon failed AimDuplicateLook (x46) 
[15:04:02] [Netty Epoll IO #2/INFO]: Grim » tysooon failed BadPacketsJ (x102) 
[15:04:02] [Netty Epoll IO #2/INFO]: Grim » tysooon failed RotationPlace (x100) pre-flying
[15:04:02] [Netty Epoll IO #2/INFO]: Grim » tysooon failed AimDuplicateLook (x47) 
[15:04:02] [Netty Epoll IO #2/INFO]: Grim » tysooon failed Post (x59) player block placement v1.21.11
[15:04:02] [Netty Epoll IO #2/INFO]: Grim » tysooon failed PacketOrderO* (x229) type=PLAYER_INPUT
[15:04:02] [Netty Epoll IO #2/INFO]: Grim » tysooon failed PositionPlace (x5) 
[15:04:02] [Netty Epoll IO #2/INFO]: Grim » tysooon failed RotationPlace (x101) pre-flying
[15:04:02] [Netty Epoll IO #2/INFO]: Grim » tysooon failed BadPacketsJ (x103) 
[15:04:03] [Netty Epoll IO #2/INFO]: Grim » tysooon failed AimModulo360 (x3) 
[15:04:03] [Netty Epoll IO #2/INFO]: Grim » tysooon failed Simulation (x84) .022963 /gl 211
[15:04:03] [Netty Epoll IO #2/INFO]: Grim » tysooon failed Timer (x54) 
[15:04:03] [Netty Epoll IO #2/INFO]: Grim » tysooon failed TickTimer (x127) type=flying, packets=1
[15:04:03] [Netty Epoll IO #2/INFO]: Grim » tysooon failed BadPacketsZ* (x18) 
[15:04:03] [Netty Epoll IO #2/INFO]: Grim » tysooon failed PacketOrderO* (x230) type=PLAYER_INPUT
[15:04:03] [Netty Epoll IO #2/INFO]: Grim » tysooon failed TickTimer (x128) type=end, packets=2
[15:04:03] [Netty Epoll IO #2/INFO]: Grim » tysooon failed RotationPlace (x102) pre-flying
[15:04:03] [Netty Epoll IO #2/INFO]: Grim » tysooon failed PacketOrderO* (x231) type=PLAYER_BLOCK_PLACEMENT
[15:04:03] [Netty Epoll IO #2/INFO]: Grim » tysooon failed PacketOrderO* (x232) type=USE_ITEM
[15:04:03] [Netty Epoll IO #2/INFO]: Grim » tysooon failed AimDuplicateLook (x48) 
[15:04:03] [Netty Epoll IO #2/INFO]: Grim » tysooon failed Post (x60) player block placement v1.21.11
[15:04:03] [Netty Epoll IO #2/INFO]: Grim » tysooon failed BadPacketsJ (x104) 
[15:04:03] [Netty Epoll IO #2/INFO]: Grim » tysooon failed Timer (x55) 
[15:04:03] [Netty Epoll IO #2/INFO]: Grim » tysooon failed TickTimer (x129) type=flying, packets=1
[15:04:03] [Netty Epoll IO #2/INFO]: Grim » tysooon failed PacketOrderO* (x233) type=PLAYER_INPUT
[15:04:03] [Netty Epoll IO #2/INFO]: Grim » tysooon failed TickTimer (x130) type=end, packets=2
[15:04:03] [Netty Epoll IO #2/INFO]: Grim » tysooon failed RotationPlace (x103) pre-flying
[15:04:03] [Netty Epoll IO #2/INFO]: Grim » tysooon failed PacketOrderO* (x234) type=PLAYER_BLOCK_PLACEMENT
[15:04:03] [Netty Epoll IO #2/INFO]: Grim » tysooon failed PacketOrderO* (x235) type=USE_ITEM
[15:04:03] [Netty Epoll IO #2/INFO]: Grim » tysooon failed AimDuplicateLook (x49) 
[15:04:03] [Netty Epoll IO #2/INFO]: Grim » tysooon failed Post (x61) player block placement v1.21.11
[15:04:03] [Netty Epoll IO #2/INFO]: Grim » tysooon failed BadPacketsJ (x105) 
[15:04:23] [Netty Epoll IO #2/INFO]: Grim » tysooon failed RotationPlace (x104) pre-flying
[15:04:48] [Server thread/INFO]: tysooon issued server command: /SHOP
[15:04:49] [Netty Epoll IO #2/INFO]: Grim » tysooon failed BadPacketsV* (x28) delta=0.0
[15:04:49] [Netty Epoll IO #2/INFO]: Grim » tysooon failed PacketOrderO* (x236) type=PLAYER_INPUT
[15:04:49] [Netty Epoll IO #2/INFO]: Grim » tysooon failed RotationPlace (x105) pre-flying
[15:04:49] [Netty Epoll IO #2/INFO]: Grim » tysooon failed BadPacketsJ (x106) 
[15:04:49] [Netty Epoll IO #2/INFO]: Grim » tysooon failed AimDuplicateLook (x50) 
[15:04:49] [Netty Epoll IO #2/INFO]: Grim » tysooon failed BadPacketsV* (x29) delta=0.0
[15:04:49] [Netty Epoll IO #2/INFO]: Grim » tysooon failed PacketOrderO* (x237) type=PLAYER_INPUT
[15:04:49] [Netty Epoll IO #2/INFO]: Grim » tysooon failed BadPacketsV* (x30) delta=0.0
[15:04:49] [Netty Epoll IO #2/INFO]: Grim » tysooon failed RotationPlace (x106) pre-flying
[15:04:49] [Netty Epoll IO #2/INFO]: Grim » tysooon failed BadPacketsJ (x107) 
[15:04:49] [Netty Epoll IO #2/INFO]: Grim » tysooon failed AimDuplicateLook (x51) 
[15:04:49] [Netty Epoll IO #2/INFO]: Grim » tysooon failed BadPacketsV* (x31) delta=0.0
[15:04:49] [Netty Epoll IO #2/INFO]: Grim » tysooon failed PacketOrderO* (x238) type=PLAYER_INPUT
[15:04:49] [Netty Epoll IO #2/INFO]: Grim » tysooon failed RotationPlace (x107) pre-flying
[15:04:49] [Netty Epoll IO #2/INFO]: Grim » tysooon failed BadPacketsJ (x108) 
[15:04:49] [Netty Epoll IO #2/INFO]: Grim » tysooon failed AimDuplicateLook (x52) 
[15:04:49] [Netty Epoll IO #2/INFO]: Grim » tysooon failed BadPacketsV* (x32) delta=0.0
[15:04:49] [Netty Epoll IO #2/INFO]: Grim » tysooon failed PacketOrderO* (x239) type=PLAYER_INPUT
[15:04:49] [Netty Epoll IO #2/INFO]: Grim » tysooon failed RotationPlace (x108) pre-flying
[15:04:49] [Netty Epoll IO #2/INFO]: Grim » tysooon failed BadPacketsJ (x109) 
[15:04:49] [Netty Epoll IO #2/INFO]: Grim » tysooon failed AimDuplicateLook (x53) 
[15:04:49] [Netty Epoll IO #2/INFO]: Grim » tysooon failed BadPacketsV* (x32) delta=0.0
[15:04:49] [Netty Epoll IO #2/INFO]: Grim » tysooon failed PacketOrderO* (x240) type=PLAYER_INPUT
[15:04:49] [Netty Epoll IO #2/INFO]: Grim » tysooon failed RotationPlace (x109) pre-flying
[15:04:49] [Netty Epoll IO #2/INFO]: Grim » tysooon failed BadPacketsJ (x110) 
[15:04:49] [Netty Epoll IO #2/INFO]: Grim » tysooon failed AimDuplicateLook (x54) 
[15:04:49] [Netty Epoll IO #2/INFO]: Grim » tysooon failed BadPacketsV* (x33) delta=0.0
[15:04:49] [Netty Epoll IO #2/INFO]: Grim » tysooon failed PacketOrderO* (x241) type=PLAYER_INPUT
[15:04:49] [Netty Epoll IO #2/INFO]: Grim » tysooon failed RotationPlace (x110) pre-flying
[15:04:49] [Netty Epoll IO #2/INFO]: Grim » tysooon failed BadPacketsJ (x111) 
[15:04:49] [Netty Epoll IO #2/INFO]: Grim » tysooon failed AimDuplicateLook (x55) 
[15:04:49] [Netty Epoll IO #2/INFO]: Grim » tysooon failed BadPacketsV* (x34) delta=0.0
[15:04:49] [Netty Epoll IO #2/INFO]: Grim » tysooon failed PacketOrderO* (x242) type=PLAYER_INPUT
[15:04:49] [Netty Epoll IO #2/INFO]: Grim » tysooon failed RotationPlace (x111) pre-flying
[15:04:49] [Netty Epoll IO #2/INFO]: Grim » tysooon failed BadPacketsJ (x112) 
[15:04:50] [Netty Epoll IO #2/INFO]: Grim » tysooon failed AimDuplicateLook (x56) 
[15:04:50] [Netty Epoll IO #2/INFO]: Grim » tysooon failed BadPacketsV* (x35) delta=0.0
[15:04:50] [Netty Epoll IO #2/INFO]: Grim » tysooon failed PacketOrderO* (x243) type=PLAYER_INPUT
[15:04:50] [Netty Epoll IO #2/INFO]: Grim » tysooon failed RotationPlace (x112) pre-flying
[15:04:50] [Netty Epoll IO #2/INFO]: Grim » tysooon failed BadPacketsJ (x113) 
[15:04:50] [Netty Epoll IO #2/INFO]: Grim » tysooon failed AimDuplicateLook (x57) 
[15:04:50] [Netty Epoll IO #2/INFO]: Grim » tysooon failed BadPacketsV* (x36) delta=0.0
[15:04:50] [Netty Epoll IO #2/INFO]: Grim » tysooon failed PacketOrderO* (x244) type=PLAYER_INPUT
[15:04:50] [Netty Epoll IO #2/INFO]: Grim » tysooon failed RotationPlace (x113) pre-flying
[15:04:50] [Netty Epoll IO #2/INFO]: Grim » tysooon failed BadPacketsJ (x114) 
[15:04:50] [Server thread/INFO]: tysooon issued server command: /shop
[15:04:50] [Netty Epoll IO #2/INFO]: Grim » tysooon failed AimDuplicateLook (x58) 
[15:04:50] [Netty Epoll IO #2/INFO]: Grim » tysooon failed BadPacketsV* (x37) delta=0.0
[15:04:50] [Netty Epoll IO #2/INFO]: Grim » tysooon failed PacketOrderO* (x245) type=PLAYER_INPUT
[15:04:50] [Netty Epoll IO #2/INFO]: Grim » tysooon failed BadPacketsV* (x38) delta=0.0
[15:04:50] [Netty Epoll IO #2/INFO]: Grim » tysooon failed RotationPlace (x114) pre-flying
[15:04:50] [Netty Epoll IO #2/INFO]: Grim » tysooon failed PacketOrderO* (x246) type=PLAYER_BLOCK_PLACEMENT
[15:04:50] [Netty Epoll IO #2/INFO]: Grim » tysooon failed PacketOrderO* (x247) type=USE_ITEM
[15:04:50] [Netty Epoll IO #2/INFO]: Grim » tysooon failed AimDuplicateLook (x59) 
[15:04:50] [Netty Epoll IO #2/INFO]: Grim » tysooon failed Post (x62) player block placement v1.21.11
[15:04:50] [Netty Epoll IO #2/INFO]: Grim » tysooon failed BadPacketsJ (x115) 
[15:04:50] [Netty Epoll IO #2/INFO]: Grim » tysooon failed BadPacketsV* (x39) delta=0.0
[15:04:50] [Netty Epoll IO #2/INFO]: Grim » tysooon failed PacketOrderO* (x248) type=PLAYER_INPUT
[15:04:50] [Netty Epoll IO #2/INFO]: Grim » tysooon failed RotationPlace (x115) pre-flying
[15:04:50] [Netty Epoll IO #2/INFO]: Grim » tysooon failed BadPacketsJ (x116) 
[15:04:50] [Netty Epoll IO #2/INFO]: Grim » tysooon failed AimDuplicateLook (x60) 
[15:04:50] [Netty Epoll IO #2/INFO]: Grim » tysooon failed BadPacketsV* (x39) delta=0.0
[15:04:50] [Netty Epoll IO #2/INFO]: Grim » tysooon failed PacketOrderO* (x249) type=PLAYER_INPUT
[15:04:50] [Netty Epoll IO #2/INFO]: Grim » tysooon failed RotationPlace (x116) pre-flying
[15:04:50] [Netty Epoll IO #2/INFO]: Grim » tysooon failed BadPacketsJ (x117) 
[15:04:50] [Netty Epoll IO #2/INFO]: Grim » tysooon failed AimDuplicateLook (x61) 
[15:04:50] [Netty Epoll IO #2/INFO]: Grim » tysooon failed BadPacketsV* (x40) delta=0.0
[15:04:50] [Netty Epoll IO #2/INFO]: Grim » tysooon failed PacketOrderO* (x250) type=PLAYER_INPUT
[15:04:50] [Netty Epoll IO #2/INFO]: Grim » tysooon failed RotationPlace (x117) pre-flying
[15:04:50] [Netty Epoll IO #2/INFO]: Grim » tysooon failed BadPacketsJ (x118) 
[15:04:50] [Netty Epoll IO #2/INFO]: Grim » tysooon failed AimDuplicateLook (x62) 
[15:04:50] [Netty Epoll IO #2/INFO]: Grim » tysooon failed BadPacketsV* (x41) delta=0.0
[15:04:50] [Netty Epoll IO #2/INFO]: Grim » tysooon failed PacketOrderO* (x251) type=PLAYER_INPUT
[15:04:50] [Netty Epoll IO #2/INFO]: Grim » tysooon failed RotationPlace (x118) pre-flying
[15:04:50] [Netty Epoll IO #2/INFO]: Grim » tysooon failed BadPacketsJ (x119) 
[15:04:50] [Netty Epoll IO #2/INFO]: Grim » tysooon failed AimDuplicateLook (x63) 
[15:04:50] [Netty Epoll IO #2/INFO]: Grim » tysooon failed BadPacketsV* (x42) delta=0.0
[15:04:50] [Netty Epoll IO #2/INFO]: Grim » tysooon failed PacketOrderO* (x252) type=PLAYER_INPUT
[15:04:50] [Netty Epoll IO #2/INFO]: Grim » tysooon failed RotationPlace (x119) pre-flying
[15:04:50] [Netty Epoll IO #2/INFO]: Grim » tysooon failed BadPacketsJ (x120) 
[15:04:50] [Netty Epoll IO #2/INFO]: Grim » tysooon failed AimDuplicateLook (x64) 
[15:04:50] [Netty Epoll IO #2/INFO]: Grim » tysooon failed BadPacketsV* (x43) delta=0.0
[15:04:50] [Netty Epoll IO #2/INFO]: Grim » tysooon failed PacketOrderO* (x253) type=PLAYER_INPUT
[15:04:51] [Netty Epoll IO #2/INFO]: Grim » tysooon failed RotationPlace (x120) pre-flying
[15:04:51] [Netty Epoll IO #2/INFO]: Grim » tysooon failed BadPacketsJ (x121) 
[15:04:51] [Netty Epoll IO #2/INFO]: Grim » tysooon failed AimDuplicateLook (x65) 
[15:04:51] [Netty Epoll IO #2/INFO]: Grim » tysooon failed BadPacketsV* (x44) delta=0.0
[15:04:51] [Netty Epoll IO #2/INFO]: Grim » tysooon failed PacketOrderO* (x254) type=PLAYER_INPUT
[15:04:51] [Netty Epoll IO #2/INFO]: Grim » tysooon failed RotationPlace (x121) pre-flying
[15:04:51] [Netty Epoll IO #2/INFO]: Grim » tysooon failed BadPacketsJ (x122) 
[15:04:51] [Netty Epoll IO #2/INFO]: Grim » tysooon failed AimDuplicateLook (x66) 
[15:04:51] [Netty Epoll IO #2/INFO]: Grim » tysooon failed BadPacketsV* (x45) delta=0.0
[15:04:51] [Netty Epoll IO #2/INFO]: Grim » tysooon failed PacketOrderO* (x255) type=PLAYER_INPUT
[15:04:51] [Netty Epoll IO #2/INFO]: Grim » tysooon failed RotationPlace (x122) pre-flying
[15:04:51] [Netty Epoll IO #2/INFO]: Grim » tysooon failed BadPacketsJ (x123) 
[15:04:51] [Netty Epoll IO #2/INFO]: Grim » tysooon failed BadPacketsV* (x46) delta=0.0
[15:04:51] [Netty Epoll IO #2/INFO]: Grim » tysooon failed Timer (x56) 
[15:04:51] [Netty Epoll IO #2/INFO]: Grim » tysooon failed TickTimer (x131) type=flying, packets=1
[15:04:51] [Netty Epoll IO #2/INFO]: Grim » tysooon failed PacketOrderO* (x256) type=PLAYER_INPUT
[15:04:51] [Netty Epoll IO #2/INFO]: Grim » tysooon failed TickTimer (x132) type=end, packets=2
[15:04:51] [Netty Epoll IO #2/INFO]: Grim » tysooon failed RotationPlace (x123) pre-flying
[15:04:51] [Netty Epoll IO #2/INFO]: Grim » tysooon failed BadPacketsJ (x124) 
[15:04:51] [Netty Epoll IO #2/INFO]: Grim » tysooon failed PacketOrderO* (x257) type=PLAYER_INPUT
[15:04:51] [Netty Epoll IO #2/INFO]: Grim » tysooon failed RotationPlace (x124) pre-flying
[15:04:51] [Netty Epoll IO #2/INFO]: Grim » tysooon failed BadPacketsJ (x125) 
[15:04:51] [Netty Epoll IO #2/INFO]: Grim » tysooon failed AimDuplicateLook (x67) 
[15:04:51] [Netty Epoll IO #2/INFO]: Grim » tysooon failed BadPacketsV* (x47) delta=0.0
[15:04:51] [Netty Epoll IO #2/INFO]: Grim » tysooon failed PacketOrderO* (x258) type=PLAYER_INPUT
[15:04:51] [Netty Epoll IO #2/INFO]: Grim » tysooon failed RotationPlace (x125) pre-flying
[15:04:51] [Netty Epoll IO #2/INFO]: Grim » tysooon failed BadPacketsJ (x126) 
[15:04:51] [Netty Epoll IO #2/INFO]: Grim » tysooon failed AimDuplicateLook (x68) 
[15:04:51] [Netty Epoll IO #2/INFO]: Grim » tysooon failed BadPacketsV* (x47) delta=0.0
[15:04:51] [Netty Epoll IO #2/INFO]: Grim » tysooon failed PacketOrderO* (x259) type=PLAYER_INPUT
[15:04:51] [Netty Epoll IO #2/INFO]: Grim » tysooon failed RotationPlace (x126) pre-flying
[15:04:51] [Netty Epoll IO #2/INFO]: Grim » tysooon failed BadPacketsJ (x127) 
[15:04:51] [Netty Epoll IO #2/INFO]: Grim » tysooon failed AimDuplicateLook (x69) 
[15:04:51] [Netty Epoll IO #2/INFO]: Grim » tysooon failed BadPacketsV* (x48) delta=0.0
[15:04:51] [Netty Epoll IO #2/INFO]: Grim » tysooon failed PacketOrderO* (x260) type=PLAYER_INPUT
[15:04:51] [Netty Epoll IO #2/INFO]: Grim » tysooon failed RotationPlace (x127) pre-flying
[15:04:51] [Netty Epoll IO #2/INFO]: Grim » tysooon failed BadPacketsJ (x128) 
[15:04:51] [Netty Epoll IO #2/INFO]: Grim » tysooon failed AimDuplicateLook (x70) 
[15:04:51] [Netty Epoll IO #2/INFO]: Grim » tysooon failed BadPacketsV* (x49) delta=0.0
[15:04:51] [Netty Epoll IO #2/INFO]: Grim » tysooon failed PacketOrderO* (x261) type=PLAYER_INPUT
[15:04:51] [Netty Epoll IO #2/INFO]: Grim » tysooon failed RotationPlace (x128) pre-flying
[15:04:51] [Netty Epoll IO #2/INFO]: Grim » tysooon failed BadPacketsJ (x129) 
[15:04:52] [Netty Epoll IO #2/INFO]: Grim » tysooon failed AimDuplicateLook (x71) 
[15:04:52] [Netty Epoll IO #2/INFO]: Grim » tysooon failed BadPacketsV* (x50) delta=0.0
[15:04:52] [Netty Epoll IO #2/INFO]: Grim » tysooon failed PacketOrderO* (x262) type=PLAYER_INPUT
[15:04:52] [Netty Epoll IO #2/INFO]: Grim » tysooon failed RotationPlace (x129) pre-flying
[15:04:52] [Netty Epoll IO #2/INFO]: Grim » tysooon failed BadPacketsJ (x130) 
[15:04:52] [Netty Epoll IO #2/INFO]: Grim » tysooon failed AimDuplicateLook (x72) 
[15:04:52] [Netty Epoll IO #2/INFO]: Grim » tysooon failed BadPacketsV* (x50) delta=0.0
[15:04:52] [Netty Epoll IO #2/INFO]: Grim » tysooon failed PacketOrderO* (x263) type=PLAYER_INPUT
[15:04:52] [Netty Epoll IO #2/INFO]: Grim » tysooon failed RotationPlace (x130) pre-flying
[15:04:52] [Netty Epoll IO #2/INFO]: Grim » tysooon failed BadPacketsJ (x131) 
[15:04:52] [Netty Epoll IO #2/INFO]: Grim » tysooon failed AimDuplicateLook (x73) 
[15:04:52] [Netty Epoll IO #2/INFO]: Grim » tysooon failed BadPacketsV* (x51) delta=0.0
[15:04:52] [Netty Epoll IO #2/INFO]: Grim » tysooon failed PacketOrderO* (x264) type=PLAYER_INPUT
[15:04:52] [Netty Epoll IO #2/INFO]: Grim » tysooon failed BadPacketsV* (x52) delta=0.0
[15:04:52] [Netty Epoll IO #2/INFO]: Grim » tysooon failed RotationPlace (x131) pre-flying
[15:04:52] [Netty Epoll IO #2/INFO]: Grim » tysooon failed BadPacketsJ (x132) 
[15:04:52] [Netty Epoll IO #2/INFO]: Grim » tysooon failed AimDuplicateLook (x74) 
[15:04:52] [Netty Epoll IO #2/INFO]: Grim » tysooon failed BadPacketsV* (x53) delta=0.0
[15:04:52] [Netty Epoll IO #2/INFO]: Grim » tysooon failed PacketOrderO* (x265) type=PLAYER_INPUT
[15:04:52] [Netty Epoll IO #2/INFO]: Grim » tysooon failed RotationPlace (x132) pre-flying
[15:04:52] [Netty Epoll IO #2/INFO]: Grim » tysooon failed BadPacketsJ (x133) 
[15:04:52] [Netty Epoll IO #2/INFO]: Grim » tysooon failed AimDuplicateLook (x75) 
[15:04:52] [Netty Epoll IO #2/INFO]: Grim » tysooon failed BadPacketsV* (x54) delta=0.0
[15:04:52] [Netty Epoll IO #2/INFO]: Grim » tysooon failed PacketOrderO* (x266) type=PLAYER_INPUT
[15:04:52] [Netty Epoll IO #2/INFO]: Grim » tysooon failed RotationPlace (x133) pre-flying
[15:04:52] [Netty Epoll IO #2/INFO]: Grim » tysooon failed BadPacketsJ (x134) 
[15:04:52] [Netty Epoll IO #2/INFO]: Grim » tysooon failed AimDuplicateLook (x76) 
[15:04:52] [Netty Epoll IO #2/INFO]: Grim » tysooon failed BadPacketsV* (x55) delta=0.0
[15:04:52] [Netty Epoll IO #2/INFO]: Grim » tysooon failed PacketOrderO* (x267) type=PLAYER_INPUT
[15:04:52] [Netty Epoll IO #2/INFO]: Grim » tysooon failed RotationPlace (x134) pre-flying
[15:04:52] [Netty Epoll IO #2/INFO]: Grim » tysooon failed BadPacketsJ (x135) 
[15:04:52] [Netty Epoll IO #2/INFO]: Grim » tysooon failed AimDuplicateLook (x77) 
[15:04:52] [Netty Epoll IO #2/INFO]: Grim » tysooon failed BadPacketsV* (x56) delta=0.0
[15:04:52] [Netty Epoll IO #2/INFO]: Grim » tysooon failed PacketOrderO* (x268) type=PLAYER_INPUT
[15:04:52] [Netty Epoll IO #2/INFO]: Grim » tysooon failed RotationPlace (x135) pre-flying
[15:04:52] [Netty Epoll IO #2/INFO]: Grim » tysooon failed BadPacketsJ (x136) 
[15:04:52] [Netty Epoll IO #2/INFO]: Grim » tysooon failed AimDuplicateLook (x78) 
[15:04:52] [Netty Epoll IO #2/INFO]: Grim » tysooon failed BadPacketsV* (x57) delta=0.0
[15:04:52] [Netty Epoll IO #2/INFO]: Grim » tysooon failed PacketOrderO* (x269) type=PLAYER_INPUT
[15:04:52] [Netty Epoll IO #2/INFO]: Grim » tysooon failed RotationPlace (x136) pre-flying
[15:04:52] [Netty Epoll IO #2/INFO]: Grim » tysooon failed BadPacketsJ (x137) 
[15:04:53] [Netty Epoll IO #2/INFO]: Grim » tysooon failed AimDuplicateLook (x79) 
[15:04:53] [Netty Epoll IO #2/INFO]: Grim » tysooon failed BadPacketsV* (x58) delta=0.0
[15:04:53] [Netty Epoll IO #2/INFO]: Grim » tysooon failed PacketOrderO* (x270) type=PLAYER_INPUT
[15:04:53] [Netty Epoll IO #2/INFO]: Grim » tysooon failed RotationPlace (x137) pre-flying
[15:04:53] [Netty Epoll IO #2/INFO]: Grim » tysooon failed BadPacketsJ (x138) 
[15:04:53] [Netty Epoll IO #2/INFO]: Grim » tysooon failed AimDuplicateLook (x80) 
[15:04:53] [Netty Epoll IO #2/INFO]: Grim » tysooon failed BadPacketsV* (x59) delta=0.0
[15:04:53] [Netty Epoll IO #2/INFO]: Grim » tysooon failed PacketOrderO* (x271) type=PLAYER_INPUT
[15:04:53] [Netty Epoll IO #2/INFO]: Grim » tysooon failed RotationPlace (x138) pre-flying
[15:04:53] [Netty Epoll IO #2/INFO]: Grim » tysooon failed BadPacketsJ (x139) 
[15:04:53] [Netty Epoll IO #2/INFO]: Grim » tysooon failed AimDuplicateLook (x81) 
[15:04:53] [Netty Epoll IO #2/INFO]: Grim » tysooon failed BadPacketsV* (x60) delta=0.0
[15:04:53] [Netty Epoll IO #2/INFO]: Grim » tysooon failed PacketOrderO* (x272) type=PLAYER_INPUT
[15:04:53] [Netty Epoll IO #2/INFO]: Grim » tysooon failed BadPacketsV* (x61) delta=0.0
[15:04:53] [Netty Epoll IO #2/INFO]: Grim » tysooon failed RotationPlace (x139) pre-flying
[15:04:53] [Netty Epoll IO #2/INFO]: Grim » tysooon failed PacketOrderO* (x273) type=PLAYER_BLOCK_PLACEMENT
[15:04:53] [Netty Epoll IO #2/INFO]: Grim » tysooon failed PacketOrderO* (x273) type=USE_ITEM
[15:04:53] [Netty Epoll IO #2/INFO]: Grim » tysooon failed AimDuplicateLook (x82) 
[15:04:53] [Netty Epoll IO #2/INFO]: Grim » tysooon failed Post (x63) player block placement v1.21.11
[15:04:53] [Netty Epoll IO #2/INFO]: Grim » tysooon failed BadPacketsJ (x140) 
[15:04:53] [Netty Epoll IO #2/INFO]: Grim » tysooon failed BadPacketsV* (x62) delta=0.0
[15:04:53] [Netty Epoll IO #2/INFO]: Grim » tysooon failed PacketOrderO* (x274) type=PLAYER_INPUT
[15:04:53] [Netty Epoll IO #2/INFO]: Grim » tysooon failed RotationPlace (x140) pre-flying
[15:04:53] [Netty Epoll IO #2/INFO]: Grim » tysooon failed BadPacketsJ (x141) 
[15:04:53] [Netty Epoll IO #2/INFO]: Grim » tysooon failed AimDuplicateLook (x83) 
[15:04:53] [Netty Epoll IO #2/INFO]: Grim » tysooon failed BadPacketsV* (x63) delta=0.0
[15:04:53] [Netty Epoll IO #2/INFO]: Grim » tysooon failed PacketOrderO* (x275) type=PLAYER_INPUT
[15:04:53] [Netty Epoll IO #2/INFO]: Grim » tysooon failed RotationPlace (x141) pre-flying
[15:04:53] [Netty Epoll IO #2/INFO]: Grim » tysooon failed BadPacketsJ (x142) 
[15:04:53] [Netty Epoll IO #2/INFO]: Grim » tysooon failed AimDuplicateLook (x84) 
[15:04:53] [Netty Epoll IO #2/INFO]: Grim » tysooon failed BadPacketsV* (x64) delta=0.0
[15:04:53] [Netty Epoll IO #2/INFO]: Grim » tysooon failed PacketOrderO* (x276) type=PLAYER_INPUT
[15:04:53] [Netty Epoll IO #2/INFO]: Grim » tysooon failed RotationPlace (x142) pre-flying
[15:04:53] [Netty Epoll IO #2/INFO]: Grim » tysooon failed BadPacketsJ (x143) 
[15:04:53] [Netty Epoll IO #2/INFO]: Grim » tysooon failed AimDuplicateLook (x85) 
[15:04:53] [Netty Epoll IO #2/INFO]: Grim » tysooon failed BadPacketsV* (x65) delta=0.0
[15:04:53] [Netty Epoll IO #2/INFO]: Grim » tysooon failed PacketOrderO* (x277) type=PLAYER_INPUT
[15:04:53] [Netty Epoll IO #2/INFO]: Grim » tysooon failed RotationPlace (x143) pre-flying
[15:04:53] [Netty Epoll IO #2/INFO]: Grim » tysooon failed BadPacketsJ (x144) 
[15:04:53] [Netty Epoll IO #2/INFO]: Grim » tysooon failed AimDuplicateLook (x86) 
[15:04:53] [Netty Epoll IO #2/INFO]: Grim » tysooon failed BadPacketsV* (x66) delta=0.0
[15:04:53] [Netty Epoll IO #2/INFO]: Grim » tysooon failed PacketOrderO* (x278) type=PLAYER_INPUT
[15:04:53] [Netty Epoll IO #2/INFO]: Grim » tysooon failed RotationPlace (x144) pre-flying
[15:04:53] [Netty Epoll IO #2/INFO]: Grim » tysooon failed BadPacketsJ (x145) 
[15:04:53] [Netty Epoll IO #2/INFO]: Grim » tysooon failed AimDuplicateLook (x87) 
[15:04:53] [Netty Epoll IO #2/INFO]: Grim » tysooon failed BadPacketsV* (x67) delta=0.0
[15:04:53] [Netty Epoll IO #2/INFO]: Grim » tysooon failed PacketOrderO* (x279) type=PLAYER_INPUT
[15:04:54] [Netty Epoll IO #2/INFO]: Grim » tysooon failed RotationPlace (x145) pre-flying
[15:04:54] [Netty Epoll IO #2/INFO]: Grim » tysooon failed BadPacketsJ (x146) 
[15:04:54] [Netty Epoll IO #2/INFO]: Grim » tysooon failed AimDuplicateLook (x88) 
[15:04:54] [Netty Epoll IO #2/INFO]: Grim » tysooon failed BadPacketsV* (x68) delta=0.0
[15:04:54] [Netty Epoll IO #2/INFO]: Grim » tysooon failed PacketOrderO* (x280) type=PLAYER_INPUT
[15:04:54] [Netty Epoll IO #2/INFO]: Grim » tysooon failed RotationPlace (x146) pre-flying
[15:04:54] [Netty Epoll IO #2/INFO]: Grim » tysooon failed BadPacketsJ (x147) 
[15:04:54] [Netty Epoll IO #2/INFO]: Grim » tysooon failed AimDuplicateLook (x89) 
[15:04:54] [Netty Epoll IO #2/INFO]: Grim » tysooon failed BadPacketsV* (x69) delta=0.0
[15:04:54] [Netty Epoll IO #2/INFO]: Grim » tysooon failed PacketOrderO* (x281) type=PLAYER_INPUT
[15:04:54] [Netty Epoll IO #2/INFO]: Grim » tysooon failed RotationPlace (x147) pre-flying
[15:04:54] [Netty Epoll IO #2/INFO]: Grim » tysooon failed BadPacketsJ (x148) 
[15:04:54] [Netty Epoll IO #2/INFO]: Grim » tysooon failed BadPacketsV* (x70) delta=0.0
[15:04:54] [Netty Epoll IO #2/INFO]: Grim » tysooon failed Timer (x57) 
[15:04:54] [Netty Epoll IO #2/INFO]: Grim » tysooon failed TickTimer (x133) type=flying, packets=1
[15:04:54] [Netty Epoll IO #2/INFO]: Grim » tysooon failed PacketOrderO* (x282) type=PLAYER_INPUT
[15:04:54] [Netty Epoll IO #2/INFO]: Grim » tysooon failed TickTimer (x134) type=end, packets=2
[15:04:54] [Netty Epoll IO #2/INFO]: Grim » tysooon failed RotationPlace (x148) pre-flying
[15:04:54] [Netty Epoll IO #2/INFO]: Grim » tysooon failed BadPacketsJ (x149) 
[15:04:54] [Netty Epoll IO #2/INFO]: Grim » tysooon failed PacketOrderO* (x283) type=PLAYER_INPUT
[15:04:54] [Netty Epoll IO #2/INFO]: Grim » tysooon failed RotationPlace (x149) pre-flying
[15:04:54] [Netty Epoll IO #2/INFO]: Grim » tysooon failed BadPacketsJ (x150) 
[15:04:54] [Netty Epoll IO #2/INFO]: Grim » tysooon failed AimDuplicateLook (x90) 
[15:04:54] [Netty Epoll IO #2/INFO]: Grim » tysooon failed BadPacketsV* (x71) delta=0.0
[15:04:54] [Netty Epoll IO #2/INFO]: Grim » tysooon failed PacketOrderO* (x284) type=PLAYER_INPUT
[15:04:54] [Netty Epoll IO #2/INFO]: Grim » tysooon failed RotationPlace (x150) pre-flying
[15:04:54] [Netty Epoll IO #2/INFO]: Grim » tysooon failed BadPacketsJ (x151) 
[15:04:54] [Netty Epoll IO #2/INFO]: Grim » tysooon failed AimDuplicateLook (x91) 
[15:04:54] [Netty Epoll IO #2/INFO]: Grim » tysooon failed BadPacketsV* (x72) delta=0.0
[15:04:54] [Netty Epoll IO #2/INFO]: Grim » tysooon failed PacketOrderO* (x285) type=PLAYER_INPUT
[15:04:54] [Netty Epoll IO #2/INFO]: Grim » tysooon failed RotationPlace (x151) pre-flying
[15:04:54] [Netty Epoll IO #2/INFO]: Grim » tysooon failed BadPacketsJ (x152) 
[15:04:54] [Netty Epoll IO #2/INFO]: Grim » tysooon failed AimDuplicateLook (x92) 
[15:04:54] [Netty Epoll IO #2/INFO]: Grim » tysooon failed BadPacketsV* (x73) delta=0.0
[15:04:54] [Netty Epoll IO #2/INFO]: Grim » tysooon failed PacketOrderO* (x286) type=PLAYER_INPUT
[15:04:54] [Netty Epoll IO #2/INFO]: Grim » tysooon failed RotationPlace (x152) pre-flying
[15:04:54] [Netty Epoll IO #2/INFO]: Grim » tysooon failed BadPacketsJ (x153) 
[15:04:54] [Netty Epoll IO #2/INFO]: Grim » tysooon failed AimDuplicateLook (x93) 
[15:04:54] [Netty Epoll IO #2/INFO]: Grim » tysooon failed BadPacketsV* (x74) delta=0.0
[15:04:54] [Netty Epoll IO #2/INFO]: Grim » tysooon failed PacketOrderO* (x287) type=PLAYER_INPUT
[15:04:54] [Netty Epoll IO #2/INFO]: Grim » tysooon failed RotationPlace (x153) pre-flying
[15:04:54] [Netty Epoll IO #2/INFO]: Grim » tysooon failed BadPacketsJ (x154) 
[15:04:55] [Netty Epoll IO #2/INFO]: Grim » tysooon failed AimDuplicateLook (x94) 
[15:04:55] [Netty Epoll IO #2/INFO]: Grim » tysooon failed BadPacketsV* (x75) delta=0.0
[15:04:55] [Netty Epoll IO #2/INFO]: Grim » tysooon failed PacketOrderO* (x288) type=PLAYER_INPUT
[15:04:55] [Netty Epoll IO #2/INFO]: Grim » tysooon failed RotationPlace (x154) pre-flying
[15:04:55] [Netty Epoll IO #2/INFO]: Grim » tysooon failed BadPacketsJ (x155) 
[15:04:55] [Netty Epoll IO #2/INFO]: Grim » tysooon failed AimDuplicateLook (x95) 
[15:04:55] [Netty Epoll IO #2/INFO]: Grim » tysooon failed BadPacketsV* (x76) delta=0.0
[15:04:55] [Netty Epoll IO #2/INFO]: Grim » tysooon failed PacketOrderO* (x289) type=PLAYER_INPUT
[15:04:55] [Netty Epoll IO #2/INFO]: Grim » tysooon failed RotationPlace (x155) pre-flying
[15:04:55] [Netty Epoll IO #2/INFO]: Grim » tysooon failed BadPacketsJ (x156) 
[15:04:55] [Netty Epoll IO #2/INFO]: Grim » tysooon failed AimDuplicateLook (x96) 
[15:04:55] [Netty Epoll IO #2/INFO]: Grim » tysooon failed BadPacketsV* (x76) delta=0.0
[15:04:55] [Netty Epoll IO #2/INFO]: Grim » tysooon failed PacketOrderO* (x290) type=PLAYER_INPUT
[15:04:55] [Netty Epoll IO #2/INFO]: Grim » tysooon failed BadPacketsV* (x77) delta=0.0
[15:04:55] [Netty Epoll IO #2/INFO]: Grim » tysooon failed RotationPlace (x156) pre-flying
[15:04:55] [Netty Epoll IO #2/INFO]: Grim » tysooon failed BadPacketsJ (x157) 
[15:04:55] [Netty Epoll IO #2/INFO]: Grim » tysooon failed AimDuplicateLook (x97) 
[15:04:55] [Netty Epoll IO #2/INFO]: Grim » tysooon failed BadPacketsV* (x78) delta=0.0
[15:04:55] [Netty Epoll IO #2/INFO]: Grim » tysooon failed PacketOrderO* (x291) type=PLAYER_INPUT
[15:04:55] [Netty Epoll IO #2/INFO]: Grim » tysooon failed RotationPlace (x157) pre-flying
[15:04:55] [Netty Epoll IO #2/INFO]: Grim » tysooon failed BadPacketsJ (x158) 
[15:04:55] [Netty Epoll IO #2/INFO]: Grim » tysooon failed AimDuplicateLook (x98) 
[15:04:55] [Netty Epoll IO #2/INFO]: Grim » tysooon failed BadPacketsV* (x79) delta=0.0
[15:04:55] [Netty Epoll IO #2/INFO]: Grim » tysooon failed PacketOrderO* (x292) type=PLAYER_INPUT
[15:04:55] [Netty Epoll IO #2/INFO]: Grim » tysooon failed RotationPlace (x158) pre-flying
[15:04:55] [Netty Epoll IO #2/INFO]: Grim » tysooon failed BadPacketsJ (x159) 
[15:04:55] [Netty Epoll IO #2/INFO]: Grim » tysooon failed AimDuplicateLook (x99) 
[15:04:55] [Netty Epoll IO #2/INFO]: Grim » tysooon failed BadPacketsV* (x80) delta=0.0
[15:04:55] [Netty Epoll IO #2/INFO]: Grim » tysooon failed PacketOrderO* (x293) type=PLAYER_INPUT
[15:04:55] [Netty Epoll IO #2/INFO]: Grim » tysooon failed RotationPlace (x159) pre-flying
[15:04:55] [Netty Epoll IO #2/INFO]: Grim » tysooon failed BadPacketsJ (x160) 
[15:04:55] [Netty Epoll IO #2/INFO]: Grim » tysooon failed AimDuplicateLook (x100) 
[15:04:55] [Netty Epoll IO #2/INFO]: Grim » tysooon failed BadPacketsV* (x81) delta=0.0
[15:04:55] [Netty Epoll IO #2/INFO]: Grim » tysooon failed PacketOrderO* (x294) type=PLAYER_INPUT
[15:04:55] [Netty Epoll IO #2/INFO]: Grim » tysooon failed RotationPlace (x160) pre-flying
[15:04:55] [Netty Epoll IO #2/INFO]: Grim » tysooon failed BadPacketsJ (x161) 
[15:04:55] [Netty Epoll IO #2/INFO]: Grim » tysooon failed AimDuplicateLook (x101) 
[15:04:55] [Netty Epoll IO #2/INFO]: Grim » tysooon failed BadPacketsV* (x82) delta=0.0
[15:04:55] [Netty Epoll IO #2/INFO]: Grim » tysooon failed PacketOrderO* (x295) type=PLAYER_INPUT
[15:04:55] [Netty Epoll IO #2/INFO]: Grim » tysooon failed RotationPlace (x161) pre-flying
[15:04:55] [Netty Epoll IO #2/INFO]: Grim » tysooon failed BadPacketsJ (x162) 
[15:04:56] [Netty Epoll IO #2/INFO]: Grim » tysooon failed AimDuplicateLook (x102) 
[15:04:56] [Netty Epoll IO #2/INFO]: Grim » tysooon failed BadPacketsV* (x83) delta=0.0
[15:04:56] [Netty Epoll IO #2/INFO]: Grim » tysooon failed PacketOrderO* (x296) type=PLAYER_INPUT
[15:04:56] [Netty Epoll IO #2/INFO]: Grim » tysooon failed RotationPlace (x162) pre-flying
[15:04:56] [Netty Epoll IO #2/INFO]: Grim » tysooon failed BadPacketsJ (x163) 
[15:04:56] [Netty Epoll IO #2/INFO]: Grim » tysooon failed AimDuplicateLook (x103) 
[15:04:56] [Netty Epoll IO #2/INFO]: Grim » tysooon failed BadPacketsV* (x84) delta=0.0
[15:04:56] [Netty Epoll IO #2/INFO]: Grim » tysooon failed PacketOrderO* (x297) type=PLAYER_INPUT
[15:04:56] [Netty Epoll IO #2/INFO]: Grim » tysooon failed RotationPlace (x163) pre-flying
[15:04:56] [Netty Epoll IO #2/INFO]: Grim » tysooon failed BadPacketsJ (x164) 
[15:04:56] [Netty Epoll IO #2/INFO]: Grim » tysooon failed AimDuplicateLook (x104) 
[15:04:56] [Netty Epoll IO #2/INFO]: Grim » tysooon failed BadPacketsV* (x85) delta=0.0
[15:04:56] [Netty Epoll IO #2/INFO]: Grim » tysooon failed PacketOrderO* (x298) type=PLAYER_INPUT
[15:04:56] [Netty Epoll IO #2/INFO]: Grim » tysooon failed BadPacketsV* (x86) delta=0.0
[15:04:56] [Netty Epoll IO #2/INFO]: Grim » tysooon failed RotationPlace (x164) pre-flying
[15:04:56] [Netty Epoll IO #2/INFO]: Grim » tysooon failed PacketOrderO* (x299) type=PLAYER_BLOCK_PLACEMENT
[15:04:56] [Netty Epoll IO #2/INFO]: Grim » tysooon failed PacketOrderO* (x299) type=USE_ITEM
[15:04:56] [Netty Epoll IO #2/INFO]: Grim » tysooon failed AimDuplicateLook (x105) 
[15:04:56] [Netty Epoll IO #2/INFO]: Grim » tysooon failed Post (x64) player block placement v1.21.11
[15:04:56] [Netty Epoll IO #2/INFO]: Grim » tysooon failed BadPacketsJ (x165) 
[15:04:56] [Netty Epoll IO #2/INFO]: Grim » tysooon failed BadPacketsV* (x87) delta=0.0
[15:04:56] [Netty Epoll IO #2/INFO]: Grim » tysooon failed PacketOrderO* (x300) type=PLAYER_INPUT
[15:04:56] [Netty Epoll IO #2/INFO]: Grim » tysooon failed RotationPlace (x165) pre-flying
[15:04:56] [Netty Epoll IO #2/INFO]: Grim » tysooon failed BadPacketsJ (x166) 
[15:04:56] [Netty Epoll IO #2/INFO]: Grim » tysooon failed AimDuplicateLook (x106) 
[15:04:56] [Netty Epoll IO #2/INFO]: Grim » tysooon failed BadPacketsV* (x88) delta=0.0
[15:04:56] [Netty Epoll IO #2/INFO]: Grim » tysooon failed PacketOrderO* (x301) type=PLAYER_INPUT
[15:04:56] [Netty Epoll IO #2/INFO]: Grim » tysooon failed RotationPlace (x166) pre-flying
[15:04:56] [Netty Epoll IO #2/INFO]: Grim » tysooon failed BadPacketsJ (x167) 
[15:04:56] [Netty Epoll IO #2/INFO]: Grim » tysooon failed AimDuplicateLook (x107) 
[15:04:56] [Netty Epoll IO #2/INFO]: Grim » tysooon failed BadPacketsV* (x89) delta=0.0
[15:04:56] [Netty Epoll IO #2/INFO]: Grim » tysooon failed PacketOrderO* (x302) type=PLAYER_INPUT
[15:04:56] [Netty Epoll IO #2/INFO]: Grim » tysooon failed RotationPlace (x167) pre-flying
[15:04:56] [Netty Epoll IO #2/INFO]: Grim » tysooon failed BadPacketsJ (x168) 
[15:04:56] [Netty Epoll IO #2/INFO]: Grim » tysooon failed AimDuplicateLook (x108) 
[15:04:56] [Netty Epoll IO #2/INFO]: Grim » tysooon failed BadPacketsV* (x90) delta=0.0
[15:04:56] [Netty Epoll IO #2/INFO]: Grim » tysooon failed PacketOrderO* (x303) type=PLAYER_INPUT
[15:04:56] [Netty Epoll IO #2/INFO]: Grim » tysooon failed RotationPlace (x168) pre-flying
[15:04:56] [Netty Epoll IO #2/INFO]: Grim » tysooon failed BadPacketsJ (x169) 
[15:04:56] [Netty Epoll IO #2/INFO]: Grim » tysooon failed AimDuplicateLook (x109) 
[15:04:56] [Netty Epoll IO #2/INFO]: Grim » tysooon failed BadPacketsV* (x91) delta=0.0
[15:04:56] [Netty Epoll IO #2/INFO]: Grim » tysooon failed PacketOrderO* (x304) type=PLAYER_INPUT
[15:04:56] [Netty Epoll IO #2/INFO]: Grim » tysooon failed RotationPlace (x169) pre-flying
[15:04:56] [Netty Epoll IO #2/INFO]: Grim » tysooon failed BadPacketsJ (x170) 
[15:04:56] [Netty Epoll IO #2/INFO]: Grim » tysooon failed AimDuplicateLook (x110) 
[15:04:56] [Netty Epoll IO #2/INFO]: Grim » tysooon failed BadPacketsV* (x92) delta=0.0
[15:04:56] [Netty Epoll IO #2/INFO]: Grim » tysooon failed PacketOrderO* (x305) type=PLAYER_INPUT
[15:04:57] [Netty Epoll IO #2/INFO]: Grim » tysooon failed RotationPlace (x170) pre-flying
[15:04:57] [Netty Epoll IO #2/INFO]: Grim » tysooon failed BadPacketsJ (x171) 
[15:04:57] [Netty Epoll IO #2/INFO]: Grim » tysooon failed AimDuplicateLook (x111) 
[15:04:57] [Netty Epoll IO #2/INFO]: Grim » tysooon failed BadPacketsV* (x93) delta=0.0
[15:04:57] [Netty Epoll IO #2/INFO]: Grim » tysooon failed PacketOrderO* (x306) type=PLAYER_INPUT
[15:04:57] [Netty Epoll IO #2/INFO]: Grim » tysooon failed RotationPlace (x171) pre-flying
[15:04:57] [Netty Epoll IO #2/INFO]: Grim » tysooon failed BadPacketsJ (x172) 
[15:04:57] [Netty Epoll IO #2/INFO]: Grim » tysooon failed AimDuplicateLook (x112) 
[15:04:57] [Netty Epoll IO #2/INFO]: Grim » tysooon failed BadPacketsV* (x94) delta=0.0
[15:04:57] [Netty Epoll IO #2/INFO]: Grim » tysooon failed PacketOrderO* (x307) type=PLAYER_INPUT
[15:04:57] [Netty Epoll IO #2/INFO]: Grim » tysooon failed RotationPlace (x172) pre-flying
[15:04:57] [Netty Epoll IO #2/INFO]: Grim » tysooon failed BadPacketsJ (x173) 
[15:04:57] [Netty Epoll IO #2/INFO]: Grim » tysooon failed BadPacketsV* (x95) delta=0.0
[15:04:57] [Netty Epoll IO #2/INFO]: Grim » tysooon failed Timer (x57) 
[15:04:57] [Netty Epoll IO #2/INFO]: Grim » tysooon failed TickTimer (x135) type=flying, packets=1
[15:04:57] [Netty Epoll IO #2/INFO]: Grim » tysooon failed PacketOrderO* (x308) type=PLAYER_INPUT
[15:04:57] [Netty Epoll IO #2/INFO]: Grim » tysooon failed TickTimer (x136) type=end, packets=2
[15:04:57] [Netty Epoll IO #2/INFO]: Grim » tysooon failed RotationPlace (x173) pre-flying
[15:04:57] [Netty Epoll IO #2/INFO]: Grim » tysooon failed BadPacketsJ (x174) 
[15:04:57] [Netty Epoll IO #2/INFO]: Grim » tysooon failed PacketOrderO* (x309) type=PLAYER_INPUT
[15:04:57] [Netty Epoll IO #2/INFO]: Grim » tysooon failed RotationPlace (x174) pre-flying
[15:04:57] [Netty Epoll IO #2/INFO]: Grim » tysooon failed BadPacketsJ (x175) 
[15:04:57] [Netty Epoll IO #2/INFO]: Grim » tysooon failed AimDuplicateLook (x113) 
[15:04:57] [Netty Epoll IO #2/INFO]: Grim » tysooon failed BadPacketsV* (x96) delta=0.0
[15:04:57] [Netty Epoll IO #2/INFO]: Grim » tysooon failed PacketOrderO* (x310) type=PLAYER_INPUT
[15:04:57] [Netty Epoll IO #2/INFO]: Grim » tysooon failed RotationPlace (x175) pre-flying
[15:04:57] [Netty Epoll IO #2/INFO]: Grim » tysooon failed BadPacketsJ (x176) 
[15:04:57] [Netty Epoll IO #2/INFO]: Grim » tysooon failed AimDuplicateLook (x114) 
[15:04:57] [Netty Epoll IO #2/INFO]: Grim » tysooon failed BadPacketsV* (x97) delta=0.0
[15:04:57] [Netty Epoll IO #2/INFO]: Grim » tysooon failed PacketOrderO* (x311) type=PLAYER_INPUT
[15:04:57] [Netty Epoll IO #2/INFO]: Grim » tysooon failed RotationPlace (x176) pre-flying
[15:04:57] [Netty Epoll IO #2/INFO]: Grim » tysooon failed BadPacketsJ (x177) 
[15:04:57] [Netty Epoll IO #2/INFO]: Grim » tysooon failed AimDuplicateLook (x115) 
[15:04:57] [Netty Epoll IO #2/INFO]: Grim » tysooon failed BadPacketsV* (x98) delta=0.0
[15:04:57] [Netty Epoll IO #2/INFO]: Grim » tysooon failed PacketOrderO* (x312) type=PLAYER_INPUT
[15:04:57] [Netty Epoll IO #2/INFO]: Grim » tysooon failed RotationPlace (x177) pre-flying
[15:04:57] [Netty Epoll IO #2/INFO]: Grim » tysooon failed BadPacketsJ (x178) 
[15:04:57] [Netty Epoll IO #2/INFO]: Grim » tysooon failed AimDuplicateLook (x116) 
[15:04:57] [Netty Epoll IO #2/INFO]: Grim » tysooon failed BadPacketsV* (x99) delta=0.0
[15:04:57] [Netty Epoll IO #2/INFO]: Grim » tysooon failed PacketOrderO* (x313) type=PLAYER_INPUT
[15:04:57] [Netty Epoll IO #2/INFO]: Grim » tysooon failed RotationPlace (x178) pre-flying
[15:04:57] [Netty Epoll IO #2/INFO]: Grim » tysooon failed BadPacketsJ (x179) 
[15:04:58] [Netty Epoll IO #2/INFO]: Grim » tysooon failed AimDuplicateLook (x117) 
[15:04:58] [Netty Epoll IO #2/INFO]: Grim » tysooon failed BadPacketsV* (x100) delta=0.0
[15:04:58] [Netty Epoll IO #2/INFO]: Grim » tysooon failed PacketOrderO* (x314) type=PLAYER_INPUT
[15:04:58] [Netty Epoll IO #2/INFO]: Grim » tysooon failed RotationPlace (x179) pre-flying
[15:04:58] [Netty Epoll IO #2/INFO]: Grim » tysooon failed BadPacketsJ (x180) 
[15:04:58] [Netty Epoll IO #2/INFO]: Grim » tysooon failed AimDuplicateLook (x118) 
[15:04:58] [Netty Epoll IO #2/INFO]: Grim » tysooon failed BadPacketsV* (x101) delta=0.0
[15:04:58] [Netty Epoll IO #2/INFO]: Grim » tysooon failed PacketOrderO* (x315) type=PLAYER_INPUT
[15:04:58] [Netty Epoll IO #2/INFO]: Grim » tysooon failed RotationPlace (x180) pre-flying
[15:04:58] [Netty Epoll IO #2/INFO]: Grim » tysooon failed BadPacketsJ (x181) 
[15:04:58] [Netty Epoll IO #2/INFO]: Grim » tysooon failed AimDuplicateLook (x119) 
[15:04:58] [Netty Epoll IO #2/INFO]: Grim » tysooon failed BadPacketsV* (x102) delta=0.0
[15:04:58] [Netty Epoll IO #2/INFO]: Grim » tysooon failed PacketOrderO* (x316) type=PLAYER_INPUT
[15:04:58] [Netty Epoll IO #2/INFO]: Grim » tysooon failed BadPacketsV* (x103) delta=0.0
[15:04:58] [Netty Epoll IO #2/INFO]: Grim » tysooon failed RotationPlace (x181) pre-flying
[15:04:58] [Netty Epoll IO #2/INFO]: Grim » tysooon failed BadPacketsJ (x182) 
[15:04:58] [Netty Epoll IO #2/INFO]: Grim » tysooon failed AimDuplicateLook (x120) 
[15:04:58] [Netty Epoll IO #2/INFO]: Grim » tysooon failed BadPacketsV* (x104) delta=0.0
[15:04:58] [Netty Epoll IO #2/INFO]: Grim » tysooon failed PacketOrderO* (x317) type=PLAYER_INPUT
[15:04:58] [Netty Epoll IO #2/INFO]: Grim » tysooon failed RotationPlace (x182) pre-flying
[15:04:58] [Netty Epoll IO #2/INFO]: Grim » tysooon failed BadPacketsJ (x183) 
[15:04:58] [Netty Epoll IO #2/INFO]: Grim » tysooon failed AimDuplicateLook (x121) 
[15:04:58] [Netty Epoll IO #2/INFO]: Grim » tysooon failed BadPacketsV* (x105) delta=0.0
[15:04:58] [Netty Epoll IO #2/INFO]: Grim » tysooon failed PacketOrderO* (x318) type=PLAYER_INPUT
[15:04:58] [Netty Epoll IO #2/INFO]: Grim » tysooon failed RotationPlace (x183) pre-flying
[15:04:58] [Netty Epoll IO #2/INFO]: Grim » tysooon failed BadPacketsJ (x184) 
[15:04:58] [Netty Epoll IO #2/INFO]: Grim » tysooon failed AimDuplicateLook (x122) 
[15:04:58] [Netty Epoll IO #2/INFO]: Grim » tysooon failed BadPacketsV* (x106) delta=0.0
[15:04:58] [Netty Epoll IO #2/INFO]: Grim » tysooon failed PacketOrderO* (x319) type=PLAYER_INPUT
[15:04:58] [Netty Epoll IO #2/INFO]: Grim » tysooon failed RotationPlace (x184) pre-flying
[15:04:58] [Netty Epoll IO #2/INFO]: Grim » tysooon failed BadPacketsJ (x185) 
[15:04:58] [Netty Epoll IO #2/INFO]: Grim » tysooon failed AimDuplicateLook (x123) 
[15:04:58] [Netty Epoll IO #2/INFO]: Grim » tysooon failed BadPacketsV* (x107) delta=0.0
[15:04:58] [Netty Epoll IO #2/INFO]: Grim » tysooon failed PacketOrderO* (x320) type=PLAYER_INPUT
[15:04:58] [Netty Epoll IO #2/INFO]: Grim » tysooon failed RotationPlace (x185) pre-flying
[15:04:58] [Netty Epoll IO #2/INFO]: Grim » tysooon failed BadPacketsJ (x186) 
[15:04:58] [Netty Epoll IO #2/INFO]: Grim » tysooon failed AimDuplicateLook (x124) 
[15:04:58] [Netty Epoll IO #2/INFO]: Grim » tysooon failed BadPacketsV* (x108) delta=0.0
[15:04:58] [Netty Epoll IO #2/INFO]: Grim » tysooon failed PacketOrderO* (x321) type=PLAYER_INPUT
[15:04:58] [Netty Epoll IO #2/INFO]: Grim » tysooon failed RotationPlace (x186) pre-flying
[15:04:58] [Netty Epoll IO #2/INFO]: Grim » tysooon failed BadPacketsJ (x187) 
[15:04:59] [Netty Epoll IO #2/INFO]: Grim » tysooon failed AimDuplicateLook (x125) 
[15:04:59] [Netty Epoll IO #2/INFO]: Grim » tysooon failed BadPacketsV* (x109) delta=0.0
[15:04:59] [Netty Epoll IO #2/INFO]: Grim » tysooon failed PacketOrderO* (x322) type=PLAYER_INPUT
[15:04:59] [Netty Epoll IO #2/INFO]: Grim » tysooon failed RotationPlace (x187) pre-flying
[15:04:59] [Netty Epoll IO #2/INFO]: Grim » tysooon failed BadPacketsJ (x188) 
[15:04:59] [Netty Epoll IO #2/INFO]: Grim » tysooon failed AimDuplicateLook (x126) 
[15:04:59] [Netty Epoll IO #2/INFO]: Grim » tysooon failed BadPacketsV* (x109) delta=0.0
[15:04:59] [Netty Epoll IO #2/INFO]: Grim » tysooon failed PacketOrderO* (x323) type=PLAYER_INPUT
[15:04:59] [Netty Epoll IO #2/INFO]: Grim » tysooon failed RotationPlace (x188) pre-flying
[15:04:59] [Netty Epoll IO #2/INFO]: Grim » tysooon failed BadPacketsJ (x189) 
[15:04:59] [Netty Epoll IO #2/INFO]: Grim » tysooon failed AimDuplicateLook (x127) 
[15:04:59] [Netty Epoll IO #2/INFO]: Grim » tysooon failed BadPacketsV* (x110) delta=0.0
[15:04:59] [Netty Epoll IO #2/INFO]: Grim » tysooon failed PacketOrderO* (x324) type=PLAYER_INPUT
[15:04:59] [Netty Epoll IO #2/INFO]: Grim » tysooon failed BadPacketsV* (x111) delta=0.0
[15:04:59] [Netty Epoll IO #2/INFO]: Grim » tysooon failed RotationPlace (x189) pre-flying
[15:04:59] [Netty Epoll IO #2/INFO]: Grim » tysooon failed PacketOrderO* (x325) type=PLAYER_BLOCK_PLACEMENT
[15:04:59] [Netty Epoll IO #2/INFO]: Grim » tysooon failed PacketOrderO* (x326) type=USE_ITEM
[15:04:59] [Netty Epoll IO #2/INFO]: Grim » tysooon failed AimDuplicateLook (x128) 
[15:04:59] [Netty Epoll IO #2/INFO]: Grim » tysooon failed Post (x65) player block placement v1.21.11
[15:04:59] [Netty Epoll IO #2/INFO]: Grim » tysooon failed BadPacketsJ (x190) 
[15:04:59] [Netty Epoll IO #2/INFO]: Grim » tysooon failed BadPacketsV* (x112) delta=0.0
[15:04:59] [Netty Epoll IO #2/INFO]: Grim » tysooon failed PacketOrderO* (x327) type=PLAYER_INPUT
[15:04:59] [Netty Epoll IO #2/INFO]: Grim » tysooon failed RotationPlace (x190) pre-flying
[15:04:59] [Netty Epoll IO #2/INFO]: Grim » tysooon failed BadPacketsJ (x191) 
[15:04:59] [Netty Epoll IO #2/INFO]: Grim » tysooon failed AimDuplicateLook (x129) 
[15:04:59] [Netty Epoll IO #2/INFO]: Grim » tysooon failed BadPacketsV* (x112) delta=0.0
[15:04:59] [Netty Epoll IO #2/INFO]: Grim » tysooon failed PacketOrderO* (x328) type=PLAYER_INPUT
[15:04:59] [Netty Epoll IO #2/INFO]: Grim » tysooon failed RotationPlace (x191) pre-flying
[15:04:59] [Netty Epoll IO #2/INFO]: Grim » tysooon failed BadPacketsJ (x192) 
[15:04:59] [Netty Epoll IO #2/INFO]: Grim » tysooon failed AimDuplicateLook (x130) 
[15:04:59] [Netty Epoll IO #2/INFO]: Grim » tysooon failed BadPacketsV* (x113) delta=0.0
[15:04:59] [Netty Epoll IO #2/INFO]: Grim » tysooon failed PacketOrderO* (x329) type=PLAYER_INPUT
[15:04:59] [Netty Epoll IO #2/INFO]: Grim » tysooon failed RotationPlace (x192) pre-flying
[15:04:59] [Netty Epoll IO #2/INFO]: Grim » tysooon failed BadPacketsJ (x193) 
[15:04:59] [Netty Epoll IO #2/INFO]: Grim » tysooon failed AimDuplicateLook (x131) 
[15:04:59] [Netty Epoll IO #2/INFO]: Grim » tysooon failed BadPacketsV* (x114) delta=0.0
[15:04:59] [Netty Epoll IO #2/INFO]: Grim » tysooon failed PacketOrderO* (x330) type=PLAYER_INPUT
[15:04:59] [Netty Epoll IO #2/INFO]: Grim » tysooon failed RotationPlace (x193) pre-flying
[15:04:59] [Netty Epoll IO #2/INFO]: Grim » tysooon failed BadPacketsJ (x194) 
[15:04:59] [Netty Epoll IO #2/INFO]: Grim » tysooon failed AimDuplicateLook (x132) 
[15:04:59] [Netty Epoll IO #2/INFO]: Grim » tysooon failed BadPacketsV* (x115) delta=0.0
[15:04:59] [Netty Epoll IO #2/INFO]: Grim » tysooon failed PacketOrderO* (x331) type=PLAYER_INPUT
[15:04:59] [Netty Epoll IO #2/INFO]: Grim » tysooon failed RotationPlace (x194) pre-flying
[15:04:59] [Netty Epoll IO #2/INFO]: Grim » tysooon failed BadPacketsJ (x195) 
[15:04:59] [Netty Epoll IO #2/INFO]: Grim » tysooon failed AimDuplicateLook (x133) 
[15:04:59] [Netty Epoll IO #2/INFO]: Grim » tysooon failed BadPacketsV* (x116) delta=0.0
[15:04:59] [Netty Epoll IO #2/INFO]: Grim » tysooon failed PacketOrderO* (x332) type=PLAYER_INPUT
[15:05:00] [Netty Epoll IO #2/INFO]: Grim » tysooon failed RotationPlace (x195) pre-flying
[15:05:00] [Netty Epoll IO #2/INFO]: Grim » tysooon failed BadPacketsJ (x196) 
[15:05:00] [Netty Epoll IO #2/INFO]: Grim » tysooon failed AimDuplicateLook (x134) 
[15:05:00] [Netty Epoll IO #2/INFO]: Grim » tysooon failed BadPacketsV* (x117) delta=0.0
[15:05:00] [Netty Epoll IO #2/INFO]: Grim » tysooon failed PacketOrderO* (x333) type=PLAYER_INPUT
[15:05:00] [Netty Epoll IO #2/INFO]: Grim » tysooon failed RotationPlace (x196) pre-flying
[15:05:00] [Netty Epoll IO #2/INFO]: Grim » tysooon failed BadPacketsJ (x197) 
[15:05:00] [Netty Epoll IO #2/INFO]: Grim » tysooon failed AimModulo360 (x4) 
[15:05:00] [Netty Epoll IO #2/INFO]: Grim » tysooon failed BadPacketsV* (x118) delta=0.0
[15:05:00] [Netty Epoll IO #2/INFO]: Grim » tysooon failed PacketOrderO* (x334) type=PLAYER_INPUT
[15:05:00] [Netty Epoll IO #2/INFO]: Grim » tysooon failed AirLiquidPlace (x2) 
[15:05:00] [Netty Epoll IO #2/INFO]: Grim » tysooon failed PositionPlace (x6) 
[15:05:00] [Netty Epoll IO #2/INFO]: Grim » tysooon failed RotationPlace (x197) pre-flying
[15:05:00] [Netty Epoll IO #2/INFO]: Grim » tysooon failed BadPacketsJ (x198) 
[15:05:00] [Netty Epoll IO #2/INFO]: Grim » tysooon failed BadPacketsV* (x119) delta=0.0
[15:05:00] [Netty Epoll IO #2/INFO]: Grim » tysooon failed PacketOrderO* (x335) type=PLAYER_INPUT
[15:05:00] [Netty Epoll IO #2/INFO]: Grim » tysooon failed BadPacketsV* (x120) delta=0.0
[15:05:00] [Netty Epoll IO #2/INFO]: Grim » tysooon failed PacketOrderO* (x336) type=PLAYER_INPUT
[15:05:00] [Netty Epoll IO #2/INFO]: Grim » tysooon failed RotationPlace (x198) pre-flying
[15:05:00] [Netty Epoll IO #2/INFO]: Grim » tysooon failed BadPacketsJ (x199) 
[15:05:00] [Netty Epoll IO #2/INFO]: Grim » tysooon failed AimDuplicateLook (x135) 
[15:05:00] [Netty Epoll IO #2/INFO]: Grim » tysooon failed BadPacketsV* (x121) delta=0.0
[15:05:00] [Netty Epoll IO #2/INFO]: Grim » tysooon failed PacketOrderO* (x337) type=PLAYER_INPUT
[15:05:00] [Netty Epoll IO #2/INFO]: Grim » tysooon failed RotationPlace (x199) pre-flying
[15:05:00] [Netty Epoll IO #2/INFO]: Grim » tysooon failed BadPacketsJ (x200) 
[15:05:00] [Netty Epoll IO #2/INFO]: Grim » tysooon failed AimDuplicateLook (x136) 
[15:05:00] [Netty Epoll IO #2/INFO]: Grim » tysooon failed BadPacketsV* (x122) delta=0.0
[15:05:00] [Netty Epoll IO #2/INFO]: Grim » tysooon failed PacketOrderO* (x338) type=PLAYER_INPUT
[15:05:00] [Netty Epoll IO #2/INFO]: Grim » tysooon failed RotationPlace (x200) pre-flying
[15:05:00] [Netty Epoll IO #2/INFO]: Grim » tysooon failed BadPacketsJ (x201) 
[15:05:00] [Netty Epoll IO #2/INFO]: Grim » tysooon failed AimDuplicateLook (x137) 
[15:05:00] [Netty Epoll IO #2/INFO]: Grim » tysooon failed BadPacketsV* (x123) delta=0.0
[15:05:00] [Netty Epoll IO #2/INFO]: Grim » tysooon failed PacketOrderO* (x339) type=PLAYER_INPUT
[15:05:00] [Netty Epoll IO #2/INFO]: Grim » tysooon failed RotationPlace (x201) pre-flying
[15:05:00] [Netty Epoll IO #2/INFO]: Grim » tysooon failed BadPacketsJ (x202) 
[15:05:00] [Netty Epoll IO #2/INFO]: Grim » tysooon failed AimDuplicateLook (x138) 
[15:05:00] [Netty Epoll IO #2/INFO]: Grim » tysooon failed BadPacketsV* (x124) delta=0.0
[15:05:00] [Netty Epoll IO #2/INFO]: Grim » tysooon failed PacketOrderO* (x340) type=PLAYER_INPUT
[15:05:00] [Netty Epoll IO #2/INFO]: Grim » tysooon failed RotationPlace (x202) pre-flying
[15:05:00] [Netty Epoll IO #2/INFO]: Grim » tysooon failed BadPacketsJ (x203) 
[15:05:00] [Netty Epoll IO #2/INFO]: Grim » tysooon failed AimDuplicateLook (x139) 
[15:05:00] [Netty Epoll IO #2/INFO]: Grim » tysooon failed BadPacketsV* (x125) delta=0.0
[15:05:00] [Netty Epoll IO #2/INFO]: Grim » tysooon failed PacketOrderO* (x341) type=PLAYER_INPUT
[15:05:01] [Netty Epoll IO #2/INFO]: Grim » tysooon failed RotationPlace (x203) pre-flying
[15:05:01] [Netty Epoll IO #2/INFO]: Grim » tysooon failed BadPacketsJ (x204) 
[15:05:01] [Netty Epoll IO #2/INFO]: Grim » tysooon failed AimDuplicateLook (x140) 
[15:05:01] [Netty Epoll IO #2/INFO]: Grim » tysooon failed BadPacketsV* (x126) delta=0.0
[15:05:01] [Netty Epoll IO #2/INFO]: Grim » tysooon failed PacketOrderO* (x342) type=PLAYER_INPUT
[15:05:01] [Netty Epoll IO #2/INFO]: Grim » tysooon failed RotationPlace (x204) pre-flying
[15:05:01] [Netty Epoll IO #2/INFO]: Grim » tysooon failed BadPacketsJ (x205) 
[15:05:01] [Netty Epoll IO #2/INFO]: Grim » tysooon failed AimDuplicateLook (x141) 
[15:05:01] [Netty Epoll IO #2/INFO]: Grim » tysooon failed BadPacketsV* (x127) delta=0.0
[15:05:01] [Netty Epoll IO #2/INFO]: Grim » tysooon failed PacketOrderO* (x343) type=PLAYER_INPUT
[15:05:01] [Netty Epoll IO #2/INFO]: Grim » tysooon failed RotationPlace (x205) pre-flying
[15:05:01] [Netty Epoll IO #2/INFO]: Grim » tysooon failed BadPacketsJ (x206) 
[15:05:01] [Netty Epoll IO #2/INFO]: Grim » tysooon failed BadPacketsV* (x128) delta=0.0
[15:05:01] [Netty Epoll IO #2/INFO]: Grim » tysooon failed AimDuplicateLook (x142) 
[15:05:01] [Netty Epoll IO #2/INFO]: Grim » tysooon failed BadPacketsV* (x129) delta=0.0
[15:05:01] [Netty Epoll IO #2/INFO]: Grim » tysooon failed PacketOrderO* (x344) type=PLAYER_INPUT
[15:05:01] [Netty Epoll IO #2/INFO]: Grim » tysooon failed RotationPlace (x206) pre-flying
[15:05:01] [Netty Epoll IO #2/INFO]: Grim » tysooon failed BadPacketsJ (x207) 
[15:05:01] [Netty Epoll IO #2/INFO]: Grim » tysooon failed AimDuplicateLook (x143) 
[15:05:01] [Netty Epoll IO #2/INFO]: Grim » tysooon failed BadPacketsV* (x130) delta=0.0
[15:05:01] [Netty Epoll IO #2/INFO]: Grim » tysooon failed PacketOrderO* (x345) type=PLAYER_INPUT
[15:05:01] [Netty Epoll IO #2/INFO]: Grim » tysooon failed RotationPlace (x207) pre-flying
[15:05:01] [Netty Epoll IO #2/INFO]: Grim » tysooon failed BadPacketsJ (x208) 
[15:05:01] [Netty Epoll IO #2/INFO]: Grim » tysooon failed AimDuplicateLook (x144) 
[15:05:01] [Netty Epoll IO #2/INFO]: Grim » tysooon failed BadPacketsV* (x131) delta=0.0
[15:05:01] [Netty Epoll IO #2/INFO]: Grim » tysooon failed PacketOrderO* (x346) type=PLAYER_INPUT
[15:05:01] [Netty Epoll IO #2/INFO]: Grim » tysooon failed RotationPlace (x208) pre-flying
[15:05:01] [Netty Epoll IO #2/INFO]: Grim » tysooon failed BadPacketsJ (x209) 
[15:05:01] [Netty Epoll IO #2/INFO]: Grim » tysooon failed AimDuplicateLook (x145) 
[15:05:01] [Netty Epoll IO #2/INFO]: Grim » tysooon failed BadPacketsV* (x132) delta=0.0
[15:05:01] [Netty Epoll IO #2/INFO]: Grim » tysooon failed PacketOrderO* (x347) type=PLAYER_INPUT
[15:05:01] [Netty Epoll IO #2/INFO]: Grim » tysooon failed RotationPlace (x209) pre-flying
[15:05:01] [Netty Epoll IO #2/INFO]: Grim » tysooon failed BadPacketsJ (x210) 
[15:05:01] [Netty Epoll IO #2/INFO]: Grim » tysooon failed AimDuplicateLook (x146) 
[15:05:01] [Netty Epoll IO #2/INFO]: Grim » tysooon failed BadPacketsV* (x133) delta=0.0
[15:05:01] [Netty Epoll IO #2/INFO]: Grim » tysooon failed PacketOrderO* (x348) type=PLAYER_INPUT
[15:05:01] [Netty Epoll IO #2/INFO]: Grim » tysooon failed RotationPlace (x210) pre-flying
[15:05:01] [Netty Epoll IO #2/INFO]: Grim » tysooon failed BadPacketsJ (x211) 
[15:05:01] [Netty Epoll IO #2/INFO]: Grim » tysooon failed AimDuplicateLook (x147) 
[15:05:01] [Netty Epoll IO #2/INFO]: Grim » tysooon failed BadPacketsV* (x134) delta=0.0
[15:05:01] [Netty Epoll IO #2/INFO]: Grim » tysooon failed PacketOrderO* (x349) type=PLAYER_INPUT
[15:05:02] [Netty Epoll IO #2/INFO]: Grim » tysooon failed RotationPlace (x211) pre-flying
[15:05:02] [Netty Epoll IO #2/INFO]: Grim » tysooon failed BadPacketsJ (x212) 
[15:05:02] [Netty Epoll IO #2/INFO]: Grim » tysooon failed AimDuplicateLook (x148) 
[15:05:02] [Netty Epoll IO #2/INFO]: Grim » tysooon failed BadPacketsV* (x135) delta=0.0
[15:05:02] [Netty Epoll IO #2/INFO]: Grim » tysooon failed PacketOrderO* (x350) type=PLAYER_INPUT
[15:05:02] [Netty Epoll IO #2/INFO]: Grim » tysooon failed RotationPlace (x212) pre-flying
[15:05:02] [Netty Epoll IO #2/INFO]: Grim » tysooon failed BadPacketsJ (x213) 
[15:05:02] [Netty Epoll IO #2/INFO]: Grim » tysooon failed AimDuplicateLook (x149) 
[15:05:02] [Netty Epoll IO #2/INFO]: Grim » tysooon failed BadPacketsV* (x136) delta=0.0
[15:05:02] [Netty Epoll IO #2/INFO]: Grim » tysooon failed PacketOrderO* (x351) type=PLAYER_INPUT
[15:05:02] [Netty Epoll IO #2/INFO]: Grim » tysooon failed RotationPlace (x213) pre-flying
[15:05:02] [Netty Epoll IO #2/INFO]: Grim » tysooon failed BadPacketsJ (x214) 
[15:05:02] [Netty Epoll IO #2/INFO]: Grim » tysooon failed BadPacketsV* (x137) delta=0.0
[15:05:02] [Netty Epoll IO #2/INFO]: Grim » tysooon failed Timer (x58) 
[15:05:02] [Netty Epoll IO #2/INFO]: Grim » tysooon failed TickTimer (x137) type=flying, packets=1
[15:05:02] [Netty Epoll IO #2/INFO]: Grim » tysooon failed PacketOrderO* (x352) type=PLAYER_INPUT
[15:05:02] [Netty Epoll IO #2/INFO]: Grim » tysooon failed TickTimer (x138) type=end, packets=2
[15:05:02] [Netty Epoll IO #2/INFO]: Grim » tysooon failed RotationPlace (x214) pre-flying
[15:05:02] [Netty Epoll IO #2/INFO]: Grim » tysooon failed BadPacketsJ (x215) 
[15:05:02] [Netty Epoll IO #2/INFO]: Grim » tysooon failed PacketOrderO* (x353) type=PLAYER_INPUT
[15:05:02] [Netty Epoll IO #2/INFO]: Grim » tysooon failed RotationPlace (x215) pre-flying
[15:05:02] [Netty Epoll IO #2/INFO]: Grim » tysooon failed BadPacketsJ (x216) 
[15:05:02] [Netty Epoll IO #2/INFO]: Grim » tysooon failed AimDuplicateLook (x150) 
[15:05:02] [Netty Epoll IO #2/INFO]: Grim » tysooon failed BadPacketsV* (x138) delta=0.0
[15:05:02] [Netty Epoll IO #2/INFO]: Grim » tysooon failed PacketOrderO* (x354) type=PLAYER_INPUT
[15:05:02] [Netty Epoll IO #2/INFO]: Grim » tysooon failed RotationPlace (x216) pre-flying
[15:05:02] [Netty Epoll IO #2/INFO]: Grim » tysooon failed BadPacketsJ (x217) 
[15:05:02] [Netty Epoll IO #2/INFO]: Grim » tysooon failed AimDuplicateLook (x151) 
[15:05:02] [Netty Epoll IO #2/INFO]: Grim » tysooon failed BadPacketsV* (x139) delta=0.0
[15:05:02] [Netty Epoll IO #2/INFO]: Grim » tysooon failed PacketOrderO* (x355) type=PLAYER_INPUT
[15:05:02] [Netty Epoll IO #2/INFO]: Grim » tysooon failed RotationPlace (x217) pre-flying
[15:05:02] [Netty Epoll IO #2/INFO]: Grim » tysooon failed BadPacketsJ (x218) 
[15:05:02] [Netty Epoll IO #2/INFO]: Grim » tysooon failed AimDuplicateLook (x152) 
[15:05:02] [Netty Epoll IO #2/INFO]: Grim » tysooon failed BadPacketsV* (x139) delta=0.0
[15:05:02] [Netty Epoll IO #2/INFO]: Grim » tysooon failed PacketOrderO* (x356) type=PLAYER_INPUT
[15:05:02] [Netty Epoll IO #2/INFO]: Grim » tysooon failed RotationPlace (x218) pre-flying
[15:05:02] [Netty Epoll IO #2/INFO]: Grim » tysooon failed BadPacketsJ (x219) 
[15:05:02] [Netty Epoll IO #2/INFO]: Grim » tysooon failed AimDuplicateLook (x153) 
[15:05:02] [Netty Epoll IO #2/INFO]: Grim » tysooon failed BadPacketsV* (x140) delta=0.0
[15:05:02] [Netty Epoll IO #2/INFO]: Grim » tysooon failed PacketOrderO* (x357) type=PLAYER_INPUT
[15:05:02] [Netty Epoll IO #2/INFO]: Grim » tysooon failed RotationPlace (x219) pre-flying
[15:05:02] [Netty Epoll IO #2/INFO]: Grim » tysooon failed BadPacketsJ (x220) 
[15:05:03] [Netty Epoll IO #2/INFO]: Grim » tysooon failed AimDuplicateLook (x154) 
[15:05:03] [Netty Epoll IO #2/INFO]: Grim » tysooon failed BadPacketsV* (x141) delta=0.0
[15:05:03] [Netty Epoll IO #2/INFO]: Grim » tysooon failed PacketOrderO* (x358) type=PLAYER_INPUT
[15:05:03] [Netty Epoll IO #2/INFO]: Grim » tysooon failed RotationPlace (x220) pre-flying
[15:05:03] [Netty Epoll IO #2/INFO]: Grim » tysooon failed BadPacketsJ (x221) 
[15:05:03] [Netty Epoll IO #2/INFO]: Grim » tysooon failed AimDuplicateLook (x155) 
[15:05:03] [Netty Epoll IO #2/INFO]: Grim » tysooon failed BadPacketsV* (x142) delta=0.0
[15:05:03] [Netty Epoll IO #2/INFO]: Grim » tysooon failed PacketOrderO* (x359) type=PLAYER_INPUT
[15:05:03] [Netty Epoll IO #2/INFO]: Grim » tysooon failed RotationPlace (x221) pre-flying
[15:05:03] [Netty Epoll IO #2/INFO]: Grim » tysooon failed BadPacketsJ (x222) 
[15:05:03] [Netty Epoll IO #2/INFO]: Grim » tysooon failed AimDuplicateLook (x156) 
[15:05:03] [Netty Epoll IO #2/INFO]: Grim » tysooon failed BadPacketsV* (x143) delta=0.0
[15:05:03] [Netty Epoll IO #2/INFO]: Grim » tysooon failed PacketOrderO* (x360) type=PLAYER_INPUT
[15:05:03] [Netty Epoll IO #2/INFO]: Grim » tysooon failed BadPacketsV* (x144) delta=0.0
[15:05:03] [Netty Epoll IO #2/INFO]: Grim » tysooon failed RotationPlace (x222) pre-flying
[15:05:03] [Netty Epoll IO #2/INFO]: Grim » tysooon failed PacketOrderO* (x361) type=PLAYER_BLOCK_PLACEMENT
[15:05:03] [Netty Epoll IO #2/INFO]: Grim » tysooon failed PacketOrderO* (x362) type=USE_ITEM
[15:05:03] [Netty Epoll IO #2/INFO]: Grim » tysooon failed AimDuplicateLook (x157) 
[15:05:03] [Netty Epoll IO #2/INFO]: Grim » tysooon failed Post (x66) player block placement v1.21.11
[15:05:03] [Netty Epoll IO #2/INFO]: Grim » tysooon failed BadPacketsJ (x223) 
[15:05:03] [Netty Epoll IO #2/INFO]: Grim » tysooon failed BadPacketsV* (x145) delta=0.0
[15:05:03] [Netty Epoll IO #2/INFO]: Grim » tysooon failed PacketOrderO* (x363) type=PLAYER_INPUT
[15:05:03] [Netty Epoll IO #2/INFO]: Grim » tysooon failed RotationPlace (x223) pre-flying
[15:05:03] [Netty Epoll IO #2/INFO]: Grim » tysooon failed BadPacketsJ (x224) 
[15:05:03] [Netty Epoll IO #2/INFO]: Grim » tysooon failed AimDuplicateLook (x158) 
[15:05:03] [Netty Epoll IO #2/INFO]: Grim » tysooon failed BadPacketsV* (x145) delta=0.0
[15:05:03] [Netty Epoll IO #2/INFO]: Grim » tysooon failed PacketOrderO* (x364) type=PLAYER_INPUT
[15:05:03] [Netty Epoll IO #2/INFO]: Grim » tysooon failed RotationPlace (x224) pre-flying
[15:05:03] [Netty Epoll IO #2/INFO]: Grim » tysooon failed BadPacketsJ (x225) 
[15:05:03] [Netty Epoll IO #2/INFO]: Grim » tysooon failed AimDuplicateLook (x159) 
[15:05:03] [Netty Epoll IO #2/INFO]: Grim » tysooon failed BadPacketsV* (x146) delta=0.0
[15:05:03] [Netty Epoll IO #2/INFO]: Grim » tysooon failed PacketOrderO* (x365) type=PLAYER_INPUT
[15:05:03] [Netty Epoll IO #2/INFO]: Grim » tysooon failed RotationPlace (x225) pre-flying
[15:05:03] [Netty Epoll IO #2/INFO]: Grim » tysooon failed BadPacketsJ (x226) 
[15:05:03] [Netty Epoll IO #2/INFO]: Grim » tysooon failed AimDuplicateLook (x160) 
[15:05:03] [Netty Epoll IO #2/INFO]: Grim » tysooon failed BadPacketsV* (x147) delta=0.0
[15:05:03] [Netty Epoll IO #2/INFO]: Grim » tysooon failed PacketOrderO* (x366) type=PLAYER_INPUT
[15:05:03] [Netty Epoll IO #2/INFO]: Grim » tysooon failed RotationPlace (x226) pre-flying
[15:05:03] [Netty Epoll IO #2/INFO]: Grim » tysooon failed BadPacketsJ (x227) 
[15:05:03] [Server thread/INFO]: Cửa hàng >> tysooon bought 33 x Wheat(Farming.page1.items.4) vì $330.00 với trang mua.
[15:05:03] [Netty Epoll IO #2/INFO]: Grim » tysooon failed AimDuplicateLook (x161) 
[15:05:03] [Netty Epoll IO #2/INFO]: Grim » tysooon failed BadPacketsV* (x148) delta=0.0
[15:05:03] [Netty Epoll IO #2/INFO]: Grim » tysooon failed PacketOrderO* (x367) type=PLAYER_INPUT
[15:05:03] [Netty Epoll IO #2/INFO]: Grim » tysooon failed RotationPlace (x227) pre-flying
[15:05:03] [Netty Epoll IO #2/INFO]: Grim » tysooon failed BadPacketsJ (x228) 
[15:05:03] [Netty Epoll IO #2/INFO]: Grim » tysooon failed AimDuplicateLook (x162) 
[15:05:03] [Netty Epoll IO #2/INFO]: Grim » tysooon failed BadPacketsV* (x149) delta=0.0
[15:05:03] [Netty Epoll IO #2/INFO]: Grim » tysooon failed PacketOrderO* (x368) type=PLAYER_INPUT
[15:05:04] [Netty Epoll IO #2/INFO]: Grim » tysooon failed RotationPlace (x228) pre-flying
[15:05:04] [Netty Epoll IO #2/INFO]: Grim » tysooon failed BadPacketsJ (x229) 
[15:05:04] [Netty Epoll IO #2/INFO]: Grim » tysooon failed AimDuplicateLook (x163) 
[15:05:04] [Netty Epoll IO #2/INFO]: Grim » tysooon failed BadPacketsV* (x150) delta=0.0
[15:05:04] [Netty Epoll IO #2/INFO]: Grim » tysooon failed PacketOrderO* (x369) type=PLAYER_INPUT
[15:05:04] [Netty Epoll IO #2/INFO]: Grim » tysooon failed RotationPlace (x229) pre-flying
[15:05:04] [Netty Epoll IO #2/INFO]: Grim » tysooon failed BadPacketsJ (x230) 
[15:05:04] [Netty Epoll IO #2/INFO]: Grim » tysooon failed AimDuplicateLook (x164) 
[15:05:04] [Netty Epoll IO #2/INFO]: Grim » tysooon failed BadPacketsV* (x151) delta=0.0
[15:05:04] [Netty Epoll IO #2/INFO]: Grim » tysooon failed PacketOrderO* (x370) type=PLAYER_INPUT
[15:05:04] [Netty Epoll IO #2/INFO]: Grim » tysooon failed RotationPlace (x230) pre-flying
[15:05:04] [Netty Epoll IO #2/INFO]: Grim » tysooon failed BadPacketsJ (x231) 
[15:05:04] [Netty Epoll IO #2/INFO]: Grim » tysooon failed BadPacketsV* (x152) delta=0.0
[15:05:04] [Netty Epoll IO #2/INFO]: Grim » tysooon failed AimDuplicateLook (x165) 
[15:05:04] [Netty Epoll IO #2/INFO]: Grim » tysooon failed BadPacketsV* (x153) delta=0.0
[15:05:04] [Netty Epoll IO #2/INFO]: Grim » tysooon failed PacketOrderO* (x371) type=PLAYER_INPUT
[15:05:04] [Netty Epoll IO #2/INFO]: Grim » tysooon failed RotationPlace (x231) pre-flying
[15:05:04] [Netty Epoll IO #2/INFO]: Grim » tysooon failed BadPacketsJ (x232) 
[15:05:04] [Netty Epoll IO #2/INFO]: Grim » tysooon failed Timer (x59) 
[15:05:04] [Netty Epoll IO #2/INFO]: Grim » tysooon failed TickTimer (x139) type=flying, packets=1
[15:05:04] [Netty Epoll IO #2/INFO]: Grim » tysooon failed PacketOrderO* (x372) type=PLAYER_INPUT
[15:05:04] [Netty Epoll IO #2/INFO]: Grim » tysooon failed TickTimer (x140) type=end, packets=2
[15:05:04] [Netty Epoll IO #2/INFO]: Grim » tysooon failed RotationPlace (x232) pre-flying
[15:05:04] [Netty Epoll IO #2/INFO]: Grim » tysooon failed PacketOrderO* (x373) type=PLAYER_BLOCK_PLACEMENT
[15:05:04] [Netty Epoll IO #2/INFO]: Grim » tysooon failed PacketOrderO* (x374) type=USE_ITEM
[15:05:04] [Netty Epoll IO #2/INFO]: Grim » tysooon failed BadPacketsJ (x233) 
[15:05:04] [Netty Epoll IO #2/INFO]: Grim » tysooon failed Timer (x60) 
[15:05:04] [Netty Epoll IO #2/INFO]: Grim » tysooon failed TickTimer (x141) type=flying, packets=1
[15:05:04] [Netty Epoll IO #2/INFO]: Grim » tysooon failed PacketOrderO* (x375) type=PLAYER_INPUT
[15:05:04] [Netty Epoll IO #2/INFO]: Grim » tysooon failed TickTimer (x142) type=end, packets=2
[15:05:04] [Netty Epoll IO #2/INFO]: Grim » tysooon failed RotationPlace (x233) pre-flying
[15:05:04] [Netty Epoll IO #2/INFO]: Grim » tysooon failed BadPacketsJ (x234) 
[15:05:04] [Netty Epoll IO #2/INFO]: Grim » tysooon failed AimDuplicateLook (x166) 
[15:05:04] [Netty Epoll IO #2/INFO]: Grim » tysooon failed Post (x67) player block placement v1.21.11
[15:05:04] [Netty Epoll IO #2/INFO]: Grim » tysooon failed PacketOrderO* (x376) type=PLAYER_INPUT
[15:05:04] [Netty Epoll IO #2/INFO]: Grim » tysooon failed RotationPlace (x234) pre-flying
[15:05:04] [Netty Epoll IO #2/INFO]: Grim » tysooon failed PacketOrderO* (x377) type=PLAYER_BLOCK_PLACEMENT
[15:05:04] [Netty Epoll IO #2/INFO]: Grim » tysooon failed PacketOrderO* (x378) type=USE_ITEM
[15:05:04] [Netty Epoll IO #2/INFO]: Grim » tysooon failed BadPacketsJ (x235) 
[15:05:04] [Netty Epoll IO #2/INFO]: Grim » tysooon failed Timer (x61) 
[15:05:04] [Netty Epoll IO #2/INFO]: Grim » tysooon failed TickTimer (x143) type=flying, packets=1
[15:05:04] [Netty Epoll IO #2/INFO]: Grim » tysooon failed PacketOrderO* (x379) type=PLAYER_INPUT
[15:05:04] [Netty Epoll IO #2/INFO]: Grim » tysooon failed TickTimer (x144) type=end, packets=2
[15:05:04] [Netty Epoll IO #2/INFO]: Grim » tysooon failed Post (x68) player block placement v1.21.11
[15:05:04] [Netty Epoll IO #2/INFO]: Grim » tysooon failed RotationPlace (x235) pre-flying
[15:05:04] [Netty Epoll IO #2/INFO]: Grim » tysooon failed PacketOrderO* (x380) type=PLAYER_BLOCK_PLACEMENT
[15:05:04] [Netty Epoll IO #2/INFO]: Grim » tysooon failed PacketOrderO* (x381) type=USE_ITEM
[15:05:04] [Netty Epoll IO #2/INFO]: Grim » tysooon failed Post (x69) player block placement v1.21.11
[15:05:04] [Netty Epoll IO #2/INFO]: Grim » tysooon failed BadPacketsJ (x236) 
[15:05:04] [Netty Epoll IO #2/INFO]: Grim » tysooon failed Timer (x62) 
[15:05:04] [Netty Epoll IO #2/INFO]: Grim » tysooon failed TickTimer (x145) type=flying, packets=1
[15:05:04] [Netty Epoll IO #2/INFO]: Grim » tysooon failed PacketOrderO* (x382) type=PLAYER_INPUT
[15:05:04] [Netty Epoll IO #2/INFO]: Grim » tysooon failed TickTimer (x146) type=end, packets=2
[15:05:05] [Netty Epoll IO #2/INFO]: Grim » tysooon failed RotationPlace (x236) pre-flying
[15:05:05] [Netty Epoll IO #2/INFO]: Grim » tysooon failed PacketOrderO* (x383) type=PLAYER_BLOCK_PLACEMENT
[15:05:05] [Netty Epoll IO #2/INFO]: Grim » tysooon failed PacketOrderO* (x384) type=USE_ITEM
[15:05:05] [Netty Epoll IO #2/INFO]: Grim » tysooon failed Post (x70) player block placement v1.21.11
[15:05:05] [Netty Epoll IO #2/INFO]: Grim » tysooon failed BadPacketsJ (x237) 
[15:05:05] [Netty Epoll IO #2/INFO]: Grim » tysooon failed Timer (x63) 
[15:05:05] [Netty Epoll IO #2/INFO]: Grim » tysooon failed TickTimer (x147) type=flying, packets=1
[15:05:05] [Netty Epoll IO #2/INFO]: Grim » tysooon failed PacketOrderO* (x385) type=PLAYER_INPUT
[15:05:05] [Netty Epoll IO #2/INFO]: Grim » tysooon failed TickTimer (x148) type=end, packets=2
[15:05:05] [Netty Epoll IO #2/INFO]: Grim » tysooon failed RotationPlace (x237) pre-flying
[15:05:05] [Netty Epoll IO #2/INFO]: Grim » tysooon failed PacketOrderO* (x386) type=PLAYER_BLOCK_PLACEMENT
[15:05:05] [Netty Epoll IO #2/INFO]: Grim » tysooon failed PacketOrderO* (x386) type=USE_ITEM
[15:05:05] [Netty Epoll IO #2/INFO]: Grim » tysooon failed Post (x71) player block placement v1.21.11
[15:05:05] [Netty Epoll IO #2/INFO]: Grim » tysooon failed BadPacketsJ (x238) 
[15:05:05] [Netty Epoll IO #2/INFO]: Grim » tysooon failed Timer (x64) 
[15:05:05] [Netty Epoll IO #2/INFO]: Grim » tysooon failed TickTimer (x149) type=flying, packets=1
[15:05:05] [Netty Epoll IO #2/INFO]: Grim » tysooon failed BadPacketsZ* (x19) 
[15:05:05] [Netty Epoll IO #2/INFO]: Grim » tysooon failed PacketOrderO* (x387) type=PLAYER_INPUT
[15:05:05] [Netty Epoll IO #2/INFO]: Grim » tysooon failed TickTimer (x150) type=end, packets=2
[15:05:05] [Netty Epoll IO #2/INFO]: Grim » tysooon failed AimDuplicateLook (x167) 
[15:05:05] [Netty Epoll IO #2/INFO]: Grim » tysooon failed RotationPlace (x238) pre-flying
[15:05:05] [Netty Epoll IO #2/INFO]: Grim » tysooon failed PacketOrderO* (x388) type=PLAYER_BLOCK_PLACEMENT
[15:05:05] [Netty Epoll IO #2/INFO]: Grim » tysooon failed PacketOrderO* (x389) type=USE_ITEM
[15:05:05] [Netty Epoll IO #2/INFO]: Grim » tysooon failed AimDuplicateLook (x168) 
[15:05:05] [Netty Epoll IO #2/INFO]: Grim » tysooon failed Post (x72) player block placement v1.21.11
[15:05:05] [Netty Epoll IO #2/INFO]: Grim » tysooon failed BadPacketsJ (x239) 
[15:05:05] [Netty Epoll IO #2/INFO]: Grim » tysooon failed Timer (x65) 
[15:05:05] [Netty Epoll IO #2/INFO]: Grim » tysooon failed TickTimer (x151) type=flying, packets=1
[15:05:05] [Netty Epoll IO #2/INFO]: Grim » tysooon failed PacketOrderO* (x390) type=PLAYER_INPUT
[15:05:05] [Netty Epoll IO #2/INFO]: Grim » tysooon failed TickTimer (x152) type=end, packets=2
[15:05:05] [Netty Epoll IO #2/INFO]: Grim » tysooon failed RotationPlace (x239) pre-flying
[15:05:05] [Netty Epoll IO #2/INFO]: Grim » tysooon failed PacketOrderO* (x391) type=PLAYER_BLOCK_PLACEMENT
[15:05:05] [Netty Epoll IO #2/INFO]: Grim » tysooon failed PacketOrderO* (x392) type=USE_ITEM
[15:05:05] [Netty Epoll IO #2/INFO]: Grim » tysooon failed Post (x73) player block placement v1.21.11
[15:05:05] [Netty Epoll IO #2/INFO]: Grim » tysooon failed BadPacketsJ (x240) 
[15:05:05] [Netty Epoll IO #2/INFO]: Grim » tysooon failed Timer (x66) 
[15:05:05] [Netty Epoll IO #2/INFO]: Grim » tysooon failed TickTimer (x153) type=flying, packets=1
[15:05:05] [Netty Epoll IO #2/INFO]: Grim » tysooon failed PacketOrderO* (x393) type=PLAYER_INPUT
[15:05:05] [Netty Epoll IO #2/INFO]: Grim » tysooon failed TickTimer (x154) type=end, packets=2
[15:05:05] [Netty Epoll IO #2/INFO]: Grim » tysooon failed RotationPlace (x240) pre-flying
[15:05:05] [Netty Epoll IO #2/INFO]: Grim » tysooon failed PacketOrderO* (x394) type=PLAYER_BLOCK_PLACEMENT
[15:05:05] [Netty Epoll IO #2/INFO]: Grim » tysooon failed PacketOrderO* (x395) type=USE_ITEM
[15:05:05] [Netty Epoll IO #2/INFO]: Grim » tysooon failed Post (x74) player block placement v1.21.11
[15:05:05] [Netty Epoll IO #2/INFO]: Grim » tysooon failed BadPacketsJ (x241) 
[15:05:05] [Netty Epoll IO #2/INFO]: Grim » tysooon failed Timer (x66) 
[15:05:05] [Netty Epoll IO #2/INFO]: Grim » tysooon failed TickTimer (x155) type=flying, packets=1
[15:05:05] [Netty Epoll IO #2/INFO]: Grim » tysooon failed PacketOrderO* (x396) type=PLAYER_INPUT
[15:05:05] [Netty Epoll IO #2/INFO]: Grim » tysooon failed TickTimer (x156) type=end, packets=2
[15:05:05] [Netty Epoll IO #2/INFO]: Grim » tysooon failed RotationPlace (x241) pre-flying
[15:05:05] [Netty Epoll IO #2/INFO]: Grim » tysooon failed PacketOrderO* (x397) type=PLAYER_BLOCK_PLACEMENT
[15:05:05] [Netty Epoll IO #2/INFO]: Grim » tysooon failed PacketOrderO* (x398) type=USE_ITEM
[15:05:05] [Netty Epoll IO #2/INFO]: Grim » tysooon failed Post (x75) player block placement v1.21.11
[15:05:05] [Netty Epoll IO #2/INFO]: Grim » tysooon failed BadPacketsJ (x242) 
[15:05:05] [Netty Epoll IO #2/INFO]: Grim » tysooon failed Timer (x67) 
[15:05:05] [Netty Epoll IO #2/INFO]: Grim » tysooon failed TickTimer (x157) type=flying, packets=1
[15:05:05] [Netty Epoll IO #2/INFO]: Grim » tysooon failed PacketOrderO* (x399) type=PLAYER_INPUT
[15:05:05] [Netty Epoll IO #2/INFO]: Grim » tysooon failed TickTimer (x158) type=end, packets=2
[15:05:05] [Netty Epoll IO #2/INFO]: Grim » tysooon failed RotationPlace (x242) pre-flying
[15:05:05] [Netty Epoll IO #2/INFO]: Grim » tysooon failed PacketOrderO* (x400) type=PLAYER_BLOCK_PLACEMENT
[15:05:05] [Netty Epoll IO #2/INFO]: Grim » tysooon failed PacketOrderO* (x401) type=USE_ITEM
[15:05:05] [Netty Epoll IO #2/INFO]: Grim » tysooon failed Post (x76) player block placement v1.21.11
[15:05:05] [Netty Epoll IO #2/INFO]: Grim » tysooon failed Simulation (x85) .100147 /gl 212
[15:05:05] [Netty Epoll IO #2/INFO]: Grim » tysooon failed BadPacketsJ (x243) 
[15:05:05] [Netty Epoll IO #2/INFO]: Grim » tysooon failed Timer (x68) 
[15:05:05] [Netty Epoll IO #2/INFO]: Grim » tysooon failed TickTimer (x159) type=flying, packets=1
[15:05:05] [Netty Epoll IO #2/INFO]: Grim » tysooon failed BadPacketsZ* (x20) 
[15:05:05] [Netty Epoll IO #2/INFO]: Grim » tysooon failed PacketOrderO* (x402) type=PLAYER_INPUT
[15:05:05] [Netty Epoll IO #2/INFO]: Grim » tysooon failed TickTimer (x160) type=end, packets=2
[15:05:05] [Netty Epoll IO #2/INFO]: Grim » tysooon failed Simulation (x86) .100303 /gl 213
[15:05:05] [Netty Epoll IO #2/INFO]: Grim » tysooon failed Simulation (x87) .105247 /gl 214
[15:05:05] [Netty Epoll IO #2/INFO]: Grim » tysooon failed RotationPlace (x243) pre-flying
[15:05:05] [Netty Epoll IO #2/INFO]: Grim » tysooon failed PacketOrderO* (x403) type=PLAYER_BLOCK_PLACEMENT
[15:05:05] [Netty Epoll IO #2/INFO]: Grim » tysooon failed PacketOrderO* (x403) type=USE_ITEM
[15:05:05] [Netty Epoll IO #2/INFO]: Grim » tysooon failed Post (x77) player block placement v1.21.11
[15:05:05] [Netty Epoll IO #2/INFO]: Grim » tysooon failed Simulation (x88) .106324 /gl 215
[15:05:05] [Netty Epoll IO #2/INFO]: Grim » tysooon failed BadPacketsJ (x244) 
[15:05:05] [Netty Epoll IO #2/INFO]: Grim » tysooon failed Timer (x69) 
[15:05:05] [Netty Epoll IO #2/INFO]: Grim » tysooon failed TickTimer (x161) type=flying, packets=1
[15:05:05] [Netty Epoll IO #2/INFO]: Grim » tysooon failed PacketOrderO* (x404) type=PLAYER_INPUT
[15:05:05] [Netty Epoll IO #2/INFO]: Grim » tysooon failed TickTimer (x162) type=end, packets=2
[15:05:05] [Netty Epoll IO #2/INFO]: Grim » tysooon failed Simulation (x89) .107020 /gl 216
[15:05:05] [Netty Epoll IO #2/INFO]: Grim » tysooon failed RotationPlace (x244) pre-flying
[15:05:05] [Netty Epoll IO #2/INFO]: Grim » tysooon failed PacketOrderO* (x405) type=PLAYER_BLOCK_PLACEMENT
[15:05:05] [Netty Epoll IO #2/INFO]: Grim » tysooon failed PacketOrderO* (x406) type=USE_ITEM
[15:05:06] [Netty Epoll IO #2/INFO]: Grim » tysooon failed BadPacketsJ (x245) 
[15:05:06] [Netty Epoll IO #2/INFO]: Grim » tysooon failed Timer (x70) 
[15:05:06] [Netty Epoll IO #2/INFO]: Grim » tysooon failed TickTimer (x163) type=flying, packets=1
[15:05:06] [Netty Epoll IO #2/INFO]: Grim » tysooon failed PacketOrderO* (x407) type=PLAYER_INPUT
[15:05:06] [Netty Epoll IO #2/INFO]: Grim » tysooon failed TickTimer (x164) type=end, packets=2
[15:05:06] [Netty Epoll IO #2/INFO]: Grim » tysooon failed Post (x78) player block placement v1.21.11
[15:05:06] [Netty Epoll IO #2/INFO]: Grim » tysooon failed Simulation (x90) .106743 /gl 217
[15:05:06] [Netty Epoll IO #2/INFO]: Grim » tysooon failed RotationPlace (x245) pre-flying
[15:05:06] [Netty Epoll IO #2/INFO]: Grim » tysooon failed PacketOrderO* (x408) type=PLAYER_BLOCK_PLACEMENT
[15:05:06] [Netty Epoll IO #2/INFO]: Grim » tysooon failed PacketOrderO* (x409) type=USE_ITEM
[15:05:06] [Netty Epoll IO #2/INFO]: Grim » tysooon failed BadPacketsJ (x246) 
[15:05:06] [Netty Epoll IO #2/INFO]: Grim » tysooon failed Post (x79) player block placement v1.21.11
[15:05:06] [Netty Epoll IO #2/INFO]: Grim » tysooon failed Timer (x71) 
[15:05:06] [Netty Epoll IO #2/INFO]: Grim » tysooon failed TickTimer (x165) type=flying, packets=1
[15:05:06] [Netty Epoll IO #2/INFO]: Grim » tysooon failed PacketOrderO* (x410) type=PLAYER_INPUT
[15:05:06] [Netty Epoll IO #2/INFO]: Grim » tysooon failed TickTimer (x166) type=end, packets=2
[15:05:06] [Netty Epoll IO #2/INFO]: Grim » tysooon failed Simulation (x91) .105979 /gl 218
[15:05:06] [Netty Epoll IO #2/INFO]: Grim » tysooon failed RotationPlace (x246) pre-flying
[15:05:06] [Netty Epoll IO #2/INFO]: Grim » tysooon failed PacketOrderO* (x411) type=PLAYER_BLOCK_PLACEMENT
[15:05:06] [Netty Epoll IO #2/INFO]: Grim » tysooon failed PacketOrderO* (x412) type=USE_ITEM
[15:05:06] [Netty Epoll IO #2/INFO]: Grim » tysooon failed Post (x80) player block placement v1.21.11
[15:05:06] [Netty Epoll IO #2/INFO]: Grim » tysooon failed Simulation (x92) .106535 /gl 219
[15:05:06] [Netty Epoll IO #2/INFO]: Grim » tysooon failed BadPacketsJ (x247) 
[15:05:06] [Netty Epoll IO #2/INFO]: Grim » tysooon failed Timer (x72) 
[15:05:06] [Netty Epoll IO #2/INFO]: Grim » tysooon failed TickTimer (x167) type=flying, packets=1
[15:05:06] [Netty Epoll IO #2/INFO]: Grim » tysooon failed PacketOrderO* (x413) type=PLAYER_INPUT
[15:05:06] [Netty Epoll IO #2/INFO]: Grim » tysooon failed TickTimer (x168) type=end, packets=2
[15:05:06] [Netty Epoll IO #2/INFO]: Grim » tysooon failed Simulation (x93) .104678 /gl 220
[15:05:06] [Netty Epoll IO #2/INFO]: Grim » tysooon failed RotationPlace (x247) pre-flying
[15:05:06] [Netty Epoll IO #2/INFO]: Grim » tysooon failed PacketOrderO* (x414) type=PLAYER_BLOCK_PLACEMENT
[15:05:06] [Netty Epoll IO #2/INFO]: Grim » tysooon failed PacketOrderO* (x415) type=USE_ITEM
[15:05:06] [Netty Epoll IO #2/INFO]: Grim » tysooon failed Post (x81) player block placement v1.21.11
[15:05:06] [Netty Epoll IO #2/INFO]: Grim » tysooon failed BadPacketsJ (x248) 
[15:05:06] [Netty Epoll IO #2/INFO]: Grim » tysooon failed Timer (x73) 
[15:05:06] [Netty Epoll IO #2/INFO]: Grim » tysooon failed TickTimer (x169) type=flying, packets=1
[15:05:06] [Netty Epoll IO #2/INFO]: Grim » tysooon failed BadPacketsZ* (x21) 
[15:05:06] [Netty Epoll IO #2/INFO]: Grim » tysooon failed PacketOrderO* (x416) type=PLAYER_INPUT
[15:05:06] [Netty Epoll IO #2/INFO]: Grim » tysooon failed TickTimer (x170) type=end, packets=2
[15:05:06] [Netty Epoll IO #2/INFO]: Grim » tysooon failed AimDuplicateLook (x169) 
[15:05:06] [Netty Epoll IO #2/INFO]: Grim » tysooon failed RotationPlace (x248) pre-flying
[15:05:06] [Netty Epoll IO #2/INFO]: Grim » tysooon failed PacketOrderO* (x417) type=PLAYER_BLOCK_PLACEMENT
[15:05:06] [Netty Epoll IO #2/INFO]: Grim » tysooon failed PacketOrderO* (x418) type=USE_ITEM
[15:05:06] [Netty Epoll IO #2/INFO]: Grim » tysooon failed AimDuplicateLook (x170) 
[15:05:06] [Netty Epoll IO #2/INFO]: Grim » tysooon failed BadPacketsJ (x249) 
[15:05:06] [Netty Epoll IO #2/INFO]: Grim » tysooon failed Timer (x74) 
[15:05:06] [Netty Epoll IO #2/INFO]: Grim » tysooon failed TickTimer (x171) type=flying, packets=1
[15:05:06] [Netty Epoll IO #2/INFO]: Grim » tysooon failed PacketOrderO* (x419) type=PLAYER_INPUT
[15:05:06] [Netty Epoll IO #2/INFO]: Grim » tysooon failed TickTimer (x172) type=end, packets=2
[15:05:06] [Netty Epoll IO #2/INFO]: Grim » tysooon failed RotationPlace (x249) pre-flying
[15:05:06] [Netty Epoll IO #2/INFO]: Grim » tysooon failed PacketOrderO* (x420) type=PLAYER_BLOCK_PLACEMENT
[15:05:06] [Netty Epoll IO #2/INFO]: Grim » tysooon failed PacketOrderO* (x421) type=USE_ITEM
[15:05:06] [Netty Epoll IO #2/INFO]: Grim » tysooon failed AimDuplicateLook (x171) 
[15:05:06] [Netty Epoll IO #2/INFO]: Grim » tysooon failed BadPacketsJ (x250) 
[15:05:06] [Netty Epoll IO #2/INFO]: Grim » tysooon failed Timer (x75) 
[15:05:06] [Netty Epoll IO #2/INFO]: Grim » tysooon failed TickTimer (x173) type=flying, packets=1
[15:05:06] [Netty Epoll IO #2/INFO]: Grim » tysooon failed PacketOrderO* (x422) type=PLAYER_INPUT
[15:05:06] [Netty Epoll IO #2/INFO]: Grim » tysooon failed TickTimer (x174) type=end, packets=2
[15:05:06] [Netty Epoll IO #2/INFO]: Grim » tysooon failed RotationPlace (x250) pre-flying
[15:05:06] [Netty Epoll IO #2/INFO]: Grim » tysooon failed PacketOrderO* (x423) type=PLAYER_BLOCK_PLACEMENT
[15:05:06] [Netty Epoll IO #2/INFO]: Grim » tysooon failed PacketOrderO* (x424) type=USE_ITEM
[15:05:06] [Netty Epoll IO #2/INFO]: Grim » tysooon failed AimDuplicateLook (x172) 
[15:05:06] [Netty Epoll IO #2/INFO]: Grim » tysooon failed BadPacketsJ (x251) 
[15:05:06] [Netty Epoll IO #2/INFO]: Grim » tysooon failed AimDuplicateLook (x173) 
[15:05:06] [Netty Epoll IO #2/INFO]: Grim » tysooon failed Timer (x76) 
[15:05:06] [Netty Epoll IO #2/INFO]: Grim » tysooon failed TickTimer (x175) type=flying, packets=1
[15:05:06] [Netty Epoll IO #2/INFO]: Grim » tysooon failed PacketOrderO* (x425) type=PLAYER_INPUT
[15:05:06] [Netty Epoll IO #2/INFO]: Grim » tysooon failed TickTimer (x176) type=end, packets=2
[15:05:06] [Netty Epoll IO #2/INFO]: Grim » tysooon failed RotationPlace (x251) pre-flying
[15:05:06] [Netty Epoll IO #2/INFO]: Grim » tysooon failed PacketOrderO* (x426) type=PLAYER_BLOCK_PLACEMENT
[15:05:06] [Netty Epoll IO #2/INFO]: Grim » tysooon failed PacketOrderO* (x427) type=USE_ITEM
[15:05:06] [Netty Epoll IO #2/INFO]: Grim » tysooon failed AimDuplicateLook (x174) 
[15:05:06] [Netty Epoll IO #2/INFO]: Grim » tysooon failed BadPacketsJ (x252) 
[15:05:06] [Netty Epoll IO #2/INFO]: Grim » tysooon failed Timer (x77) 
[15:05:06] [Netty Epoll IO #2/INFO]: Grim » tysooon failed TickTimer (x177) type=flying, packets=1
[15:05:06] [Netty Epoll IO #2/INFO]: Grim » tysooon failed PacketOrderO* (x428) type=PLAYER_INPUT
[15:05:06] [Netty Epoll IO #2/INFO]: Grim » tysooon failed TickTimer (x178) type=end, packets=2
[15:05:06] [Netty Epoll IO #2/INFO]: Grim » tysooon failed RotationPlace (x252) pre-flying
[15:05:06] [Netty Epoll IO #2/INFO]: Grim » tysooon failed BadPacketsJ (x253) 
[15:05:06] [Netty Epoll IO #2/INFO]: Grim » tysooon failed Post (x82) player block placement v1.21.11
[15:05:06] [Netty Epoll IO #2/INFO]: Grim » tysooon failed Post (x83) player block placement v1.21.11
[15:05:06] [Netty Epoll IO #2/INFO]: Grim » tysooon failed Post (x84) player block placement v1.21.11
[15:05:06] [Netty Epoll IO #2/INFO]: Grim » tysooon failed Post (x85) player block placement v1.21.11
[15:05:06] [Netty Epoll IO #2/INFO]: Grim » tysooon failed PacketOrderO* (x429) type=PLAYER_INPUT
[15:05:07] [Netty Epoll IO #2/INFO]: Grim » tysooon failed RotationPlace (x253) pre-flying
[15:05:07] [Netty Epoll IO #2/INFO]: Grim » tysooon failed BadPacketsJ (x254) 
[15:05:09] [Netty Epoll IO #2/INFO]: Grim » tysooon failed Timer (x78) 
[15:05:09] [Netty Epoll IO #2/INFO]: Grim » tysooon failed TickTimer (x179) type=flying, packets=1
[15:05:09] [Netty Epoll IO #2/INFO]: Grim » tysooon failed PacketOrderO* (x430) type=PLAYER_INPUT
[15:05:09] [Netty Epoll IO #2/INFO]: Grim » tysooon failed TickTimer (x180) type=end, packets=2
[15:05:09] [Netty Epoll IO #2/INFO]: Grim » tysooon failed PacketOrderO* (x431) type=PLAYER_BLOCK_PLACEMENT
[15:05:09] [Netty Epoll IO #2/INFO]: Grim » tysooon failed PacketOrderO* (x432) type=USE_ITEM
[15:05:09] [Netty Epoll IO #2/INFO]: Grim » tysooon failed BadPacketsJ (x255) 
[15:05:09] [Netty Epoll IO #2/INFO]: Grim » tysooon failed AimModulo360 (x5) 
[15:05:09] [Netty Epoll IO #2/INFO]: Grim » tysooon failed Post (x86) player block placement v1.21.11
[15:05:09] [Netty Epoll IO #2/INFO]: Grim » tysooon failed BadPacketsV* (x154) delta=0.0
[15:05:09] [Netty Epoll IO #2/INFO]: Grim » tysooon failed PacketOrderO* (x433) type=PLAYER_INPUT
[15:05:09] [Netty Epoll IO #2/INFO]: Grim » tysooon failed PositionPlace (x7) 
[15:05:09] [Netty Epoll IO #2/INFO]: Grim » tysooon failed RotationPlace (x254) pre-flying
[15:05:09] [Netty Epoll IO #2/INFO]: Grim » tysooon failed BadPacketsJ (x256) 
[15:05:09] [Netty Epoll IO #2/INFO]: Grim » tysooon failed AimDuplicateLook (x175) 
[15:05:09] [Netty Epoll IO #2/INFO]: Grim » tysooon failed BadPacketsV* (x154) delta=0.0
[15:05:09] [Netty Epoll IO #2/INFO]: Grim » tysooon failed PacketOrderO* (x434) type=PLAYER_INPUT
[15:05:09] [Netty Epoll IO #2/INFO]: Grim » tysooon failed PositionPlace (x8) 
[15:05:09] [Netty Epoll IO #2/INFO]: Grim » tysooon failed RotationPlace (x255) pre-flying
[15:05:09] [Netty Epoll IO #2/INFO]: Grim » tysooon failed BadPacketsJ (x257) 
[15:05:09] [Netty Epoll IO #2/INFO]: Grim » tysooon failed AimDuplicateLook (x176) 
[15:05:09] [Netty Epoll IO #2/INFO]: Grim » tysooon failed BadPacketsV* (x155) delta=0.0
[15:05:09] [Netty Epoll IO #2/INFO]: Grim » tysooon failed PacketOrderO* (x435) type=PLAYER_INPUT
[15:05:09] [Netty Epoll IO #2/INFO]: Grim » tysooon failed PositionPlace (x9) 
[15:05:09] [Netty Epoll IO #2/INFO]: Grim » tysooon failed RotationPlace (x256) pre-flying
[15:05:09] [Netty Epoll IO #2/INFO]: Grim » tysooon failed BadPacketsJ (x258) 
[15:05:09] [Netty Epoll IO #2/INFO]: Grim » tysooon failed AimDuplicateLook (x177) 
[15:05:09] [Netty Epoll IO #2/INFO]: Grim » tysooon failed BadPacketsV* (x156) delta=0.0
[15:05:09] [Netty Epoll IO #2/INFO]: Grim » tysooon failed PacketOrderO* (x436) type=PLAYER_INPUT
[15:05:09] [Netty Epoll IO #2/INFO]: Grim » tysooon failed AimDuplicateLook (x178) 
[15:05:09] [Netty Epoll IO #2/INFO]: Grim » tysooon failed AimDuplicateLook (x179) 
[15:05:09] [Netty Epoll IO #2/INFO]: Grim » tysooon failed Simulation (x94) .015981 /gl 221
[15:05:09] [Netty Epoll IO #2/INFO]: Grim » tysooon failed PositionPlace (x10) 
[15:05:09] [Netty Epoll IO #2/INFO]: Grim » tysooon failed RotationPlace (x257) pre-flying
[15:05:09] [Netty Epoll IO #2/INFO]: Grim » tysooon failed PacketOrderO* (x437) type=PLAYER_BLOCK_PLACEMENT
[15:05:09] [Netty Epoll IO #2/INFO]: Grim » tysooon failed PacketOrderO* (x438) type=USE_ITEM
[15:05:09] [Netty Epoll IO #2/INFO]: Grim » tysooon failed Post (x87) player block placement v1.21.11
[15:05:09] [Netty Epoll IO #2/INFO]: Grim » tysooon failed Simulation (x95) .021136 /gl 222
[15:05:09] [Netty Epoll IO #2/INFO]: Grim » tysooon failed BadPacketsJ (x259) 
[15:05:09] [Netty Epoll IO #2/INFO]: Grim » tysooon failed PacketOrderO* (x439) type=PLAYER_INPUT
[15:05:09] [Netty Epoll IO #2/INFO]: Grim » tysooon failed Simulation (x96) .026210 /gl 223
[15:05:09] [Netty Epoll IO #2/INFO]: Grim » tysooon failed Timer (x79) 
[15:05:09] [Netty Epoll IO #2/INFO]: Grim » tysooon failed TickTimer (x181) type=flying, packets=1
[15:05:09] [Netty Epoll IO #2/INFO]: Grim » tysooon failed BadPacketsZ* (x22) 
[15:05:09] [Netty Epoll IO #2/INFO]: Grim » tysooon failed PacketOrderO* (x440) type=PLAYER_INPUT
[15:05:09] [Netty Epoll IO #2/INFO]: Grim » tysooon failed TickTimer (x182) type=end, packets=2
[15:05:09] [Netty Epoll IO #2/INFO]: Grim » tysooon failed Simulation (x97) .023390 /gl 224
[15:05:09] [Netty Epoll IO #2/INFO]: Grim » tysooon failed PositionPlace (x11) 
[15:05:09] [Netty Epoll IO #2/INFO]: Grim » tysooon failed RotationPlace (x258) pre-flying
[15:05:09] [Netty Epoll IO #2/INFO]: Grim » tysooon failed PacketOrderO* (x441) type=PLAYER_BLOCK_PLACEMENT
[15:05:09] [Netty Epoll IO #2/INFO]: Grim » tysooon failed PacketOrderO* (x441) type=USE_ITEM
[15:05:10] [Netty Epoll IO #2/INFO]: Grim » tysooon failed Post (x88) player block placement v1.21.11
[15:05:10] [Netty Epoll IO #2/INFO]: Grim » tysooon failed Simulation (x98) .116883 /gl 225
[15:05:10] [Netty Epoll IO #2/INFO]: Grim » tysooon failed BadPacketsJ (x259) 
[15:05:10] [Netty Epoll IO #2/INFO]: Grim » tysooon failed TickTimer (x183) type=flying, packets=1
[15:05:10] [Netty Epoll IO #2/INFO]: Grim » tysooon failed BadPacketsV* (x157) delta=0.0
[15:05:10] [Netty Epoll IO #2/INFO]: Grim » tysooon failed BadPacketsZ* (x22) 
[15:05:10] [Netty Epoll IO #2/INFO]: Grim » tysooon failed PacketOrderO* (x442) type=PLAYER_INPUT
[15:05:10] [Netty Epoll IO #2/INFO]: Grim » tysooon failed TickTimer (x184) type=end, packets=2
[15:05:10] [Netty Epoll IO #2/INFO]: Grim » tysooon failed AimDuplicateLook (x180) 
[15:05:10] [Netty Epoll IO #2/INFO]: Grim » tysooon failed Simulation (x99) .033898 /gl 226
[15:05:10] [Netty Epoll IO #2/INFO]: Grim » tysooon failed Timer (x79) 
[15:05:10] [Netty Epoll IO #2/INFO]: Grim » tysooon failed PositionPlace (x12) 
[15:05:10] [Netty Epoll IO #2/INFO]: Grim » tysooon failed RotationPlace (x259) pre-flying
[15:05:10] [Netty Epoll IO #2/INFO]: Grim » tysooon failed Timer (x80) 
[15:05:10] [Netty Epoll IO #2/INFO]: Grim » tysooon failed BadPacketsJ (x260) 
[15:05:10] [Netty Epoll IO #2/INFO]: Grim » tysooon failed BadPacketsZ* (x23) 
[15:05:10] [Netty Epoll IO #2/INFO]: Grim » tysooon failed PacketOrderO* (x443) type=PLAYER_INPUT
[15:05:10] [Netty Epoll IO #2/INFO]: Grim » tysooon failed BadPacketsV* (x158) delta=0.0
[15:05:10] [Netty Epoll IO #2/INFO]: Grim » tysooon failed PacketOrderO* (x444) type=PLAYER_INPUT
[15:05:10] [Netty Epoll IO #2/INFO]: Grim » tysooon failed PositionPlace (x13) 
[15:05:10] [Netty Epoll IO #2/INFO]: Grim » tysooon failed RotationPlace (x260) pre-flying
[15:05:10] [Netty Epoll IO #2/INFO]: Grim » tysooon failed BadPacketsJ (x261) 
[15:05:10] [Netty Epoll IO #2/INFO]: Grim » tysooon failed AimDuplicateLook (x181) 
[15:05:10] [Netty Epoll IO #2/INFO]: Grim » tysooon failed BadPacketsV* (x159) delta=0.0
[15:05:10] [Netty Epoll IO #2/INFO]: Grim » tysooon failed PacketOrderO* (x445) type=PLAYER_INPUT
[15:05:10] [Netty Epoll IO #2/INFO]: Grim » tysooon failed PositionPlace (x14) 
[15:05:10] [Netty Epoll IO #2/INFO]: Grim » tysooon failed RotationPlace (x261) pre-flying
[15:05:10] [Netty Epoll IO #2/INFO]: Grim » tysooon failed BadPacketsJ (x262) 
[15:05:11] [Netty Epoll IO #2/INFO]: Grim » tysooon failed Simulation (x100) .028614 /gl 227
[15:05:11] [Netty Epoll IO #2/INFO]: Grim » tysooon failed Simulation (x101) .150803 /gl 228
[15:05:11] [Server thread/INFO]: danhz issued server command: /kho 12
[15:05:11] [Server thread/INFO]: danhz issued mycmd (kho) command /kho 12
[15:05:11] [Server thread/INFO]: danhz issued server command: /axvault 12
[15:05:12] [Netty Epoll IO #2/INFO]: Grim » tysooon failed Timer (x81) 
[15:05:12] [Netty Epoll IO #2/INFO]: Grim » tysooon failed TickTimer (x185) type=flying, packets=1
[15:05:12] [Netty Epoll IO #2/INFO]: Grim » tysooon failed PacketOrderO* (x446) type=PLAYER_INPUT
[15:05:12] [Netty Epoll IO #2/INFO]: Grim » tysooon failed TickTimer (x186) type=end, packets=2
[15:05:12] [Netty Epoll IO #2/INFO]: Grim » tysooon failed RotationPlace (x262) pre-flying
[15:05:12] [Netty Epoll IO #2/INFO]: Grim » tysooon failed PacketOrderO* (x447) type=PLAYER_BLOCK_PLACEMENT
[15:05:12] [Netty Epoll IO #2/INFO]: Grim » tysooon failed PacketOrderO* (x448) type=USE_ITEM
[15:05:12] [Netty Epoll IO #2/INFO]: Grim » tysooon failed Post (x89) player block placement v1.21.11
[15:05:12] [Netty Epoll IO #2/INFO]: Grim » tysooon failed BadPacketsJ (x263) 
[15:05:12] [Netty Epoll IO #2/INFO]: Grim » tysooon failed Timer (x82) 
[15:05:12] [Netty Epoll IO #2/INFO]: Grim » tysooon failed TickTimer (x187) type=flying, packets=1
[15:05:12] [Netty Epoll IO #2/INFO]: Grim » tysooon failed PacketOrderO* (x449) type=PLAYER_INPUT
[15:05:12] [Netty Epoll IO #2/INFO]: Grim » tysooon failed TickTimer (x188) type=end, packets=2
[15:05:12] [Netty Epoll IO #2/INFO]: Grim » tysooon failed RotationPlace (x263) pre-flying
[15:05:12] [Netty Epoll IO #2/INFO]: Grim » tysooon failed PacketOrderO* (x450) type=PLAYER_BLOCK_PLACEMENT
[15:05:12] [Netty Epoll IO #2/INFO]: Grim » tysooon failed PacketOrderO* (x451) type=USE_ITEM
[15:05:12] [Netty Epoll IO #2/INFO]: Grim » tysooon failed Post (x90) player block placement v1.21.11
[15:05:12] [Netty Epoll IO #2/INFO]: Grim » tysooon failed BadPacketsJ (x264) 
[15:05:12] [Netty Epoll IO #2/INFO]: Grim » tysooon failed Timer (x83) 
[15:05:12] [Netty Epoll IO #2/INFO]: Grim » tysooon failed TickTimer (x189) type=flying, packets=1
[15:05:12] [Netty Epoll IO #2/INFO]: Grim » tysooon failed PacketOrderO* (x452) type=PLAYER_INPUT
[15:05:12] [Netty Epoll IO #2/INFO]: Grim » tysooon failed TickTimer (x190) type=end, packets=2
[15:05:12] [Netty Epoll IO #2/INFO]: Grim » tysooon failed RotationPlace (x264) pre-flying
[15:05:12] [Netty Epoll IO #2/INFO]: Grim » tysooon failed BadPacketsJ (x265) 
[15:05:12] [Netty Epoll IO #2/INFO]: Grim » tysooon failed Simulation (x102) .103227 /gl 229
[15:05:12] [Netty Epoll IO #2/INFO]: Grim » tysooon failed Timer (x83) 
[15:05:12] [Netty Epoll IO #2/INFO]: Grim » tysooon failed TickTimer (x191) type=flying, packets=1
[15:05:12] [Netty Epoll IO #2/INFO]: Grim » tysooon failed BadPacketsZ* (x24) 
[15:05:12] [Netty Epoll IO #2/INFO]: Grim » tysooon failed PacketOrderO* (x453) type=PLAYER_INPUT
[15:05:12] [Netty Epoll IO #2/INFO]: Grim » tysooon failed TickTimer (x192) type=end, packets=2
[15:05:12] [Netty Epoll IO #2/INFO]: Grim » tysooon failed PositionPlace (x15) 
[15:05:12] [Netty Epoll IO #2/INFO]: Grim » tysooon failed RotationPlace (x265) pre-flying
[15:05:12] [Netty Epoll IO #2/INFO]: Grim » tysooon failed PacketOrderO* (x454) type=PLAYER_BLOCK_PLACEMENT
[15:05:12] [Netty Epoll IO #2/INFO]: Grim » tysooon failed PacketOrderO* (x455) type=USE_ITEM
[15:05:12] [Netty Epoll IO #2/INFO]: Grim » tysooon failed Post (x91) player block placement v1.21.11
[15:05:12] [Netty Epoll IO #2/INFO]: Grim » tysooon failed Simulation (x103) .068825 /gl 230
[15:05:12] [Netty Epoll IO #2/INFO]: Grim » tysooon failed BadPacketsJ (x266) 
[15:05:12] [Netty Epoll IO #2/INFO]: Grim » tysooon failed PacketOrderO* (x456) type=PLAYER_INPUT
[15:05:12] [Netty Epoll IO #2/INFO]: Grim » tysooon failed Simulation (x104) .068923 /gl 231
[15:05:12] [Netty Epoll IO #2/INFO]: Grim » tysooon failed Timer (x84) 
[15:05:12] [Netty Epoll IO #2/INFO]: Grim » tysooon failed TickTimer (x193) type=flying, packets=1
[15:05:12] [Netty Epoll IO #2/INFO]: Grim » tysooon failed PacketOrderO* (x457) type=PLAYER_INPUT
[15:05:12] [Netty Epoll IO #2/INFO]: Grim » tysooon failed TickTimer (x194) type=end, packets=2
[15:05:12] [Netty Epoll IO #2/INFO]: Grim » tysooon failed Simulation (x105) .010369 /gl 232
[15:05:12] [Netty Epoll IO #2/INFO]: Grim » tysooon failed PositionPlace (x16) 
[15:05:12] [Netty Epoll IO #2/INFO]: Grim » tysooon failed RotationPlace (x266) pre-flying
[15:05:12] [Netty Epoll IO #2/INFO]: Grim » tysooon failed PacketOrderO* (x458) type=PLAYER_BLOCK_PLACEMENT
[15:05:12] [Netty Epoll IO #2/INFO]: Grim » tysooon failed PacketOrderO* (x459) type=USE_ITEM
[15:05:12] [Netty Epoll IO #2/INFO]: Grim » tysooon failed AimDuplicateLook (x182) 
[15:05:12] [Netty Epoll IO #2/INFO]: Grim » tysooon failed BadPacketsJ (x267) 
[15:05:12] [Netty Epoll IO #2/INFO]: Grim » tysooon failed PacketOrderO* (x460) type=PLAYER_INPUT
[15:05:12] [Netty Epoll IO #2/INFO]: Grim » tysooon failed AimDuplicateLook (x183) 
[15:05:12] [Netty Epoll IO #2/INFO]: Grim » tysooon failed Timer (x85) 
[15:05:12] [Netty Epoll IO #2/INFO]: Grim » tysooon failed TickTimer (x195) type=flying, packets=1
[15:05:12] [Netty Epoll IO #2/INFO]: Grim » tysooon failed PacketOrderO* (x461) type=PLAYER_INPUT
[15:05:12] [Netty Epoll IO #2/INFO]: Grim » tysooon failed TickTimer (x196) type=end, packets=2
[15:05:12] [Netty Epoll IO #2/INFO]: Grim » tysooon failed RotationPlace (x267) pre-flying
[15:05:12] [Netty Epoll IO #2/INFO]: Grim » tysooon failed PacketOrderO* (x462) type=PLAYER_BLOCK_PLACEMENT
[15:05:12] [Netty Epoll IO #2/INFO]: Grim » tysooon failed PacketOrderO* (x463) type=USE_ITEM
[15:05:12] [Netty Epoll IO #2/INFO]: Grim » tysooon failed AimDuplicateLook (x184) 
[15:05:12] [Netty Epoll IO #2/INFO]: Grim » tysooon failed BadPacketsJ (x268) 
[15:05:12] [Netty Epoll IO #2/INFO]: Grim » tysooon failed Timer (x85) 
[15:05:12] [Netty Epoll IO #2/INFO]: Grim » tysooon failed TickTimer (x197) type=flying, packets=1
[15:05:12] [Netty Epoll IO #2/INFO]: Grim » tysooon failed PacketOrderO* (x464) type=PLAYER_INPUT
[15:05:12] [Netty Epoll IO #2/INFO]: Grim » tysooon failed TickTimer (x198) type=end, packets=2
[15:05:12] [Server thread/INFO]: danhz issued server command: /kho 1
[15:05:13] [Server thread/INFO]: danhz issued mycmd (kho) command /kho 1
[15:05:13] [Server thread/INFO]: danhz issued server command: /axvault 1
[15:05:13] [Netty Epoll IO #2/INFO]: Grim » tysooon failed AimDuplicateLook (x185) 
[15:05:13] [Netty Epoll IO #2/INFO]: Grim » tysooon failed RotationPlace (x268) pre-flying
[15:05:13] [Netty Epoll IO #2/INFO]: Grim » tysooon failed PacketOrderO* (x465) type=PLAYER_BLOCK_PLACEMENT
[15:05:13] [Netty Epoll IO #2/INFO]: Grim » tysooon failed PacketOrderO* (x466) type=USE_ITEM
[15:05:13] [Netty Epoll IO #2/INFO]: Grim » tysooon failed AimDuplicateLook (x186) 
[15:05:13] [Netty Epoll IO #2/INFO]: Grim » tysooon failed BadPacketsJ (x269) 
[15:05:13] [Netty Epoll IO #2/INFO]: Grim » tysooon failed Timer (x86) 
[15:05:13] [Netty Epoll IO #2/INFO]: Grim » tysooon failed TickTimer (x199) type=flying, packets=1
[15:05:13] [Netty Epoll IO #2/INFO]: Grim » tysooon failed PacketOrderO* (x467) type=PLAYER_INPUT
[15:05:13] [Netty Epoll IO #2/INFO]: Grim » tysooon failed TickTimer (x200) type=end, packets=2
[15:05:13] [Netty Epoll IO #2/INFO]: Grim » tysooon failed RotationPlace (x269) pre-flying
[15:05:13] [Netty Epoll IO #2/INFO]: Grim » tysooon failed PacketOrderO* (x468) type=PLAYER_BLOCK_PLACEMENT
[15:05:13] [Netty Epoll IO #2/INFO]: Grim » tysooon failed PacketOrderO* (x469) type=USE_ITEM
[15:05:13] [Netty Epoll IO #2/INFO]: Grim » tysooon failed AimDuplicateLook (x187) 
[15:05:13] [Netty Epoll IO #2/INFO]: Grim » tysooon failed BadPacketsJ (x270) 
[15:05:13] [Netty Epoll IO #2/INFO]: Grim » tysooon failed Timer (x86) 
[15:05:13] [Netty Epoll IO #2/INFO]: Grim » tysooon failed TickTimer (x201) type=flying, packets=1
[15:05:13] [Netty Epoll IO #2/INFO]: Grim » tysooon failed PacketOrderO* (x470) type=PLAYER_INPUT
[15:05:13] [Netty Epoll IO #2/INFO]: Grim » tysooon failed TickTimer (x202) type=end, packets=2
[15:05:13] [Netty Epoll IO #2/INFO]: Grim » tysooon failed RotationPlace (x270) pre-flying
[15:05:13] [Netty Epoll IO #2/INFO]: Grim » tysooon failed PacketOrderO* (x471) type=PLAYER_BLOCK_PLACEMENT
[15:05:13] [Netty Epoll IO #2/INFO]: Grim » tysooon failed PacketOrderO* (x472) type=USE_ITEM
[15:05:13] [Netty Epoll IO #2/INFO]: Grim » tysooon failed AimDuplicateLook (x188) 
[15:05:13] [Netty Epoll IO #2/INFO]: Grim » tysooon failed BadPacketsJ (x271) 
[15:05:13] [Netty Epoll IO #2/INFO]: Grim » tysooon failed AimDuplicateLook (x189) 
[15:05:13] [Netty Epoll IO #2/INFO]: Grim » tysooon failed Timer (x87) 
[15:05:13] [Netty Epoll IO #2/INFO]: Grim » tysooon failed TickTimer (x203) type=flying, packets=1
[15:05:13] [Netty Epoll IO #2/INFO]: Grim » tysooon failed PacketOrderO* (x473) type=PLAYER_INPUT
[15:05:13] [Netty Epoll IO #2/INFO]: Grim » tysooon failed TickTimer (x204) type=end, packets=2
[15:05:13] [Netty Epoll IO #2/INFO]: Grim » tysooon failed RotationPlace (x271) pre-flying
[15:05:13] [Netty Epoll IO #2/INFO]: Grim » tysooon failed PacketOrderO* (x474) type=PLAYER_BLOCK_PLACEMENT
[15:05:13] [Netty Epoll IO #2/INFO]: Grim » tysooon failed PacketOrderO* (x475) type=USE_ITEM
[15:05:13] [Netty Epoll IO #2/INFO]: Grim » tysooon failed AimDuplicateLook (x190) 
[15:05:13] [Netty Epoll IO #2/INFO]: Grim » tysooon failed BadPacketsJ (x272) 
[15:05:13] [Netty Epoll IO #2/INFO]: Grim » tysooon failed Timer (x88) 
[15:05:13] [Netty Epoll IO #2/INFO]: Grim » tysooon failed TickTimer (x205) type=flying, packets=1
[15:05:13] [Netty Epoll IO #2/INFO]: Grim » tysooon failed PacketOrderO* (x476) type=PLAYER_INPUT
[15:05:13] [Netty Epoll IO #2/INFO]: Grim » tysooon failed TickTimer (x206) type=end, packets=2
[15:05:13] [Netty Epoll IO #2/INFO]: Grim » tysooon failed RotationPlace (x272) pre-flying
[15:05:13] [Netty Epoll IO #2/INFO]: Grim » tysooon failed PacketOrderO* (x477) type=PLAYER_BLOCK_PLACEMENT
[15:05:13] [Netty Epoll IO #2/INFO]: Grim » tysooon failed PacketOrderO* (x478) type=USE_ITEM
[15:05:13] [Netty Epoll IO #2/INFO]: Grim » tysooon failed AimDuplicateLook (x191) 
[15:05:13] [Netty Epoll IO #2/INFO]: Grim » tysooon failed BadPacketsJ (x273) 
[15:05:13] [Netty Epoll IO #2/INFO]: Grim » tysooon failed Timer (x89) 
[15:05:13] [Netty Epoll IO #2/INFO]: Grim » tysooon failed TickTimer (x207) type=flying, packets=1
[15:05:13] [Netty Epoll IO #2/INFO]: Grim » tysooon failed PacketOrderO* (x479) type=PLAYER_INPUT
[15:05:13] [Netty Epoll IO #2/INFO]: Grim » tysooon failed TickTimer (x208) type=end, packets=2
[15:05:13] [Netty Epoll IO #2/INFO]: Grim » tysooon failed RotationPlace (x273) pre-flying
[15:05:13] [Netty Epoll IO #2/INFO]: Grim » tysooon failed BadPacketsJ (x274) 
[15:05:13] [Netty Epoll IO #2/INFO]: Grim » tysooon failed AimDuplicateLook (x192) 
[15:05:13] [Netty Epoll IO #2/INFO]: Grim » tysooon failed Timer (x90) 
[15:05:13] [Netty Epoll IO #2/INFO]: Grim » tysooon failed TickTimer (x209) type=flying, packets=1
[15:05:13] [Netty Epoll IO #2/INFO]: Grim » tysooon failed PacketOrderO* (x480) type=PLAYER_INPUT
[15:05:13] [Netty Epoll IO #2/INFO]: Grim » tysooon failed TickTimer (x210) type=end, packets=2
[15:05:13] [Netty Epoll IO #2/INFO]: Grim » tysooon failed Post (x92) player block placement v1.21.11
[15:05:13] [Netty Epoll IO #2/INFO]: Grim » tysooon failed Post (x93) player block placement v1.21.11
[15:05:13] [Netty Epoll IO #2/INFO]: Grim » tysooon failed Post (x94) player block placement v1.21.11
[15:05:13] [Netty Epoll IO #2/INFO]: Grim » tysooon failed Post (x95) player block placement v1.21.11
[15:05:13] [Netty Epoll IO #2/INFO]: Grim » tysooon failed Post (x96) player block placement v1.21.11
[15:05:13] [Netty Epoll IO #2/INFO]: Grim » tysooon failed Post (x97) player block placement v1.21.11
[15:05:13] [Netty Epoll IO #2/INFO]: Grim » tysooon failed Post (x98) player block placement v1.21.11
[15:05:13] [Netty Epoll IO #2/INFO]: Grim » tysooon failed RotationPlace (x274) pre-flying
[15:05:13] [Netty Epoll IO #2/INFO]: Grim » tysooon failed PacketOrderO* (x481) type=PLAYER_BLOCK_PLACEMENT
[15:05:13] [Netty Epoll IO #2/INFO]: Grim » tysooon failed PacketOrderO* (x482) type=USE_ITEM
[15:05:13] [Netty Epoll IO #2/INFO]: Grim » tysooon failed AimDuplicateLook (x193) 
[15:05:13] [Netty Epoll IO #2/INFO]: Grim » tysooon failed BadPacketsJ (x275) 
[15:05:13] [Netty Epoll IO #2/INFO]: Grim » tysooon failed Timer (x91) 
[15:05:13] [Netty Epoll IO #2/INFO]: Grim » tysooon failed TickTimer (x211) type=flying, packets=1
[15:05:13] [Netty Epoll IO #2/INFO]: Grim » tysooon failed PacketOrderO* (x483) type=PLAYER_INPUT
[15:05:13] [Netty Epoll IO #2/INFO]: Grim » tysooon failed TickTimer (x212) type=end, packets=2
[15:05:13] [Netty Epoll IO #2/INFO]: Grim » tysooon failed RotationPlace (x275) pre-flying
[15:05:13] [Netty Epoll IO #2/INFO]: Grim » tysooon failed PacketOrderO* (x484) type=PLAYER_BLOCK_PLACEMENT
[15:05:13] [Netty Epoll IO #2/INFO]: Grim » tysooon failed PacketOrderO* (x485) type=USE_ITEM
[15:05:13] [Netty Epoll IO #2/INFO]: Grim » tysooon failed AimDuplicateLook (x194) 
[15:05:13] [Netty Epoll IO #2/INFO]: Grim » tysooon failed BadPacketsJ (x276) 
[15:05:13] [Netty Epoll IO #2/INFO]: Grim » tysooon failed AimDuplicateLook (x195) 
[15:05:13] [Netty Epoll IO #2/INFO]: Grim » tysooon failed Timer (x92) 
[15:05:13] [Netty Epoll IO #2/INFO]: Grim » tysooon failed TickTimer (x213) type=flying, packets=1
[15:05:13] [Netty Epoll IO #2/INFO]: Grim » tysooon failed PacketOrderO* (x486) type=PLAYER_INPUT
[15:05:13] [Netty Epoll IO #2/INFO]: Grim » tysooon failed TickTimer (x214) type=end, packets=2
[15:05:14] [Netty Epoll IO #2/INFO]: Grim » tysooon failed RotationPlace (x276) pre-flying
[15:05:14] [Netty Epoll IO #2/INFO]: Grim » tysooon failed BadPacketsJ (x277) 
[15:05:14] [Netty Epoll IO #2/INFO]: Grim » tysooon failed Post (x99) player block placement v1.21.11
[15:05:14] [Netty Epoll IO #2/INFO]: Grim » tysooon failed Post (x100) player block placement v1.21.11
[15:05:14] [Netty Epoll IO #2/INFO]: Grim » tysooon failed PacketOrderO* (x487) type=PLAYER_INPUT
[15:05:14] [Netty Epoll IO #2/INFO]: Grim » tysooon failed RotationPlace (x277) pre-flying
[15:05:14] [Netty Epoll IO #2/INFO]: Grim » tysooon failed BadPacketsJ (x278) 
[15:05:14] [Netty Epoll IO #2/INFO]: Grim » tysooon failed Simulation (x106) .046141 /gl 233
[15:05:15] [Netty Epoll IO #2/INFO]: Grim » tysooon failed Timer (x93) 
[15:05:15] [Netty Epoll IO #2/INFO]: Grim » tysooon failed TickTimer (x215) type=flying, packets=1
[15:05:15] [Netty Epoll IO #2/INFO]: Grim » tysooon failed PacketOrderO* (x488) type=PLAYER_INPUT
[15:05:15] [Netty Epoll IO #2/INFO]: Grim » tysooon failed TickTimer (x216) type=end, packets=2
[15:05:15] [Netty Epoll IO #2/INFO]: Grim » tysooon failed RotationPlace (x278) pre-flying
[15:05:15] [Netty Epoll IO #2/INFO]: Grim » tysooon failed PacketOrderO* (x489) type=PLAYER_BLOCK_PLACEMENT
[15:05:15] [Netty Epoll IO #2/INFO]: Grim » tysooon failed PacketOrderO* (x490) type=USE_ITEM
[15:05:15] [Netty Epoll IO #2/INFO]: Grim » tysooon failed AimDuplicateLook (x196) 
[15:05:15] [Netty Epoll IO #2/INFO]: Grim » tysooon failed BadPacketsJ (x279) 
[15:05:15] [Netty Epoll IO #2/INFO]: Grim » tysooon failed Timer (x94) 
[15:05:15] [Netty Epoll IO #2/INFO]: Grim » tysooon failed TickTimer (x217) type=flying, packets=1
[15:05:15] [Netty Epoll IO #2/INFO]: Grim » tysooon failed PacketOrderO* (x491) type=PLAYER_INPUT
[15:05:15] [Netty Epoll IO #2/INFO]: Grim » tysooon failed TickTimer (x218) type=end, packets=2
[15:05:15] [Netty Epoll IO #2/INFO]: Grim » tysooon failed RotationPlace (x279) pre-flying
[15:05:15] [Netty Epoll IO #2/INFO]: Grim » tysooon failed PacketOrderO* (x492) type=PLAYER_BLOCK_PLACEMENT
[15:05:15] [Netty Epoll IO #2/INFO]: Grim » tysooon failed PacketOrderO* (x493) type=USE_ITEM
[15:05:15] [Netty Epoll IO #2/INFO]: Grim » tysooon failed AimDuplicateLook (x197) 
[15:05:15] [Netty Epoll IO #2/INFO]: Grim » tysooon failed Post (x101) player block placement v1.21.11
[15:05:15] [Netty Epoll IO #2/INFO]: Grim » tysooon failed Post (x102) player block placement v1.21.11
[15:05:15] [Netty Epoll IO #2/INFO]: Grim » tysooon failed BadPacketsJ (x280) 
[15:05:15] [Netty Epoll IO #2/INFO]: Grim » tysooon failed Timer (x95) 
[15:05:15] [Netty Epoll IO #2/INFO]: Grim » tysooon failed TickTimer (x219) type=flying, packets=1
[15:05:15] [Netty Epoll IO #2/INFO]: Grim » tysooon failed BadPacketsZ* (x25) 
[15:05:15] [Netty Epoll IO #2/INFO]: Grim » tysooon failed PacketOrderO* (x494) type=PLAYER_INPUT
[15:05:15] [Netty Epoll IO #2/INFO]: Grim » tysooon failed TickTimer (x220) type=end, packets=2
[15:05:15] [Netty Epoll IO #2/INFO]: Grim » tysooon failed Simulation (x107) .051791 /gl 234
[15:05:15] [Netty Epoll IO #2/INFO]: Grim » tysooon failed RotationPlace (x280) pre-flying
[15:05:15] [Netty Epoll IO #2/INFO]: Grim » tysooon failed PacketOrderO* (x495) type=PLAYER_BLOCK_PLACEMENT
[15:05:15] [Netty Epoll IO #2/INFO]: Grim » tysooon failed PacketOrderO* (x496) type=USE_ITEM
[15:05:15] [Netty Epoll IO #2/INFO]: Grim » tysooon failed AimDuplicateLook (x198) 
[15:05:15] [Netty Epoll IO #2/INFO]: Grim » tysooon failed Post (x103) player block placement v1.21.11
[15:05:15] [Netty Epoll IO #2/INFO]: Grim » tysooon failed BadPacketsJ (x281) 
[15:05:15] [Netty Epoll IO #2/INFO]: Grim » tysooon failed Timer (x96) 
[15:05:15] [Netty Epoll IO #2/INFO]: Grim » tysooon failed TickTimer (x221) type=flying, packets=1
[15:05:15] [Netty Epoll IO #2/INFO]: Grim » tysooon failed BadPacketsZ* (x26) 
[15:05:15] [Netty Epoll IO #2/INFO]: Grim » tysooon failed PacketOrderO* (x497) type=PLAYER_INPUT
[15:05:15] [Netty Epoll IO #2/INFO]: Grim » tysooon failed TickTimer (x222) type=end, packets=2
[15:05:15] [Netty Epoll IO #2/INFO]: Grim » tysooon failed RotationPlace (x281) pre-flying
[15:05:15] [Netty Epoll IO #2/INFO]: Grim » tysooon failed PacketOrderO* (x498) type=PLAYER_BLOCK_PLACEMENT
[15:05:15] [Netty Epoll IO #2/INFO]: Grim » tysooon failed PacketOrderO* (x499) type=USE_ITEM
[15:05:15] [Netty Epoll IO #2/INFO]: Grim » tysooon failed AimDuplicateLook (x199) 
[15:05:15] [Netty Epoll IO #2/INFO]: Grim » tysooon failed BadPacketsJ (x282) 
[15:05:15] [Netty Epoll IO #2/INFO]: Grim » tysooon failed Timer (x97) 
[15:05:15] [Netty Epoll IO #2/INFO]: Grim » tysooon failed TickTimer (x223) type=flying, packets=1
[15:05:15] [Netty Epoll IO #2/INFO]: Grim » tysooon failed PacketOrderO* (x500) type=PLAYER_INPUT
[15:05:15] [Netty Epoll IO #2/INFO]: Grim » tysooon failed TickTimer (x224) type=end, packets=2
[15:05:15] [Netty Epoll IO #2/INFO]: Grim » tysooon failed RotationPlace (x282) pre-flying
[15:05:15] [Netty Epoll IO #2/INFO]: Grim » tysooon failed PacketOrderO* (x501) type=PLAYER_BLOCK_PLACEMENT
[15:05:15] [Netty Epoll IO #2/INFO]: Grim » tysooon failed PacketOrderO* (x502) type=USE_ITEM
[15:05:15] [Netty Epoll IO #2/INFO]: Grim » tysooon failed AimDuplicateLook (x200) 
[15:05:15] [Netty Epoll IO #2/INFO]: Grim » tysooon failed BadPacketsJ (x283) 
[15:05:15] [Netty Epoll IO #2/INFO]: Grim » tysooon failed AimDuplicateLook (x201) 
[15:05:15] [Netty Epoll IO #2/INFO]: Grim » tysooon failed Timer (x98) 
[15:05:15] [Netty Epoll IO #2/INFO]: Grim » tysooon failed TickTimer (x225) type=flying, packets=1
[15:05:15] [Netty Epoll IO #2/INFO]: Grim » tysooon failed PacketOrderO* (x503) type=PLAYER_INPUT
[15:05:15] [Netty Epoll IO #2/INFO]: Grim » tysooon failed TickTimer (x226) type=end, packets=2
[15:05:15] [Netty Epoll IO #2/INFO]: Grim » tysooon failed RotationPlace (x283) pre-flying
[15:05:15] [Netty Epoll IO #2/INFO]: Grim » tysooon failed PacketOrderO* (x504) type=PLAYER_BLOCK_PLACEMENT
[15:05:15] [Netty Epoll IO #2/INFO]: Grim » tysooon failed PacketOrderO* (x505) type=USE_ITEM
[15:05:15] [Netty Epoll IO #2/INFO]: Grim » tysooon failed AimDuplicateLook (x202) 
[15:05:15] [Netty Epoll IO #2/INFO]: Grim » tysooon failed Post (x104) player block placement v1.21.11
[15:05:15] [Netty Epoll IO #2/INFO]: Grim » tysooon failed Post (x105) player block placement v1.21.11
[15:05:15] [Netty Epoll IO #2/INFO]: Grim » tysooon failed Post (x106) player block placement v1.21.11
[15:05:15] [Netty Epoll IO #2/INFO]: Grim » tysooon failed BadPacketsJ (x284) 
[15:05:15] [Netty Epoll IO #2/INFO]: Grim » tysooon failed Timer (x99) 
[15:05:15] [Netty Epoll IO #2/INFO]: Grim » tysooon failed TickTimer (x227) type=flying, packets=1
[15:05:15] [Netty Epoll IO #2/INFO]: Grim » tysooon failed BadPacketsZ* (x27) 
[15:05:15] [Netty Epoll IO #2/INFO]: Grim » tysooon failed PacketOrderO* (x506) type=PLAYER_INPUT
[15:05:15] [Netty Epoll IO #2/INFO]: Grim » tysooon failed TickTimer (x228) type=end, packets=2
[15:05:15] [Netty Epoll IO #2/INFO]: Grim » tysooon failed Simulation (x108) .090522 /gl 235
[15:05:15] [Netty Epoll IO #2/INFO]: Grim » tysooon failed RotationPlace (x284) pre-flying
[15:05:15] [Netty Epoll IO #2/INFO]: Grim » tysooon failed PacketOrderO* (x507) type=PLAYER_BLOCK_PLACEMENT
[15:05:15] [Netty Epoll IO #2/INFO]: Grim » tysooon failed PacketOrderO* (x508) type=USE_ITEM
[15:05:15] [Netty Epoll IO #2/INFO]: Grim » tysooon failed Post (x107) player block placement v1.21.11
[15:05:15] [Netty Epoll IO #2/INFO]: Grim » tysooon failed Simulation (x109) .092100 /gl 236
[15:05:15] [Netty Epoll IO #2/INFO]: Grim » tysooon failed BadPacketsJ (x285) 
[15:05:15] [Netty Epoll IO #2/INFO]: Grim » tysooon failed Timer (x100) 
[15:05:15] [Netty Epoll IO #2/INFO]: Grim » tysooon failed TickTimer (x229) type=flying, packets=1
[15:05:15] [Netty Epoll IO #2/INFO]: Grim » tysooon failed PacketOrderO* (x509) type=PLAYER_INPUT
[15:05:15] [Netty Epoll IO #2/INFO]: Grim » tysooon failed TickTimer (x230) type=end, packets=2
[15:05:16] [Netty Epoll IO #2/INFO]: Grim » tysooon failed AimDuplicateLook (x203) 
[15:05:16] [Netty Epoll IO #2/INFO]: Grim » tysooon failed RotationPlace (x285) pre-flying
[15:05:16] [Netty Epoll IO #2/INFO]: Grim » tysooon failed PacketOrderO* (x510) type=PLAYER_BLOCK_PLACEMENT
[15:05:16] [Netty Epoll IO #2/INFO]: Grim » tysooon failed PacketOrderO* (x511) type=USE_ITEM
[15:05:16] [Netty Epoll IO #2/INFO]: Grim » tysooon failed AimDuplicateLook (x204) 
[15:05:16] [Netty Epoll IO #2/INFO]: Grim » tysooon failed BadPacketsJ (x286) 
[15:05:16] [Netty Epoll IO #2/INFO]: Grim » tysooon failed Post (x108) player block placement v1.21.11
[15:05:17] [Netty Epoll IO #2/INFO]: Grim » tysooon failed AimModulo360 (x6) 
[15:05:17] [Netty Epoll IO #2/INFO]: Grim » tysooon failed Timer (x101) 
[15:05:17] [Netty Epoll IO #2/INFO]: Grim » tysooon failed TickTimer (x231) type=flying, packets=1
[15:05:17] [Netty Epoll IO #2/INFO]: Grim » tysooon failed PacketOrderO* (x512) type=PLAYER_INPUT
[15:05:17] [Netty Epoll IO #2/INFO]: Grim » tysooon failed TickTimer (x232) type=end, packets=2
[15:05:17] [Netty Epoll IO #2/INFO]: Grim » tysooon failed RotationPlace (x286) pre-flying
[15:05:17] [Netty Epoll IO #2/INFO]: Grim » tysooon failed PacketOrderO* (x513) type=PLAYER_BLOCK_PLACEMENT
[15:05:17] [Netty Epoll IO #2/INFO]: Grim » tysooon failed PacketOrderO* (x513) type=USE_ITEM
[15:05:17] [Netty Epoll IO #2/INFO]: Grim » tysooon failed AimDuplicateLook (x205) 
[15:05:17] [Netty Epoll IO #2/INFO]: Grim » tysooon failed Post (x109) player block placement v1.21.11
[15:05:17] [Netty Epoll IO #2/INFO]: Grim » tysooon failed BadPacketsJ (x287) 
[15:05:17] [Netty Epoll IO #2/INFO]: Grim » tysooon failed PacketOrderO* (x514) type=PLAYER_INPUT
[15:05:18] [Netty Epoll IO #2/INFO]: Grim » tysooon failed AimDuplicateLook (x206) 
[15:05:18] [Netty Epoll IO #2/INFO]: Grim » tysooon failed Timer (x102) 
[15:05:18] [Netty Epoll IO #2/INFO]: Grim » tysooon failed TickTimer (x233) type=flying, packets=1
[15:05:18] [Netty Epoll IO #2/INFO]: Grim » tysooon failed PacketOrderO* (x515) type=PLAYER_INPUT
[15:05:18] [Netty Epoll IO #2/INFO]: Grim » tysooon failed TickTimer (x234) type=end, packets=2
[15:05:18] [Netty Epoll IO #2/INFO]: Grim » tysooon failed RotationPlace (x287) pre-flying
[15:05:18] [Netty Epoll IO #2/INFO]: Grim » tysooon failed PacketOrderO* (x516) type=PLAYER_BLOCK_PLACEMENT
[15:05:18] [Netty Epoll IO #2/INFO]: Grim » tysooon failed PacketOrderO* (x517) type=USE_ITEM
[15:05:18] [Netty Epoll IO #2/INFO]: Grim » tysooon failed AimDuplicateLook (x207) 
[15:05:18] [Netty Epoll IO #2/INFO]: Grim » tysooon failed BadPacketsJ (x288) 
[15:05:18] [Netty Epoll IO #2/INFO]: Grim » tysooon failed AimDuplicateLook (x208) 
[15:05:18] [Netty Epoll IO #2/INFO]: Grim » tysooon failed PacketOrderO* (x518) type=PLAYER_INPUT
[15:05:18] [Netty Epoll IO #2/INFO]: Grim » tysooon failed AimDuplicateLook (x209) 
[15:05:18] [Netty Epoll IO #2/INFO]: Grim » tysooon failed Timer (x103) 
[15:05:18] [Netty Epoll IO #2/INFO]: Grim » tysooon failed TickTimer (x235) type=flying, packets=1
[15:05:18] [Netty Epoll IO #2/INFO]: Grim » tysooon failed PacketOrderO* (x519) type=PLAYER_INPUT
[15:05:18] [Netty Epoll IO #2/INFO]: Grim » tysooon failed TickTimer (x236) type=end, packets=2
[15:05:18] [Netty Epoll IO #2/INFO]: Grim » tysooon failed RotationPlace (x288) pre-flying
[15:05:18] [Netty Epoll IO #2/INFO]: Grim » tysooon failed PacketOrderO* (x520) type=PLAYER_BLOCK_PLACEMENT
[15:05:18] [Netty Epoll IO #2/INFO]: Grim » tysooon failed PacketOrderO* (x521) type=USE_ITEM
[15:05:18] [Netty Epoll IO #2/INFO]: Grim » tysooon failed AimDuplicateLook (x210) 
[15:05:18] [Netty Epoll IO #2/INFO]: Grim » tysooon failed BadPacketsJ (x289) 
[15:05:18] [Netty Epoll IO #2/INFO]: Grim » tysooon failed PacketOrderO* (x522) type=PLAYER_INPUT
[15:05:18] [Netty Epoll IO #2/INFO]: Grim » tysooon failed AimDuplicateLook (x211) 
[15:05:18] [Netty Epoll IO #2/INFO]: Grim » tysooon failed Post (x110) player block placement v1.21.11
[15:05:18] [Netty Epoll IO #2/INFO]: Grim » tysooon failed Post (x111) player block placement v1.21.11
[15:05:18] [Netty Epoll IO #2/INFO]: Grim » tysooon failed PacketOrderO* (x523) type=PLAYER_INPUT
[15:05:18] [Netty Epoll IO #2/INFO]: Grim » tysooon failed AimDuplicateLook (x212) 
[15:05:18] [Netty Epoll IO #2/INFO]: Grim » tysooon failed Simulation (x110) .035019 /gl 237
[15:05:18] [Netty Epoll IO #2/INFO]: Grim » tysooon failed Simulation (x111) .099448 /gl 238
[15:05:18] [Netty Epoll IO #2/INFO]: Grim » tysooon failed RotationPlace (x289) pre-flying
[15:05:18] [Netty Epoll IO #2/INFO]: Grim » tysooon failed PacketOrderO* (x524) type=PLAYER_BLOCK_PLACEMENT
[15:05:18] [Netty Epoll IO #2/INFO]: Grim » tysooon failed PacketOrderO* (x525) type=USE_ITEM
[15:05:18] [Netty Epoll IO #2/INFO]: Grim » tysooon failed Post (x112) player block placement v1.21.11
[15:05:18] [Netty Epoll IO #2/INFO]: Grim » tysooon failed BadPacketsJ (x290) 
[15:05:18] [Netty Epoll IO #2/INFO]: Grim » tysooon failed BadPacketsZ* (x28) 
[15:05:18] [Netty Epoll IO #2/INFO]: Grim » tysooon failed PacketOrderO* (x526) type=PLAYER_INPUT
[15:05:18] [Netty Epoll IO #2/INFO]: Grim » tysooon failed AimDuplicateLook (x213) 
[15:05:18] [Netty Epoll IO #2/INFO]: Grim » tysooon failed Timer (x104) 
[15:05:18] [Netty Epoll IO #2/INFO]: Grim » tysooon failed TickTimer (x237) type=flying, packets=1
[15:05:18] [Netty Epoll IO #2/INFO]: Grim » tysooon failed PacketOrderO* (x527) type=PLAYER_INPUT
[15:05:18] [Netty Epoll IO #2/INFO]: Grim » tysooon failed TickTimer (x238) type=end, packets=2
[15:05:18] [Netty Epoll IO #2/INFO]: Grim » tysooon failed RotationPlace (x290) pre-flying
[15:05:18] [Netty Epoll IO #2/INFO]: Grim » tysooon failed PacketOrderO* (x528) type=PLAYER_BLOCK_PLACEMENT
[15:05:18] [Netty Epoll IO #2/INFO]: Grim » tysooon failed PacketOrderO* (x529) type=USE_ITEM
[15:05:18] [Netty Epoll IO #2/INFO]: Grim » tysooon failed BadPacketsJ (x291) 
[15:05:18] [Netty Epoll IO #2/INFO]: Grim » tysooon failed AimDuplicateLook (x214) 
[15:05:18] [Netty Epoll IO #2/INFO]: Grim » tysooon failed Timer (x105) 
[15:05:18] [Netty Epoll IO #2/INFO]: Grim » tysooon failed TickTimer (x239) type=flying, packets=1
[15:05:18] [Netty Epoll IO #2/INFO]: Grim » tysooon failed PacketOrderO* (x530) type=PLAYER_INPUT
[15:05:18] [Netty Epoll IO #2/INFO]: Grim » tysooon failed TickTimer (x240) type=end, packets=2
[15:05:18] [Netty Epoll IO #2/INFO]: Grim » tysooon failed RotationPlace (x291) pre-flying
[15:05:18] [Netty Epoll IO #2/INFO]: Grim » tysooon failed PacketOrderO* (x531) type=PLAYER_BLOCK_PLACEMENT
[15:05:18] [Netty Epoll IO #2/INFO]: Grim » tysooon failed PacketOrderO* (x532) type=USE_ITEM
[15:05:18] [Netty Epoll IO #2/INFO]: Grim » tysooon failed AimDuplicateLook (x215) 
[15:05:18] [Netty Epoll IO #2/INFO]: Grim » tysooon failed BadPacketsJ (x292) 
[15:05:18] [Netty Epoll IO #2/INFO]: Grim » tysooon failed PacketOrderO* (x533) type=PLAYER_INPUT
[15:05:19] [Netty Epoll IO #2/INFO]: Grim » tysooon failed Post (x113) player block placement v1.21.11
[15:05:19] [Netty Epoll IO #2/INFO]: Grim » tysooon failed Post (x114) player block placement v1.21.11
[15:05:19] [Netty Epoll IO #2/INFO]: Grim » tysooon failed Simulation (x112) .150933 /gl 239
[15:05:19] [Netty Epoll IO #2/INFO]: Grim » tysooon failed Timer (x105) 
[15:05:19] [Netty Epoll IO #2/INFO]: Grim » tysooon failed TickTimer (x241) type=flying, packets=1
[15:05:19] [Netty Epoll IO #2/INFO]: Grim » tysooon failed PacketOrderO* (x534) type=PLAYER_INPUT
[15:05:19] [Netty Epoll IO #2/INFO]: Grim » tysooon failed TickTimer (x242) type=end, packets=2
[15:05:19] [Netty Epoll IO #2/INFO]: Grim » tysooon failed RotationPlace (x292) pre-flying
[15:05:19] [Netty Epoll IO #2/INFO]: Grim » tysooon failed PacketOrderO* (x535) type=PLAYER_BLOCK_PLACEMENT
[15:05:19] [Netty Epoll IO #2/INFO]: Grim » tysooon failed PacketOrderO* (x536) type=USE_ITEM
[15:05:19] [Netty Epoll IO #2/INFO]: Grim » tysooon failed BadPacketsJ (x293) 
[15:05:19] [Netty Epoll IO #2/INFO]: Grim » tysooon failed Post (x115) player block placement v1.21.11
[15:05:19] [Netty Epoll IO #2/INFO]: Grim » tysooon failed BadPacketsV* (x160) delta=0.0
[15:05:19] [Netty Epoll IO #2/INFO]: Grim » tysooon failed PacketOrderO* (x537) type=PLAYER_INPUT
[15:05:19] [Netty Epoll IO #2/INFO]: Grim » tysooon failed RotationPlace (x293) pre-flying
[15:05:19] [Netty Epoll IO #2/INFO]: Grim » tysooon failed BadPacketsJ (x294) 
[15:05:19] [Netty Epoll IO #2/INFO]: Grim » tysooon failed AimDuplicateLook (x216) 
[15:05:19] [Netty Epoll IO #2/INFO]: Grim » tysooon failed PacketOrderO* (x538) type=PLAYER_INPUT
[15:05:19] [Netty Epoll IO #2/INFO]: Grim » tysooon failed AimDuplicateLook (x217) 
[15:05:19] [Netty Epoll IO #2/INFO]: Grim » tysooon failed Simulation (x113) .097512 /gl 240
[15:05:19] [Netty Epoll IO #2/INFO]: Grim » tysooon failed Timer (x106) 
[15:05:19] [Netty Epoll IO #2/INFO]: Grim » tysooon failed TickTimer (x243) type=flying, packets=1
[15:05:19] [Netty Epoll IO #2/INFO]: Grim » tysooon failed BadPacketsZ* (x29) 
[15:05:19] [Netty Epoll IO #2/INFO]: Grim » tysooon failed PacketOrderO* (x539) type=PLAYER_INPUT
[15:05:19] [Netty Epoll IO #2/INFO]: Grim » tysooon failed TickTimer (x244) type=end, packets=2
[15:05:19] [Netty Epoll IO #2/INFO]: Grim » tysooon failed Simulation (x114) .034416 /gl 241
[15:05:19] [Netty Epoll IO #2/INFO]: Grim » tysooon failed RotationPlace (x294) pre-flying
[15:05:19] [Netty Epoll IO #2/INFO]: Grim » tysooon failed PacketOrderO* (x540) type=PLAYER_BLOCK_PLACEMENT
[15:05:19] [Netty Epoll IO #2/INFO]: Grim » tysooon failed PacketOrderO* (x541) type=USE_ITEM
[15:05:19] [Netty Epoll IO #2/INFO]: Grim » tysooon failed Post (x116) player block placement v1.21.11
[15:05:19] [Netty Epoll IO #2/INFO]: Grim » tysooon failed Simulation (x115) .098132 /gl 242
[15:05:19] [Netty Epoll IO #2/INFO]: Grim » tysooon failed BadPacketsJ (x295) 
[15:05:19] [Netty Epoll IO #2/INFO]: Grim » tysooon failed PacketOrderO* (x542) type=PLAYER_INPUT
[15:05:19] [Netty Epoll IO #2/INFO]: Grim » tysooon failed Simulation (x116) .098105 /gl 243
[15:05:19] [Netty Epoll IO #2/INFO]: Grim » tysooon failed Timer (x107) 
[15:05:19] [Netty Epoll IO #2/INFO]: Grim » tysooon failed TickTimer (x245) type=flying, packets=1
[15:05:19] [Netty Epoll IO #2/INFO]: Grim » tysooon failed PacketOrderO* (x543) type=PLAYER_INPUT
[15:05:19] [Netty Epoll IO #2/INFO]: Grim » tysooon failed TickTimer (x246) type=end, packets=2
[15:05:19] [Netty Epoll IO #2/INFO]: Grim » tysooon failed AimDuplicateLook (x218) 
[15:05:19] [Netty Epoll IO #2/INFO]: Grim » tysooon failed RotationPlace (x295) pre-flying
[15:05:19] [Netty Epoll IO #2/INFO]: Grim » tysooon failed PacketOrderO* (x544) type=PLAYER_BLOCK_PLACEMENT
[15:05:19] [Netty Epoll IO #2/INFO]: Grim » tysooon failed PacketOrderO* (x545) type=USE_ITEM
[15:05:20] [Netty Epoll IO #2/INFO]: Grim » tysooon failed AimDuplicateLook (x219) 
[15:05:20] [Netty Epoll IO #2/INFO]: Grim » tysooon failed BadPacketsJ (x296) 
[15:05:20] [Netty Epoll IO #2/INFO]: Grim » tysooon failed PacketOrderO* (x546) type=PLAYER_INPUT
[15:05:20] [Netty Epoll IO #2/INFO]: Grim » tysooon failed AimDuplicateLook (x220) 
[15:05:20] [Netty Epoll IO #2/INFO]: Grim » tysooon failed Timer (x108) 
[15:05:20] [Netty Epoll IO #2/INFO]: Grim » tysooon failed TickTimer (x247) type=flying, packets=1
[15:05:20] [Netty Epoll IO #2/INFO]: Grim » tysooon failed PacketOrderO* (x547) type=PLAYER_INPUT
[15:05:20] [Netty Epoll IO #2/INFO]: Grim » tysooon failed TickTimer (x248) type=end, packets=2
[15:05:20] [Netty Epoll IO #2/INFO]: Grim » tysooon failed RotationPlace (x296) pre-flying
[15:05:20] [Netty Epoll IO #2/INFO]: Grim » tysooon failed PacketOrderO* (x548) type=PLAYER_BLOCK_PLACEMENT
[15:05:20] [Netty Epoll IO #2/INFO]: Grim » tysooon failed PacketOrderO* (x549) type=USE_ITEM
[15:05:20] [Netty Epoll IO #2/INFO]: Grim » tysooon failed AimDuplicateLook (x221) 
[15:05:20] [Netty Epoll IO #2/INFO]: Grim » tysooon failed BadPacketsJ (x297) 
[15:05:20] [Netty Epoll IO #2/INFO]: Grim » tysooon failed PacketOrderO* (x550) type=PLAYER_INPUT
[15:05:20] [Netty Epoll IO #2/INFO]: Grim » tysooon failed AimDuplicateLook (x222) 
[15:05:20] [Netty Epoll IO #2/INFO]: Grim » tysooon failed Post (x117) player block placement v1.21.11
[15:05:20] [Netty Epoll IO #2/INFO]: Grim » tysooon failed Post (x118) player block placement v1.21.11
[15:05:20] [Netty Epoll IO #2/INFO]: Grim » tysooon failed Simulation (x117) .104745 /gl 244
[15:05:20] [Netty Epoll IO #2/INFO]: Grim » tysooon failed Timer (x109) 
[15:05:20] [Netty Epoll IO #2/INFO]: Grim » tysooon failed TickTimer (x249) type=flying, packets=1
[15:05:20] [Netty Epoll IO #2/INFO]: Grim » tysooon failed PacketOrderO* (x551) type=PLAYER_INPUT
[15:05:20] [Netty Epoll IO #2/INFO]: Grim » tysooon failed TickTimer (x250) type=end, packets=2
[15:05:20] [Netty Epoll IO #2/INFO]: Grim » tysooon failed Simulation (x118) .039919 /gl 245
[15:05:20] [Netty Epoll IO #2/INFO]: Grim » tysooon failed RotationPlace (x297) pre-flying
[15:05:20] [Netty Epoll IO #2/INFO]: Grim » tysooon failed PacketOrderO* (x552) type=PLAYER_BLOCK_PLACEMENT
[15:05:20] [Netty Epoll IO #2/INFO]: Grim » tysooon failed PacketOrderO* (x553) type=USE_ITEM
[15:05:20] [Netty Epoll IO #2/INFO]: Grim » tysooon failed Post (x119) player block placement v1.21.11
[15:05:20] [Netty Epoll IO #2/INFO]: Grim » tysooon failed Simulation (x119) .099997 /gl 246
[15:05:20] [Netty Epoll IO #2/INFO]: Grim » tysooon failed BadPacketsJ (x298) 
[15:05:20] [Netty Epoll IO #2/INFO]: Grim » tysooon failed PacketOrderO* (x554) type=PLAYER_INPUT
[15:05:20] [Netty Epoll IO #2/INFO]: Grim » tysooon failed Simulation (x120) .100119 /gl 247
[15:05:20] [Netty Epoll IO #2/INFO]: Grim » tysooon failed Timer (x109) 
[15:05:20] [Netty Epoll IO #2/INFO]: Grim » tysooon failed TickTimer (x251) type=flying, packets=1
[15:05:20] [Netty Epoll IO #2/INFO]: Grim » tysooon failed PacketOrderO* (x555) type=PLAYER_INPUT
[15:05:20] [Netty Epoll IO #2/INFO]: Grim » tysooon failed TickTimer (x252) type=end, packets=2
[15:05:20] [Netty Epoll IO #2/INFO]: Grim » tysooon failed Simulation (x121) .040672 /gl 248
[15:05:20] [Netty Epoll IO #2/INFO]: Grim » tysooon failed RotationPlace (x298) pre-flying
[15:05:20] [Netty Epoll IO #2/INFO]: Grim » tysooon failed PacketOrderO* (x556) type=PLAYER_BLOCK_PLACEMENT
[15:05:20] [Netty Epoll IO #2/INFO]: Grim » tysooon failed PacketOrderO* (x557) type=USE_ITEM
[15:05:20] [Netty Epoll IO #2/INFO]: Grim » tysooon failed Post (x120) player block placement v1.21.11
[15:05:20] [Netty Epoll IO #2/INFO]: Grim » tysooon failed Simulation (x122) .100230 /gl 249
[15:05:20] [Netty Epoll IO #2/INFO]: Grim » tysooon failed BadPacketsJ (x299) 
[15:05:20] [Netty Epoll IO #2/INFO]: Grim » tysooon failed PacketOrderO* (x558) type=PLAYER_INPUT
[15:05:20] [Netty Epoll IO #2/INFO]: Grim » tysooon failed AimDuplicateLook (x223) 
[15:05:20] [Netty Epoll IO #2/INFO]: Grim » tysooon failed Timer (x110) 
[15:05:20] [Netty Epoll IO #2/INFO]: Grim » tysooon failed TickTimer (x253) type=flying, packets=1
[15:05:20] [Netty Epoll IO #2/INFO]: Grim » tysooon failed PacketOrderO* (x559) type=PLAYER_INPUT
[15:05:20] [Netty Epoll IO #2/INFO]: Grim » tysooon failed TickTimer (x254) type=end, packets=2
[15:05:20] [Netty Epoll IO #2/INFO]: Grim » tysooon failed Simulation (x123) .039993 /gl 250
[15:05:20] [Netty Epoll IO #2/INFO]: Grim » tysooon failed RotationPlace (x299) pre-flying
[15:05:20] [Netty Epoll IO #2/INFO]: Grim » tysooon failed PacketOrderO* (x560) type=PLAYER_BLOCK_PLACEMENT
[15:05:20] [Netty Epoll IO #2/INFO]: Grim » tysooon failed PacketOrderO* (x561) type=USE_ITEM
[15:05:20] [Netty Epoll IO #2/INFO]: Grim » tysooon failed Post (x121) player block placement v1.21.11
[15:05:20] [Netty Epoll IO #2/INFO]: Grim » tysooon failed BadPacketsJ (x300) 
[15:05:20] [Netty Epoll IO #2/INFO]: Grim » tysooon failed BadPacketsZ* (x30) 
[15:05:20] [Netty Epoll IO #2/INFO]: Grim » tysooon failed PacketOrderO* (x562) type=PLAYER_INPUT
[15:05:20] [Netty Epoll IO #2/INFO]: Grim » tysooon failed Simulation (x124) .099538 /gl 251
[15:05:21] [Netty Epoll IO #2/INFO]: Grim » tysooon failed Timer (x110) 
[15:05:21] [Netty Epoll IO #2/INFO]: Grim » tysooon failed TickTimer (x255) type=flying, packets=1
[15:05:21] [Netty Epoll IO #2/INFO]: Grim » tysooon failed PacketOrderO* (x563) type=PLAYER_INPUT
[15:05:21] [Netty Epoll IO #2/INFO]: Grim » tysooon failed TickTimer (x256) type=end, packets=2
[15:05:21] [Netty Epoll IO #2/INFO]: Grim » tysooon failed BadPacketsJ (x301) 
[15:05:21] [Netty Epoll IO #2/INFO]: Grim » tysooon failed AimDuplicateLook (x224) 
[15:05:21] [Netty Epoll IO #2/INFO]: Grim » tysooon failed PacketOrderO* (x564) type=PLAYER_INPUT
[15:05:21] [Netty Epoll IO #2/INFO]: Grim » tysooon failed AimDuplicateLook (x225) 
[15:05:21] [Netty Epoll IO #2/INFO]: Grim » tysooon failed Timer (x111) 
[15:05:21] [Netty Epoll IO #2/INFO]: Grim » tysooon failed TickTimer (x257) type=flying, packets=1
[15:05:21] [Netty Epoll IO #2/INFO]: Grim » tysooon failed PacketOrderO* (x565) type=PLAYER_INPUT
[15:05:21] [Netty Epoll IO #2/INFO]: Grim » tysooon failed TickTimer (x258) type=end, packets=2
[15:05:21] [Netty Epoll IO #2/INFO]: Grim » tysooon failed Simulation (x125) .064817 /gl 252
[15:05:21] [Netty Epoll IO #2/INFO]: Grim » tysooon failed PacketOrderO* (x566) type=PLAYER_BLOCK_PLACEMENT
[15:05:21] [Netty Epoll IO #2/INFO]: Grim » tysooon failed PacketOrderO* (x567) type=USE_ITEM
[15:05:21] [Netty Epoll IO #2/INFO]: Grim » tysooon failed Post (x122) player block placement v1.21.11
[15:05:21] [Netty Epoll IO #2/INFO]: Grim » tysooon failed Simulation (x126) .064906 /gl 253
[15:05:21] [Netty Epoll IO #2/INFO]: Grim » tysooon failed BadPacketsJ (x302) 
[15:05:21] [Netty Epoll IO #2/INFO]: Grim » tysooon failed Timer (x112) 
[15:05:21] [Netty Epoll IO #2/INFO]: Grim » tysooon failed TickTimer (x259) type=flying, packets=1
[15:05:21] [Netty Epoll IO #2/INFO]: Grim » tysooon failed PacketOrderO* (x568) type=PLAYER_INPUT
[15:05:21] [Netty Epoll IO #2/INFO]: Grim » tysooon failed TickTimer (x260) type=end, packets=2
[15:05:21] [Netty Epoll IO #2/INFO]: Grim » tysooon failed PacketOrderO* (x569) type=PLAYER_BLOCK_PLACEMENT
[15:05:21] [Netty Epoll IO #2/INFO]: Grim » tysooon failed PacketOrderO* (x570) type=USE_ITEM
[15:05:22] [Netty Epoll IO #2/INFO]: Grim » tysooon failed BadPacketsJ (x303) 
[15:05:22] [Netty Epoll IO #2/INFO]: Grim » tysooon failed Post (x123) player block placement v1.21.11
[15:05:28] [Server thread/INFO]: danhz issued server command: /home farm
[15:05:42] [Server thread/INFO]: danhz issued server command: /home house
[15:05:53] [Server thread/INFO]: danhz issued server command: /home farm
[15:06:04] [Netty Epoll IO #2/INFO]: Grim » tysooon failed PacketOrderO* (x571) type=CLICK_WINDOW
[15:06:04] [Netty Epoll IO #2/INFO]: Grim » tysooon failed Timer (x112) 
[15:06:04] [Netty Epoll IO #2/INFO]: Grim » tysooon failed TickTimer (x261) type=flying, packets=1
[15:06:04] [Netty Epoll IO #2/INFO]: Grim » tysooon failed PacketOrderO* (x572) type=PLAYER_INPUT
[15:06:04] [Netty Epoll IO #2/INFO]: Grim » tysooon failed TickTimer (x262) type=end, packets=2
[15:06:04] [Netty Epoll IO #2/INFO]: Grim » tysooon failed PacketOrderO* (x573) type=PLAYER_BLOCK_PLACEMENT
[15:06:04] [Netty Epoll IO #2/INFO]: Grim » tysooon failed PacketOrderO* (x574) type=USE_ITEM
[15:06:04] [Netty Epoll IO #2/INFO]: Grim » tysooon failed RotationPlace (x300) post-flying
[15:06:04] [Netty Epoll IO #2/INFO]: Grim » tysooon failed Post (x124) player block placement v1.21.11
[15:06:04] [Netty Epoll IO #2/INFO]: Grim » tysooon failed BadPacketsJ (x304) 
[15:06:04] [Netty Epoll IO #2/INFO]: Grim » tysooon failed Timer (x113) 
[15:06:04] [Netty Epoll IO #2/INFO]: Grim » tysooon failed TickTimer (x263) type=flying, packets=1
[15:06:04] [Netty Epoll IO #2/INFO]: Grim » tysooon failed PacketOrderO* (x575) type=PLAYER_INPUT
[15:06:04] [Netty Epoll IO #2/INFO]: Grim » tysooon failed TickTimer (x264) type=end, packets=2
[15:06:04] [Netty Epoll IO #2/INFO]: Grim » tysooon failed RotationPlace (x301) pre-flying
[15:06:04] [Netty Epoll IO #2/INFO]: Grim » tysooon failed PacketOrderO* (x576) type=PLAYER_BLOCK_PLACEMENT
[15:06:04] [Netty Epoll IO #2/INFO]: Grim » tysooon failed PacketOrderO* (x577) type=USE_ITEM
[15:06:04] [Netty Epoll IO #2/INFO]: Grim » tysooon failed AimDuplicateLook (x226) 
[15:06:04] [Netty Epoll IO #2/INFO]: Grim » tysooon failed Post (x125) player block placement v1.21.11
[15:06:04] [Netty Epoll IO #2/INFO]: Grim » tysooon failed BadPacketsJ (x305) 
[15:06:04] [Netty Epoll IO #2/INFO]: Grim » tysooon failed AimDuplicateLook (x227) 
[15:06:04] [Netty Epoll IO #2/INFO]: Grim » tysooon failed Timer (x114) 
[15:06:04] [Netty Epoll IO #2/INFO]: Grim » tysooon failed TickTimer (x265) type=flying, packets=1
[15:06:04] [Netty Epoll IO #2/INFO]: Grim » tysooon failed PacketOrderO* (x578) type=PLAYER_INPUT
[15:06:04] [Netty Epoll IO #2/INFO]: Grim » tysooon failed TickTimer (x266) type=end, packets=2
[15:06:04] [Netty Epoll IO #2/INFO]: Grim » tysooon failed RotationPlace (x302) pre-flying
[15:06:04] [Netty Epoll IO #2/INFO]: Grim » tysooon failed PacketOrderO* (x579) type=PLAYER_BLOCK_PLACEMENT
[15:06:04] [Netty Epoll IO #2/INFO]: Grim » tysooon failed PacketOrderO* (x580) type=USE_ITEM
[15:06:04] [Netty Epoll IO #2/INFO]: Grim » tysooon failed AimDuplicateLook (x228) 
[15:06:04] [Netty Epoll IO #2/INFO]: Grim » tysooon failed Post (x126) player block placement v1.21.11
[15:06:04] [Netty Epoll IO #2/INFO]: Grim » tysooon failed Simulation (x127) .114702 /gl 254
[15:06:04] [Netty Epoll IO #2/INFO]: Grim » tysooon failed BadPacketsJ (x306) 
[15:06:04] [Netty Epoll IO #2/INFO]: Grim » tysooon failed Timer (x115) 
[15:06:04] [Netty Epoll IO #2/INFO]: Grim » tysooon failed TickTimer (x267) type=flying, packets=1
[15:06:04] [Netty Epoll IO #2/INFO]: Grim » tysooon failed BadPacketsZ* (x31) 
[15:06:04] [Netty Epoll IO #2/INFO]: Grim » tysooon failed PacketOrderO* (x581) type=PLAYER_INPUT
[15:06:04] [Netty Epoll IO #2/INFO]: Grim » tysooon failed TickTimer (x268) type=end, packets=2
[15:06:04] [Netty Epoll IO #2/INFO]: Grim » tysooon failed Simulation (x128) .115658 /gl 255
[15:06:04] [Netty Epoll IO #2/INFO]: Grim » tysooon failed RotationPlace (x303) pre-flying
[15:06:04] [Netty Epoll IO #2/INFO]: Grim » tysooon failed PacketOrderO* (x582) type=PLAYER_BLOCK_PLACEMENT
[15:06:04] [Netty Epoll IO #2/INFO]: Grim » tysooon failed PacketOrderO* (x583) type=USE_ITEM
[15:06:04] [Netty Epoll IO #2/INFO]: Grim » tysooon failed Post (x127) player block placement v1.21.11
[15:06:04] [Netty Epoll IO #2/INFO]: Grim » tysooon failed Simulation (x129) .116613 /gl 256
[15:06:04] [Netty Epoll IO #2/INFO]: Grim » tysooon failed BadPacketsJ (x307) 
[15:06:04] [Netty Epoll IO #2/INFO]: Grim » tysooon failed Timer (x115) 
[15:06:04] [Netty Epoll IO #2/INFO]: Grim » tysooon failed TickTimer (x269) type=flying, packets=1
[15:06:04] [Netty Epoll IO #2/INFO]: Grim » tysooon failed PacketOrderO* (x584) type=PLAYER_INPUT
[15:06:04] [Netty Epoll IO #2/INFO]: Grim » tysooon failed TickTimer (x270) type=end, packets=2
[15:06:04] [Netty Epoll IO #2/INFO]: Grim » tysooon failed Simulation (x130) .117051 /gl 1
[15:06:04] [Netty Epoll IO #2/INFO]: Grim » tysooon failed Simulation (x131) .117260 /gl 2
[15:06:04] [Netty Epoll IO #2/INFO]: Grim » tysooon failed RotationPlace (x304) pre-flying
[15:06:04] [Netty Epoll IO #2/INFO]: Grim » tysooon failed PacketOrderO* (x585) type=PLAYER_BLOCK_PLACEMENT
[15:06:04] [Netty Epoll IO #2/INFO]: Grim » tysooon failed PacketOrderO* (x585) type=USE_ITEM
[15:06:04] [Netty Epoll IO #2/INFO]: Grim » tysooon failed Post (x128) player block placement v1.21.11
[15:06:04] [Netty Epoll IO #2/INFO]: Grim » tysooon failed Simulation (x132) .117398 /gl 3
[15:06:04] [Netty Epoll IO #2/INFO]: Grim » tysooon failed BadPacketsJ (x308) 
[15:06:04] [Netty Epoll IO #2/INFO]: Grim » tysooon failed Timer (x115) 
[15:06:04] [Netty Epoll IO #2/INFO]: Grim » tysooon failed TickTimer (x271) type=flying, packets=1
[15:06:04] [Netty Epoll IO #2/INFO]: Grim » tysooon failed PacketOrderO* (x586) type=PLAYER_INPUT
[15:06:04] [Netty Epoll IO #2/INFO]: Grim » tysooon failed TickTimer (x272) type=end, packets=2
[15:06:04] [Netty Epoll IO #2/INFO]: Grim » tysooon failed Simulation (x133) .117459 /gl 4
[15:06:04] [Netty Epoll IO #2/INFO]: Grim » tysooon failed RotationPlace (x305) pre-flying
[15:06:04] [Netty Epoll IO #2/INFO]: Grim » tysooon failed PacketOrderO* (x587) type=PLAYER_BLOCK_PLACEMENT
[15:06:04] [Netty Epoll IO #2/INFO]: Grim » tysooon failed PacketOrderO* (x588) type=USE_ITEM
[15:06:04] [Netty Epoll IO #2/INFO]: Grim » tysooon failed Post (x129) player block placement v1.21.11
[15:06:04] [Netty Epoll IO #2/INFO]: Grim » tysooon failed Simulation (x134) .117490 /gl 5
[15:06:04] [Netty Epoll IO #2/INFO]: Grim » tysooon failed BadPacketsJ (x309) 
[15:06:04] [Netty Epoll IO #2/INFO]: Grim » tysooon failed Timer (x116) 
[15:06:04] [Netty Epoll IO #2/INFO]: Grim » tysooon failed TickTimer (x273) type=flying, packets=1
[15:06:04] [Netty Epoll IO #2/INFO]: Grim » tysooon failed PacketOrderO* (x589) type=PLAYER_INPUT
[15:06:04] [Netty Epoll IO #2/INFO]: Grim » tysooon failed TickTimer (x274) type=end, packets=2
[15:06:04] [Netty Epoll IO #2/INFO]: Grim » tysooon failed RotationPlace (x306) pre-flying
[15:06:04] [Netty Epoll IO #2/INFO]: Grim » tysooon failed PacketOrderO* (x590) type=PLAYER_BLOCK_PLACEMENT
[15:06:04] [Netty Epoll IO #2/INFO]: Grim » tysooon failed PacketOrderO* (x591) type=USE_ITEM
[15:06:04] [Netty Epoll IO #2/INFO]: Grim » tysooon failed BadPacketsJ (x310) 
[15:06:04] [Netty Epoll IO #2/INFO]: Grim » tysooon failed AimDuplicateLook (x229) 
[15:06:04] [Netty Epoll IO #2/INFO]: Grim » tysooon failed Post (x130) player block placement v1.21.11
[15:06:04] [Netty Epoll IO #2/INFO]: Grim » tysooon failed BadPacketsV* (x161) delta=0.0
[15:06:04] [Netty Epoll IO #2/INFO]: Grim » tysooon failed PacketOrderO* (x592) type=PLAYER_INPUT
[15:06:05] [Netty Epoll IO #2/INFO]: Grim » tysooon failed RotationPlace (x307) pre-flying
[15:06:05] [Netty Epoll IO #2/INFO]: Grim » tysooon failed BadPacketsJ (x311) 
[15:06:05] [Netty Epoll IO #2/INFO]: Grim » tysooon failed Timer (x116) 
[15:06:05] [Netty Epoll IO #2/INFO]: Grim » tysooon failed TickTimer (x275) type=flying, packets=1
[15:06:05] [Netty Epoll IO #2/INFO]: Grim » tysooon failed PacketOrderO* (x593) type=PLAYER_INPUT
[15:06:05] [Netty Epoll IO #2/INFO]: Grim » tysooon failed TickTimer (x276) type=end, packets=2
[15:06:05] [Netty Epoll IO #2/INFO]: Grim » tysooon failed PositionPlace (x17) 
[15:06:05] [Netty Epoll IO #2/INFO]: Grim » tysooon failed RotationPlace (x308) pre-flying
[15:06:05] [Netty Epoll IO #2/INFO]: Grim » tysooon failed PacketOrderO* (x594) type=PLAYER_BLOCK_PLACEMENT
[15:06:05] [Netty Epoll IO #2/INFO]: Grim » tysooon failed PacketOrderO* (x595) type=USE_ITEM
[15:06:05] [Netty Epoll IO #2/INFO]: Grim » tysooon failed Post (x131) player block placement v1.21.11
[15:06:05] [Netty Epoll IO #2/INFO]: Grim » tysooon failed BadPacketsJ (x312) 
[15:06:05] [Netty Epoll IO #2/INFO]: Grim » tysooon failed Timer (x117) 
[15:06:05] [Netty Epoll IO #2/INFO]: Grim » tysooon failed TickTimer (x277) type=flying, packets=1
[15:06:05] [Netty Epoll IO #2/INFO]: Grim » tysooon failed PacketOrderO* (x596) type=PLAYER_INPUT
[15:06:05] [Netty Epoll IO #2/INFO]: Grim » tysooon failed TickTimer (x278) type=end, packets=2
[15:06:05] [Netty Epoll IO #2/INFO]: Grim » tysooon failed PositionPlace (x18) 
[15:06:05] [Netty Epoll IO #2/INFO]: Grim » tysooon failed RotationPlace (x309) pre-flying
[15:06:05] [Netty Epoll IO #2/INFO]: Grim » tysooon failed BadPacketsJ (x313) 
[15:06:06] [Netty Epoll IO #2/INFO]: Grim » tysooon failed PacketOrderO* (x597) type=PLAYER_INPUT
[15:06:06] [Netty Epoll IO #2/INFO]: Grim » tysooon failed PositionPlace (x19) 
[15:06:06] [Netty Epoll IO #2/INFO]: Grim » tysooon failed RotationPlace (x310) pre-flying
[15:06:06] [Netty Epoll IO #2/INFO]: Grim » tysooon failed BadPacketsJ (x314) 
[15:06:06] [Netty Epoll IO #2/INFO]: Grim » tysooon failed AimDuplicateLook (x230) 
[15:06:06] [Netty Epoll IO #2/INFO]: Grim » tysooon failed BadPacketsV* (x162) delta=0.0
[15:06:06] [Netty Epoll IO #2/INFO]: Grim » tysooon failed PacketOrderO* (x598) type=PLAYER_INPUT
[15:06:06] [Netty Epoll IO #2/INFO]: Grim » tysooon failed AimDuplicateLook (x231) 
[15:06:06] [Netty Epoll IO #2/INFO]: Grim » tysooon failed PositionPlace (x20) 
[15:06:06] [Netty Epoll IO #2/INFO]: Grim » tysooon failed RotationPlace (x311) pre-flying
[15:06:06] [Netty Epoll IO #2/INFO]: Grim » tysooon failed PacketOrderO* (x599) type=PLAYER_BLOCK_PLACEMENT
[15:06:06] [Netty Epoll IO #2/INFO]: Grim » tysooon failed PacketOrderO* (x600) type=USE_ITEM
[15:06:06] [Netty Epoll IO #2/INFO]: Grim » tysooon failed AimDuplicateLook (x232) 
[15:06:06] [Netty Epoll IO #2/INFO]: Grim » tysooon failed BadPacketsJ (x315) 
[15:06:06] [Netty Epoll IO #2/INFO]: Grim » tysooon failed Timer (x118) 
[15:06:06] [Netty Epoll IO #2/INFO]: Grim » tysooon failed TickTimer (x279) type=flying, packets=1
[15:06:06] [Netty Epoll IO #2/INFO]: Grim » tysooon failed PacketOrderO* (x601) type=PLAYER_INPUT
[15:06:06] [Netty Epoll IO #2/INFO]: Grim » tysooon failed TickTimer (x280) type=end, packets=2
[15:06:06] [Netty Epoll IO #2/INFO]: Grim » tysooon failed PositionPlace (x21) 
[15:06:06] [Netty Epoll IO #2/INFO]: Grim » tysooon failed RotationPlace (x312) pre-flying
[15:06:06] [Netty Epoll IO #2/INFO]: Grim » tysooon failed PacketOrderO* (x602) type=PLAYER_BLOCK_PLACEMENT
[15:06:06] [Netty Epoll IO #2/INFO]: Grim » tysooon failed PacketOrderO* (x603) type=USE_ITEM
[15:06:06] [Netty Epoll IO #2/INFO]: Grim » tysooon failed AimDuplicateLook (x233) 
[15:06:06] [Netty Epoll IO #2/INFO]: Grim » tysooon failed BadPacketsJ (x316) 
[15:06:06] [Netty Epoll IO #2/INFO]: Grim » tysooon failed Timer (x119) 
[15:06:06] [Netty Epoll IO #2/INFO]: Grim » tysooon failed TickTimer (x281) type=flying, packets=1
[15:06:06] [Netty Epoll IO #2/INFO]: Grim » tysooon failed PacketOrderO* (x604) type=PLAYER_INPUT
[15:06:06] [Netty Epoll IO #2/INFO]: Grim » tysooon failed TickTimer (x282) type=end, packets=2
[15:06:06] [Netty Epoll IO #2/INFO]: Grim » tysooon failed Post (x132) player block placement v1.21.11
[15:06:06] [Netty Epoll IO #2/INFO]: Grim » tysooon failed Post (x133) player block placement v1.21.11
[15:06:06] [Netty Epoll IO #2/INFO]: Grim » tysooon failed PositionPlace (x22) 
[15:06:06] [Netty Epoll IO #2/INFO]: Grim » tysooon failed RotationPlace (x313) pre-flying
[15:06:06] [Netty Epoll IO #2/INFO]: Grim » tysooon failed PacketOrderO* (x605) type=PLAYER_BLOCK_PLACEMENT
[15:06:06] [Netty Epoll IO #2/INFO]: Grim » tysooon failed PacketOrderO* (x606) type=USE_ITEM
[15:06:06] [Netty Epoll IO #2/INFO]: Grim » tysooon failed Post (x134) player block placement v1.21.11
[15:06:06] [Netty Epoll IO #2/INFO]: Grim » tysooon failed Simulation (x135) .113279 /gl 6
[15:06:06] [Netty Epoll IO #2/INFO]: Grim » tysooon failed BadPacketsJ (x317) 
[15:06:06] [Netty Epoll IO #2/INFO]: Grim » tysooon failed Timer (x120) 
[15:06:06] [Netty Epoll IO #2/INFO]: Grim » tysooon failed TickTimer (x283) type=flying, packets=1
[15:06:06] [Netty Epoll IO #2/INFO]: Grim » tysooon failed PacketOrderO* (x607) type=PLAYER_INPUT
[15:06:06] [Netty Epoll IO #2/INFO]: Grim » tysooon failed TickTimer (x284) type=end, packets=2
[15:06:06] [Netty Epoll IO #2/INFO]: Grim » tysooon failed Simulation (x136) .123563 /gl 7
[15:06:06] [Netty Epoll IO #2/INFO]: Grim » tysooon failed PositionPlace (x23) 
[15:06:06] [Netty Epoll IO #2/INFO]: Grim » tysooon failed RotationPlace (x314) pre-flying
[15:06:06] [Netty Epoll IO #2/INFO]: Grim » tysooon failed PacketOrderO* (x608) type=PLAYER_BLOCK_PLACEMENT
[15:06:06] [Netty Epoll IO #2/INFO]: Grim » tysooon failed PacketOrderO* (x609) type=USE_ITEM
[15:06:06] [Netty Epoll IO #2/INFO]: Grim » tysooon failed Post (x135) player block placement v1.21.11
[15:06:06] [Netty Epoll IO #2/INFO]: Grim » tysooon failed Simulation (x137) .123807 /gl 8
[15:06:06] [Netty Epoll IO #2/INFO]: Grim » tysooon failed BadPacketsJ (x318) 
[15:06:06] [Netty Epoll IO #2/INFO]: Grim » tysooon failed Timer (x121) 
[15:06:06] [Netty Epoll IO #2/INFO]: Grim » tysooon failed TickTimer (x285) type=flying, packets=1
[15:06:06] [Netty Epoll IO #2/INFO]: Grim » tysooon failed PacketOrderO* (x610) type=PLAYER_INPUT
[15:06:06] [Netty Epoll IO #2/INFO]: Grim » tysooon failed TickTimer (x286) type=end, packets=2
[15:06:06] [Netty Epoll IO #2/INFO]: Grim » tysooon failed Simulation (x138) .123645 /gl 9
[15:06:06] [Netty Epoll IO #2/INFO]: Grim » tysooon failed PositionPlace (x24) 
[15:06:06] [Netty Epoll IO #2/INFO]: Grim » tysooon failed RotationPlace (x315) pre-flying
[15:06:06] [Netty Epoll IO #2/INFO]: Grim » tysooon failed PacketOrderO* (x611) type=PLAYER_BLOCK_PLACEMENT
[15:06:06] [Netty Epoll IO #2/INFO]: Grim » tysooon failed PacketOrderO* (x612) type=USE_ITEM
[15:06:06] [Netty Epoll IO #2/INFO]: Grim » tysooon failed Post (x136) player block placement v1.21.11
[15:06:06] [Netty Epoll IO #2/INFO]: Grim » tysooon failed Simulation (x139) .122803 /gl 10
[15:06:06] [Netty Epoll IO #2/INFO]: Grim » tysooon failed BadPacketsJ (x319) 
[15:06:06] [Netty Epoll IO #2/INFO]: Grim » tysooon failed Simulation (x140) .121003 /gl 11
[15:06:06] [Netty Epoll IO #2/INFO]: Grim » tysooon failed Timer (x122) 
[15:06:06] [Netty Epoll IO #2/INFO]: Grim » tysooon failed TickTimer (x287) type=flying, packets=1
[15:06:06] [Netty Epoll IO #2/INFO]: Grim » tysooon failed PacketOrderO* (x613) type=PLAYER_INPUT
[15:06:06] [Netty Epoll IO #2/INFO]: Grim » tysooon failed TickTimer (x288) type=end, packets=2
[15:06:06] [Netty Epoll IO #2/INFO]: Grim » tysooon failed Simulation (x141) .119118 /gl 12
[15:06:06] [Netty Epoll IO #2/INFO]: Grim » tysooon failed PositionPlace (x25) 
[15:06:06] [Netty Epoll IO #2/INFO]: Grim » tysooon failed RotationPlace (x316) pre-flying
[15:06:06] [Netty Epoll IO #2/INFO]: Grim » tysooon failed PacketOrderO* (x614) type=PLAYER_BLOCK_PLACEMENT
[15:06:06] [Netty Epoll IO #2/INFO]: Grim » tysooon failed PacketOrderO* (x614) type=USE_ITEM
[15:06:06] [Netty Epoll IO #2/INFO]: Grim » tysooon failed Post (x137) player block placement v1.21.11
[15:06:06] [Netty Epoll IO #2/INFO]: Grim » tysooon failed Simulation (x142) .110773 /gl 13
[15:06:06] [Netty Epoll IO #2/INFO]: Grim » tysooon failed BadPacketsJ (x320) 
[15:06:06] [Netty Epoll IO #2/INFO]: Grim » tysooon failed Timer (x123) 
[15:06:06] [Netty Epoll IO #2/INFO]: Grim » tysooon failed TickTimer (x289) type=flying, packets=1
[15:06:06] [Netty Epoll IO #2/INFO]: Grim » tysooon failed BadPacketsZ* (x32) 
[15:06:06] [Netty Epoll IO #2/INFO]: Grim » tysooon failed PacketOrderO* (x615) type=PLAYER_INPUT
[15:06:06] [Netty Epoll IO #2/INFO]: Grim » tysooon failed TickTimer (x290) type=end, packets=2
[15:06:06] [Netty Epoll IO #2/INFO]: Grim » tysooon failed PositionPlace (x26) 
[15:06:06] [Netty Epoll IO #2/INFO]: Grim » tysooon failed RotationPlace (x317) pre-flying
[15:06:06] [Netty Epoll IO #2/INFO]: Grim » tysooon failed PacketOrderO* (x616) type=PLAYER_BLOCK_PLACEMENT
[15:06:06] [Netty Epoll IO #2/INFO]: Grim » tysooon failed PacketOrderO* (x617) type=USE_ITEM
[15:06:06] [Netty Epoll IO #2/INFO]: Grim » tysooon failed AimDuplicateLook (x234) 
[15:06:06] [Netty Epoll IO #2/INFO]: Grim » tysooon failed BadPacketsJ (x321) 
[15:06:06] [Netty Epoll IO #2/INFO]: Grim » tysooon failed TickTimer (x291) type=flying, packets=1
[15:06:06] [Netty Epoll IO #2/INFO]: Grim » tysooon failed AimDuplicateLook (x235) 
[15:06:06] [Netty Epoll IO #2/INFO]: Grim » tysooon failed Post (x138) player block placement v1.21.11
[15:06:06] [Netty Epoll IO #2/INFO]: Grim » tysooon failed BadPacketsV* (x163) delta=0.0
[15:06:06] [Netty Epoll IO #2/INFO]: Grim » tysooon failed PacketOrderO* (x618) type=PLAYER_INPUT
[15:06:06] [Netty Epoll IO #2/INFO]: Grim » tysooon failed TickTimer (x292) type=end, packets=2
[15:06:07] [Netty Epoll IO #2/INFO]: Grim » tysooon failed Timer (x124) 
[15:06:07] [Netty Epoll IO #2/INFO]: Grim » tysooon failed Timer (x125) 
[15:06:07] [Netty Epoll IO #2/INFO]: Grim » tysooon failed PositionPlace (x27) 
[15:06:07] [Netty Epoll IO #2/INFO]: Grim » tysooon failed RotationPlace (x318) pre-flying
[15:06:07] [Netty Epoll IO #2/INFO]: Grim » tysooon failed PacketOrderO* (x619) type=PLAYER_BLOCK_PLACEMENT
[15:06:07] [Netty Epoll IO #2/INFO]: Grim » tysooon failed PacketOrderO* (x620) type=USE_ITEM
[15:06:07] [Netty Epoll IO #2/INFO]: Grim » tysooon failed AimDuplicateLook (x236) 
[15:06:07] [Netty Epoll IO #2/INFO]: Grim » tysooon failed BadPacketsJ (x322) 
[15:06:07] [Netty Epoll IO #2/INFO]: Grim » tysooon failed Timer (x126) 
[15:06:07] [Netty Epoll IO #2/INFO]: Grim » tysooon failed TickTimer (x293) type=flying, packets=1
[15:06:07] [Netty Epoll IO #2/INFO]: Grim » tysooon failed PacketOrderO* (x621) type=PLAYER_INPUT
[15:06:07] [Netty Epoll IO #2/INFO]: Grim » tysooon failed TickTimer (x294) type=end, packets=2
[15:06:07] [Netty Epoll IO #2/INFO]: Grim » tysooon failed PositionPlace (x28) 
[15:06:07] [Netty Epoll IO #2/INFO]: Grim » tysooon failed RotationPlace (x319) pre-flying
[15:06:07] [Netty Epoll IO #2/INFO]: Grim » tysooon failed BadPacketsJ (x323) 
[15:06:07] [Netty Epoll IO #2/INFO]: Grim » tysooon failed Post (x139) player block placement v1.21.11
[15:06:07] [Netty Epoll IO #2/INFO]: Grim » tysooon failed PacketOrderO* (x622) type=PLAYER_INPUT
[15:06:07] [Netty Epoll IO #2/INFO]: Grim » tysooon failed PositionPlace (x29) 
[15:06:07] [Netty Epoll IO #2/INFO]: Grim » tysooon failed RotationPlace (x320) pre-flying
[15:06:07] [Netty Epoll IO #2/INFO]: Grim » tysooon failed BadPacketsJ (x324) 
[15:06:07] [Netty Epoll IO #2/INFO]: Grim » tysooon failed Simulation (x143) .104692 /gl 14
[15:06:07] [Netty Epoll IO #2/INFO]: Grim » tysooon failed Simulation (x144) .153970 /gl 15
[15:06:08] [Netty Epoll IO #2/INFO]: Grim » tysooon failed Timer (x127) 
[15:06:08] [Netty Epoll IO #2/INFO]: Grim » tysooon failed TickTimer (x295) type=flying, packets=1
[15:06:08] [Netty Epoll IO #2/INFO]: Grim » tysooon failed PacketOrderO* (x623) type=PLAYER_INPUT
[15:06:08] [Netty Epoll IO #2/INFO]: Grim » tysooon failed TickTimer (x296) type=end, packets=2
[15:06:08] [Netty Epoll IO #2/INFO]: Grim » tysooon failed PositionPlace (x30) 
[15:06:08] [Netty Epoll IO #2/INFO]: Grim » tysooon failed PacketOrderO* (x624) type=PLAYER_BLOCK_PLACEMENT
[15:06:08] [Netty Epoll IO #2/INFO]: Grim » tysooon failed PacketOrderO* (x625) type=USE_ITEM
[15:06:08] [Netty Epoll IO #2/INFO]: Grim » tysooon failed AimDuplicateLook (x237) 
[15:06:08] [Netty Epoll IO #2/INFO]: Grim » tysooon failed Post (x140) player block placement v1.21.11
[15:06:08] [Netty Epoll IO #2/INFO]: Grim » tysooon failed BadPacketsJ (x325) 
[15:06:08] [Netty Epoll IO #2/INFO]: Grim » tysooon failed Timer (x128) 
[15:06:08] [Netty Epoll IO #2/INFO]: Grim » tysooon failed TickTimer (x297) type=flying, packets=1
[15:06:08] [Netty Epoll IO #2/INFO]: Grim » tysooon failed PacketOrderO* (x626) type=PLAYER_INPUT
[15:06:08] [Netty Epoll IO #2/INFO]: Grim » tysooon failed TickTimer (x298) type=end, packets=2
[15:06:08] [Netty Epoll IO #2/INFO]: Grim » tysooon failed PositionPlace (x31) 
[15:06:08] [Netty Epoll IO #2/INFO]: Grim » tysooon failed PacketOrderO* (x627) type=PLAYER_BLOCK_PLACEMENT
[15:06:08] [Netty Epoll IO #2/INFO]: Grim » tysooon failed PacketOrderO* (x628) type=USE_ITEM
[15:06:08] [Netty Epoll IO #2/INFO]: Grim » tysooon failed Post (x141) player block placement v1.21.11
[15:06:08] [Netty Epoll IO #2/INFO]: Grim » tysooon failed Simulation (x145) .092844 /gl 16
[15:06:08] [Netty Epoll IO #2/INFO]: Grim » tysooon failed BadPacketsJ (x326) 
[15:06:08] [Netty Epoll IO #2/INFO]: Grim » tysooon failed MultiActionsC (x3) sprinting=false, sneaking=false, input=true
[15:06:08] [Netty Epoll IO #2/INFO]: Grim » tysooon failed PacketOrderO* (x629) type=CLICK_WINDOW
[15:06:08] [Netty Epoll IO #2/INFO]: Grim » tysooon failed Timer (x129) 
[15:06:08] [Netty Epoll IO #2/INFO]: Grim » tysooon failed TickTimer (x299) type=flying, packets=1
[15:06:08] [Netty Epoll IO #2/INFO]: Grim » tysooon failed BadPacketsZ* (x32) 
[15:06:08] [Netty Epoll IO #2/INFO]: Grim » tysooon failed PacketOrderO* (x630) type=PLAYER_INPUT
[15:06:08] [Netty Epoll IO #2/INFO]: Grim » tysooon failed TickTimer (x300) type=end, packets=2
[15:06:08] [Netty Epoll IO #2/INFO]: Grim » tysooon failed RotationPlace (x321) pre-flying
[15:06:08] [Netty Epoll IO #2/INFO]: Grim » tysooon failed PacketOrderO* (x631) type=PLAYER_BLOCK_PLACEMENT
[15:06:08] [Netty Epoll IO #2/INFO]: Grim » tysooon failed PacketOrderO* (x632) type=USE_ITEM
[15:06:09] [Netty Epoll IO #2/INFO]: Grim » tysooon failed Post (x142) player block placement v1.21.11
[15:06:09] [Netty Epoll IO #2/INFO]: Grim » tysooon failed Simulation (x146) .091924 /gl 17
[15:06:09] [Netty Epoll IO #2/INFO]: Grim » tysooon failed BadPacketsJ (x327) 
[15:06:09] [Netty Epoll IO #2/INFO]: Grim » tysooon failed Timer (x129) 
[15:06:09] [Netty Epoll IO #2/INFO]: Grim » tysooon failed TickTimer (x301) type=flying, packets=1
[15:06:09] [Netty Epoll IO #2/INFO]: Grim » tysooon failed PacketOrderO* (x633) type=PLAYER_INPUT
[15:06:09] [Netty Epoll IO #2/INFO]: Grim » tysooon failed TickTimer (x302) type=end, packets=2
[15:06:09] [Netty Epoll IO #2/INFO]: Grim » tysooon failed Simulation (x147) .089729 /gl 18
[15:06:09] [Netty Epoll IO #2/INFO]: Grim » tysooon failed PositionPlace (x32) 
[15:06:09] [Netty Epoll IO #2/INFO]: Grim » tysooon failed PacketOrderO* (x634) type=PLAYER_BLOCK_PLACEMENT
[15:06:09] [Netty Epoll IO #2/INFO]: Grim » tysooon failed PacketOrderO* (x635) type=USE_ITEM
[15:06:09] [Netty Epoll IO #2/INFO]: Grim » tysooon failed Post (x143) player block placement v1.21.11
[15:06:09] [Netty Epoll IO #2/INFO]: Grim » tysooon failed Simulation (x148) .086087 /gl 19
[15:06:09] [Netty Epoll IO #2/INFO]: Grim » tysooon failed BadPacketsJ (x328) 
[15:06:09] [Netty Epoll IO #2/INFO]: Grim » tysooon failed Simulation (x149) .074207 /gl 20
[15:06:09] [Netty Epoll IO #2/INFO]: Grim » tysooon failed Timer (x130) 
[15:06:09] [Netty Epoll IO #2/INFO]: Grim » tysooon failed TickTimer (x303) type=flying, packets=1
[15:06:09] [Netty Epoll IO #2/INFO]: Grim » tysooon failed PacketOrderO* (x636) type=PLAYER_INPUT
[15:06:09] [Netty Epoll IO #2/INFO]: Grim » tysooon failed TickTimer (x304) type=end, packets=2
[15:06:09] [Netty Epoll IO #2/INFO]: Grim » tysooon failed Simulation (x150) .064329 /gl 21
[15:06:09] [Netty Epoll IO #2/INFO]: Grim » tysooon failed PositionPlace (x33) 
[15:06:09] [Netty Epoll IO #2/INFO]: Grim » tysooon failed PacketOrderO* (x637) type=PLAYER_BLOCK_PLACEMENT
[15:06:09] [Netty Epoll IO #2/INFO]: Grim » tysooon failed PacketOrderO* (x638) type=USE_ITEM
[15:06:09] [Netty Epoll IO #2/INFO]: Grim » tysooon failed Post (x144) player block placement v1.21.11
[15:06:09] [Netty Epoll IO #2/INFO]: Grim » tysooon failed Simulation (x151) .059074 /gl 22
[15:06:09] [Netty Epoll IO #2/INFO]: Grim » tysooon failed BadPacketsJ (x329) 
[15:06:09] [Netty Epoll IO #2/INFO]: Grim » tysooon failed Timer (x131) 
[15:06:09] [Netty Epoll IO #2/INFO]: Grim » tysooon failed TickTimer (x305) type=flying, packets=1
[15:06:09] [Netty Epoll IO #2/INFO]: Grim » tysooon failed BadPacketsZ* (x32) 
[15:06:09] [Netty Epoll IO #2/INFO]: Grim » tysooon failed PacketOrderO* (x639) type=PLAYER_INPUT
[15:06:09] [Netty Epoll IO #2/INFO]: Grim » tysooon failed TickTimer (x306) type=end, packets=2
[15:06:09] [Netty Epoll IO #2/INFO]: Grim » tysooon failed Simulation (x152) .055805 /gl 23
[15:06:09] [Netty Epoll IO #2/INFO]: Grim » tysooon failed PositionPlace (x34) 
[15:06:09] [Netty Epoll IO #2/INFO]: Grim » tysooon failed PacketOrderO* (x640) type=PLAYER_BLOCK_PLACEMENT
[15:06:09] [Netty Epoll IO #2/INFO]: Grim » tysooon failed PacketOrderO* (x641) type=USE_ITEM
[15:06:09] [Netty Epoll IO #2/INFO]: Grim » tysooon failed Post (x145) player block placement v1.21.11
[15:06:09] [Netty Epoll IO #2/INFO]: Grim » tysooon failed Simulation (x153) .052574 /gl 24
[15:06:09] [Netty Epoll IO #2/INFO]: Grim » tysooon failed BadPacketsJ (x330) 
[15:06:09] [Netty Epoll IO #2/INFO]: Grim » tysooon failed Timer (x132) 
[15:06:09] [Netty Epoll IO #2/INFO]: Grim » tysooon failed TickTimer (x307) type=flying, packets=1
[15:06:09] [Netty Epoll IO #2/INFO]: Grim » tysooon failed BadPacketsZ* (x33) 
[15:06:09] [Netty Epoll IO #2/INFO]: Grim » tysooon failed PacketOrderO* (x642) type=PLAYER_INPUT
[15:06:09] [Netty Epoll IO #2/INFO]: Grim » tysooon failed TickTimer (x308) type=end, packets=2
[15:06:09] [Netty Epoll IO #2/INFO]: Grim » tysooon failed Simulation (x154) .051723 /gl 25
[15:06:09] [Netty Epoll IO #2/INFO]: Grim » tysooon failed Simulation (x155) .049508 /gl 26
[15:06:09] [Netty Epoll IO #2/INFO]: Grim » tysooon failed PositionPlace (x35) 
[15:06:09] [Netty Epoll IO #2/INFO]: Grim » tysooon failed PacketOrderO* (x643) type=PLAYER_BLOCK_PLACEMENT
[15:06:09] [Netty Epoll IO #2/INFO]: Grim » tysooon failed PacketOrderO* (x644) type=USE_ITEM
[15:06:09] [Netty Epoll IO #2/INFO]: Grim » tysooon failed Post (x146) player block placement v1.21.11
[15:06:09] [Netty Epoll IO #2/INFO]: Grim » tysooon failed Simulation (x156) .043278 /gl 27
[15:06:09] [Netty Epoll IO #2/INFO]: Grim » tysooon failed BadPacketsJ (x331) 
[15:06:09] [Netty Epoll IO #2/INFO]: Grim » tysooon failed Timer (x133) 
[15:06:09] [Netty Epoll IO #2/INFO]: Grim » tysooon failed TickTimer (x309) type=flying, packets=1
[15:06:09] [Netty Epoll IO #2/INFO]: Grim » tysooon failed BadPacketsZ* (x34) 
[15:06:09] [Netty Epoll IO #2/INFO]: Grim » tysooon failed PacketOrderO* (x645) type=PLAYER_INPUT
[15:06:09] [Netty Epoll IO #2/INFO]: Grim » tysooon failed TickTimer (x310) type=end, packets=2
[15:06:09] [Netty Epoll IO #2/INFO]: Grim » tysooon failed Simulation (x157) .037823 /gl 28
[15:06:09] [Netty Epoll IO #2/INFO]: Grim » tysooon failed PositionPlace (x36) 
[15:06:09] [Netty Epoll IO #2/INFO]: Grim » tysooon failed PacketOrderO* (x646) type=PLAYER_BLOCK_PLACEMENT
[15:06:09] [Netty Epoll IO #2/INFO]: Grim » tysooon failed PacketOrderO* (x647) type=USE_ITEM
[15:06:09] [Netty Epoll IO #2/INFO]: Grim » tysooon failed Post (x147) player block placement v1.21.11
[15:06:09] [Netty Epoll IO #2/INFO]: Grim » tysooon failed Simulation (x158) .036589 /gl 29
[15:06:09] [Netty Epoll IO #2/INFO]: Grim » tysooon failed BadPacketsJ (x332) 
[15:06:09] [Netty Epoll IO #2/INFO]: Grim » tysooon failed Timer (x134) 
[15:06:09] [Netty Epoll IO #2/INFO]: Grim » tysooon failed TickTimer (x311) type=flying, packets=1
[15:06:09] [Netty Epoll IO #2/INFO]: Grim » tysooon failed PacketOrderO* (x648) type=PLAYER_INPUT
[15:06:09] [Netty Epoll IO #2/INFO]: Grim » tysooon failed TickTimer (x312) type=end, packets=2
[15:06:09] [Netty Epoll IO #2/INFO]: Grim » tysooon failed Simulation (x159) .039150 /gl 30
[15:06:09] [Netty Epoll IO #2/INFO]: Grim » tysooon failed PositionPlace (x37) 
[15:06:09] [Netty Epoll IO #2/INFO]: Grim » tysooon failed PacketOrderO* (x649) type=PLAYER_BLOCK_PLACEMENT
[15:06:09] [Netty Epoll IO #2/INFO]: Grim » tysooon failed PacketOrderO* (x650) type=USE_ITEM
[15:06:09] [Netty Epoll IO #2/INFO]: Grim » tysooon failed Post (x148) player block placement v1.21.11
[15:06:09] [Netty Epoll IO #2/INFO]: Grim » tysooon failed Simulation (x160) .044638 /gl 31
[15:06:09] [Netty Epoll IO #2/INFO]: Grim » tysooon failed BadPacketsJ (x333) 
[15:06:09] [Netty Epoll IO #2/INFO]: Grim » tysooon failed Simulation (x161) .011073 /gl 32
[15:06:09] [Netty Epoll IO #2/INFO]: Grim » tysooon failed Timer (x134) 
[15:06:09] [Netty Epoll IO #2/INFO]: Grim » tysooon failed TickTimer (x313) type=flying, packets=1
[15:06:09] [Netty Epoll IO #2/INFO]: Grim » tysooon failed PacketOrderO* (x651) type=PLAYER_INPUT
[15:06:09] [Netty Epoll IO #2/INFO]: Grim » tysooon failed TickTimer (x314) type=end, packets=2
[15:06:09] [Netty Epoll IO #2/INFO]: Grim » tysooon failed Simulation (x162) .070934 /gl 33
[15:06:09] [Netty Epoll IO #2/INFO]: Grim » tysooon failed PositionPlace (x38) 
[15:06:09] [Netty Epoll IO #2/INFO]: Grim » tysooon failed PacketOrderO* (x652) type=PLAYER_BLOCK_PLACEMENT
[15:06:09] [Netty Epoll IO #2/INFO]: Grim » tysooon failed PacketOrderO* (x653) type=USE_ITEM
[15:06:09] [Netty Epoll IO #2/INFO]: Grim » tysooon failed Post (x149) player block placement v1.21.11
[15:06:09] [Netty Epoll IO #2/INFO]: Grim » tysooon failed Simulation (x163) .085129 /gl 34
[15:06:09] [Netty Epoll IO #2/INFO]: Grim » tysooon failed BadPacketsJ (x334) 
[15:06:09] [Netty Epoll IO #2/INFO]: Grim » tysooon failed Timer (x135) 
[15:06:09] [Netty Epoll IO #2/INFO]: Grim » tysooon failed TickTimer (x315) type=flying, packets=1
[15:06:09] [Netty Epoll IO #2/INFO]: Grim » tysooon failed BadPacketsZ* (x35) 
[15:06:09] [Netty Epoll IO #2/INFO]: Grim » tysooon failed PacketOrderO* (x654) type=PLAYER_INPUT
[15:06:09] [Netty Epoll IO #2/INFO]: Grim » tysooon failed TickTimer (x316) type=end, packets=2
[15:06:09] [Netty Epoll IO #2/INFO]: Grim » tysooon failed Simulation (x164) .089663 /gl 35
[15:06:09] [Netty Epoll IO #2/INFO]: Grim » tysooon failed PositionPlace (x39) 
[15:06:09] [Netty Epoll IO #2/INFO]: Grim » tysooon failed PacketOrderO* (x655) type=PLAYER_BLOCK_PLACEMENT
[15:06:09] [Netty Epoll IO #2/INFO]: Grim » tysooon failed PacketOrderO* (x656) type=USE_ITEM
[15:06:09] [Netty Epoll IO #2/INFO]: Grim » tysooon failed Post (x150) player block placement v1.21.11
[15:06:09] [Netty Epoll IO #2/INFO]: Grim » tysooon failed Simulation (x165) .092360 /gl 36
[15:06:09] [Netty Epoll IO #2/INFO]: Grim » tysooon failed BadPacketsJ (x335) 
[15:06:09] [Netty Epoll IO #2/INFO]: Grim » tysooon failed Timer (x136) 
[15:06:09] [Netty Epoll IO #2/INFO]: Grim » tysooon failed TickTimer (x317) type=flying, packets=1
[15:06:09] [Netty Epoll IO #2/INFO]: Grim » tysooon failed PacketOrderO* (x657) type=PLAYER_INPUT
[15:06:09] [Netty Epoll IO #2/INFO]: Grim » tysooon failed TickTimer (x318) type=end, packets=2
[15:06:10] [Netty Epoll IO #2/INFO]: Grim » tysooon failed Simulation (x166) .093418 /gl 37
[15:06:10] [Netty Epoll IO #2/INFO]: Grim » tysooon failed Simulation (x167) .093227 /gl 38
[15:06:10] [Netty Epoll IO #2/INFO]: Grim » tysooon failed PositionPlace (x40) 
[15:06:10] [Netty Epoll IO #2/INFO]: Grim » tysooon failed PacketOrderO* (x658) type=PLAYER_BLOCK_PLACEMENT
[15:06:10] [Netty Epoll IO #2/INFO]: Grim » tysooon failed PacketOrderO* (x658) type=USE_ITEM
[15:06:10] [Netty Epoll IO #2/INFO]: Grim » tysooon failed Post (x151) player block placement v1.21.11
[15:06:10] [Netty Epoll IO #2/INFO]: Grim » tysooon failed BadPacketsJ (x336) 
[15:06:10] [Netty Epoll IO #2/INFO]: Grim » tysooon failed Timer (x136) 
[15:06:10] [Netty Epoll IO #2/INFO]: Grim » tysooon failed TickTimer (x319) type=flying, packets=1
[15:06:10] [Netty Epoll IO #2/INFO]: Grim » tysooon failed BadPacketsZ* (x36) 
[15:06:10] [Netty Epoll IO #2/INFO]: Grim » tysooon failed PacketOrderO* (x659) type=PLAYER_INPUT
[15:06:10] [Netty Epoll IO #2/INFO]: Grim » tysooon failed TickTimer (x320) type=end, packets=2
[15:06:10] [Netty Epoll IO #2/INFO]: Grim » tysooon failed PositionPlace (x41) 
[15:06:10] [Netty Epoll IO #2/INFO]: Grim » tysooon failed PacketOrderO* (x660) type=PLAYER_BLOCK_PLACEMENT
[15:06:10] [Netty Epoll IO #2/INFO]: Grim » tysooon failed PacketOrderO* (x661) type=USE_ITEM
[15:06:10] [Netty Epoll IO #2/INFO]: Grim » tysooon failed AimDuplicateLook (x238) 
[15:06:10] [Netty Epoll IO #2/INFO]: Grim » tysooon failed BadPacketsJ (x337) 
[15:06:10] [Netty Epoll IO #2/INFO]: Grim » tysooon failed Timer (x137) 
[15:06:10] [Netty Epoll IO #2/INFO]: Grim » tysooon failed TickTimer (x321) type=flying, packets=1
[15:06:10] [Netty Epoll IO #2/INFO]: Grim » tysooon failed PacketOrderO* (x662) type=PLAYER_INPUT
[15:06:10] [Netty Epoll IO #2/INFO]: Grim » tysooon failed TickTimer (x322) type=end, packets=2
[15:06:10] [Netty Epoll IO #2/INFO]: Grim » tysooon failed PositionPlace (x42) 
[15:06:10] [Netty Epoll IO #2/INFO]: Grim » tysooon failed PacketOrderO* (x663) type=PLAYER_BLOCK_PLACEMENT
[15:06:10] [Netty Epoll IO #2/INFO]: Grim » tysooon failed PacketOrderO* (x664) type=USE_ITEM
[15:06:10] [Netty Epoll IO #2/INFO]: Grim » tysooon failed AimDuplicateLook (x239) 
[15:06:10] [Netty Epoll IO #2/INFO]: Grim » tysooon failed Post (x152) player block placement v1.21.11
[15:06:10] [Netty Epoll IO #2/INFO]: Grim » tysooon failed Post (x153) player block placement v1.21.11
[15:06:10] [Netty Epoll IO #2/INFO]: Grim » tysooon failed BadPacketsJ (x338) 
[15:06:10] [Netty Epoll IO #2/INFO]: Grim » tysooon failed Simulation (x168) .064603 /gl 39
[15:06:10] [Netty Epoll IO #2/INFO]: Grim » tysooon failed MultiActionsC (x4) sprinting=false, sneaking=false, input=true
[15:06:10] [Netty Epoll IO #2/INFO]: Grim » tysooon failed PacketOrderO* (x665) type=CLICK_WINDOW
[15:06:10] [Netty Epoll IO #2/INFO]: Grim » tysooon failed Timer (x138) 
[15:06:10] [Netty Epoll IO #2/INFO]: Grim » tysooon failed TickTimer (x323) type=flying, packets=1
[15:06:10] [Netty Epoll IO #2/INFO]: Grim » tysooon failed PacketOrderO* (x666) type=PLAYER_INPUT
[15:06:10] [Netty Epoll IO #2/INFO]: Grim » tysooon failed TickTimer (x324) type=end, packets=2
[15:06:10] [Netty Epoll IO #2/INFO]: Grim » tysooon failed Simulation (x169) .060410 /gl 40
[15:06:10] [Netty Epoll IO #2/INFO]: Grim » tysooon failed RotationPlace (x322) pre-flying
[15:06:10] [Netty Epoll IO #2/INFO]: Grim » tysooon failed PacketOrderO* (x667) type=PLAYER_BLOCK_PLACEMENT
[15:06:10] [Netty Epoll IO #2/INFO]: Grim » tysooon failed PacketOrderO* (x668) type=USE_ITEM
[15:06:10] [Netty Epoll IO #2/INFO]: Grim » tysooon failed Post (x154) player block placement v1.21.11
[15:06:10] [Netty Epoll IO #2/INFO]: Grim » tysooon failed Simulation (x170) .057267 /gl 41
[15:06:10] [Netty Epoll IO #2/INFO]: Grim » tysooon failed BadPacketsJ (x339) 
[15:06:10] [Netty Epoll IO #2/INFO]: Grim » tysooon failed Timer (x139) 
[15:06:10] [Netty Epoll IO #2/INFO]: Grim » tysooon failed TickTimer (x325) type=flying, packets=1
[15:06:10] [Netty Epoll IO #2/INFO]: Grim » tysooon failed BadPacketsZ* (x36) 
[15:06:10] [Netty Epoll IO #2/INFO]: Grim » tysooon failed PacketOrderO* (x669) type=PLAYER_INPUT
[15:06:10] [Netty Epoll IO #2/INFO]: Grim » tysooon failed TickTimer (x326) type=end, packets=2
[15:06:10] [Netty Epoll IO #2/INFO]: Grim » tysooon failed Simulation (x171) .054164 /gl 42
[15:06:10] [Netty Epoll IO #2/INFO]: Grim » tysooon failed PositionPlace (x43) 
[15:06:10] [Netty Epoll IO #2/INFO]: Grim » tysooon failed PacketOrderO* (x670) type=PLAYER_BLOCK_PLACEMENT
[15:06:10] [Netty Epoll IO #2/INFO]: Grim » tysooon failed PacketOrderO* (x671) type=USE_ITEM
[15:06:10] [Netty Epoll IO #2/INFO]: Grim » tysooon failed Post (x155) player block placement v1.21.11
[15:06:10] [Netty Epoll IO #2/INFO]: Grim » tysooon failed Simulation (x172) .054164 /gl 43
[15:06:10] [Netty Epoll IO #2/INFO]: Grim » tysooon failed BadPacketsJ (x340) 
[15:06:10] [Netty Epoll IO #2/INFO]: Grim » tysooon failed PacketOrderO* (x672) type=PLAYER_INPUT
[15:06:10] [Netty Epoll IO #2/INFO]: Grim » tysooon failed Simulation (x173) .060529 /gl 44
[15:06:10] [Netty Epoll IO #2/INFO]: Grim » tysooon failed Simulation (x174) .072551 /gl 45
[15:06:10] [Netty Epoll IO #2/INFO]: Grim » tysooon failed PositionPlace (x44) 
[15:06:10] [Netty Epoll IO #2/INFO]: Grim » tysooon failed PacketOrderO* (x673) type=PLAYER_BLOCK_PLACEMENT
[15:06:10] [Netty Epoll IO #2/INFO]: Grim » tysooon failed PacketOrderO* (x674) type=USE_ITEM
[15:06:10] [Netty Epoll IO #2/INFO]: Grim » tysooon failed Post (x156) player block placement v1.21.11
[15:06:10] [Netty Epoll IO #2/INFO]: Grim » tysooon failed Simulation (x175) .075552 /gl 46
[15:06:10] [Netty Epoll IO #2/INFO]: Grim » tysooon failed BadPacketsJ (x341) 
[15:06:10] [Netty Epoll IO #2/INFO]: Grim » tysooon failed MultiActionsC (x5) sprinting=false, sneaking=false, input=true
[15:06:10] [Netty Epoll IO #2/INFO]: Grim » tysooon failed PacketOrderO* (x675) type=CLICK_WINDOW
[15:06:10] [Netty Epoll IO #2/INFO]: Grim » tysooon failed Timer (x139) 
[15:06:10] [Netty Epoll IO #2/INFO]: Grim » tysooon failed TickTimer (x327) type=flying, packets=1
[15:06:10] [Netty Epoll IO #2/INFO]: Grim » tysooon failed PacketOrderO* (x676) type=PLAYER_INPUT
[15:06:10] [Netty Epoll IO #2/INFO]: Grim » tysooon failed TickTimer (x328) type=end, packets=2
[15:06:10] [Netty Epoll IO #2/INFO]: Grim » tysooon failed Simulation (x176) .075224 /gl 47
[15:06:10] [Netty Epoll IO #2/INFO]: Grim » tysooon failed RotationPlace (x323) pre-flying
[15:06:10] [Netty Epoll IO #2/INFO]: Grim » tysooon failed PacketOrderO* (x677) type=PLAYER_BLOCK_PLACEMENT
[15:06:10] [Netty Epoll IO #2/INFO]: Grim » tysooon failed PacketOrderO* (x678) type=USE_ITEM
[15:06:10] [Netty Epoll IO #2/INFO]: Grim » tysooon failed Post (x157) player block placement v1.21.11
[15:06:10] [Netty Epoll IO #2/INFO]: Grim » tysooon failed Simulation (x177) .074886 /gl 48
[15:06:10] [Netty Epoll IO #2/INFO]: Grim » tysooon failed BadPacketsJ (x342) 
[15:06:10] [Netty Epoll IO #2/INFO]: Grim » tysooon failed Timer (x139) 
[15:06:10] [Netty Epoll IO #2/INFO]: Grim » tysooon failed TickTimer (x329) type=flying, packets=1
[15:06:10] [Netty Epoll IO #2/INFO]: Grim » tysooon failed PacketOrderO* (x679) type=PLAYER_INPUT
[15:06:10] [Netty Epoll IO #2/INFO]: Grim » tysooon failed TickTimer (x330) type=end, packets=2
[15:06:10] [Netty Epoll IO #2/INFO]: Grim » tysooon failed Simulation (x178) .074637 /gl 49
[15:06:10] [Netty Epoll IO #2/INFO]: Grim » tysooon failed PositionPlace (x45) 
[15:06:10] [Netty Epoll IO #2/INFO]: Grim » tysooon failed PacketOrderO* (x680) type=PLAYER_BLOCK_PLACEMENT
[15:06:10] [Netty Epoll IO #2/INFO]: Grim » tysooon failed PacketOrderO* (x681) type=USE_ITEM
[15:06:10] [Netty Epoll IO #2/INFO]: Grim » tysooon failed Post (x158) player block placement v1.21.11
[15:06:10] [Netty Epoll IO #2/INFO]: Grim » tysooon failed Simulation (x179) .075890 /gl 50
[15:06:10] [Netty Epoll IO #2/INFO]: Grim » tysooon failed BadPacketsJ (x343) 
[15:06:10] [Netty Epoll IO #2/INFO]: Grim » tysooon failed Simulation (x180) .078534 /gl 51
[15:06:10] [Netty Epoll IO #2/INFO]: Grim » tysooon failed Timer (x139) 
[15:06:10] [Netty Epoll IO #2/INFO]: Grim » tysooon failed TickTimer (x331) type=flying, packets=1
[15:06:10] [Netty Epoll IO #2/INFO]: Grim » tysooon failed PacketOrderO* (x682) type=PLAYER_INPUT
[15:06:10] [Netty Epoll IO #2/INFO]: Grim » tysooon failed TickTimer (x332) type=end, packets=2
[15:06:11] [Netty Epoll IO #2/INFO]: Grim » tysooon failed Simulation (x181) .085446 /gl 52
[15:06:11] [Netty Epoll IO #2/INFO]: Grim » tysooon failed PositionPlace (x46) 
[15:06:11] [Netty Epoll IO #2/INFO]: Grim » tysooon failed PacketOrderO* (x683) type=PLAYER_BLOCK_PLACEMENT
[15:06:11] [Netty Epoll IO #2/INFO]: Grim » tysooon failed PacketOrderO* (x684) type=USE_ITEM
[15:06:11] [Netty Epoll IO #2/INFO]: Grim » tysooon failed Post (x159) player block placement v1.21.11
[15:06:11] [Netty Epoll IO #2/INFO]: Grim » tysooon failed Simulation (x182) .089486 /gl 53
[15:06:11] [Netty Epoll IO #2/INFO]: Grim » tysooon failed BadPacketsJ (x344) 
[15:06:11] [Netty Epoll IO #2/INFO]: Grim » tysooon failed MultiActionsC (x6) sprinting=false, sneaking=false, input=true
[15:06:11] [Netty Epoll IO #2/INFO]: Grim » tysooon failed PacketOrderO* (x685) type=CLICK_WINDOW
[15:06:11] [Netty Epoll IO #2/INFO]: Grim » tysooon failed Timer (x140) 
[15:06:11] [Netty Epoll IO #2/INFO]: Grim » tysooon failed TickTimer (x333) type=flying, packets=1
[15:06:11] [Netty Epoll IO #2/INFO]: Grim » tysooon failed PacketOrderO* (x686) type=PLAYER_INPUT
[15:06:11] [Netty Epoll IO #2/INFO]: Grim » tysooon failed TickTimer (x334) type=end, packets=2
[15:06:11] [Netty Epoll IO #2/INFO]: Grim » tysooon failed Simulation (x183) .093181 /gl 54
[15:06:11] [Netty Epoll IO #2/INFO]: Grim » tysooon failed RotationPlace (x324) pre-flying
[15:06:11] [Netty Epoll IO #2/INFO]: Grim » tysooon failed PacketOrderO* (x687) type=PLAYER_BLOCK_PLACEMENT
[15:06:11] [Netty Epoll IO #2/INFO]: Grim » tysooon failed PacketOrderO* (x688) type=USE_ITEM
[15:06:11] [Netty Epoll IO #2/INFO]: Grim » tysooon failed Post (x160) player block placement v1.21.11
[15:06:11] [Netty Epoll IO #2/INFO]: Grim » tysooon failed Simulation (x184) .095368 /gl 55
[15:06:11] [Netty Epoll IO #2/INFO]: Grim » tysooon failed BadPacketsJ (x345) 
[15:06:11] [Netty Epoll IO #2/INFO]: Grim » tysooon failed Timer (x140) 
[15:06:11] [Netty Epoll IO #2/INFO]: Grim » tysooon failed TickTimer (x335) type=flying, packets=1
[15:06:11] [Netty Epoll IO #2/INFO]: Grim » tysooon failed PacketOrderO* (x689) type=PLAYER_INPUT
[15:06:11] [Netty Epoll IO #2/INFO]: Grim » tysooon failed TickTimer (x336) type=end, packets=2
[15:06:11] [Netty Epoll IO #2/INFO]: Grim » tysooon failed Simulation (x185) .094845 /gl 56
[15:06:11] [Netty Epoll IO #2/INFO]: Grim » tysooon failed Simulation (x186) .093107 /gl 57
[15:06:11] [Netty Epoll IO #2/INFO]: Grim » tysooon failed PositionPlace (x47) 
[15:06:11] [Netty Epoll IO #2/INFO]: Grim » tysooon failed PacketOrderO* (x690) type=PLAYER_BLOCK_PLACEMENT
[15:06:11] [Netty Epoll IO #2/INFO]: Grim » tysooon failed PacketOrderO* (x691) type=USE_ITEM
[15:06:11] [Netty Epoll IO #2/INFO]: Grim » tysooon failed Post (x161) player block placement v1.21.11
[15:06:11] [Netty Epoll IO #2/INFO]: Grim » tysooon failed Simulation (x187) .092959 /gl 58
[15:06:11] [Netty Epoll IO #2/INFO]: Grim » tysooon failed BadPacketsJ (x346) 
[15:06:11] [Netty Epoll IO #2/INFO]: Grim » tysooon failed MultiActionsC (x7) sprinting=false, sneaking=false, input=true
[15:06:11] [Netty Epoll IO #2/INFO]: Grim » tysooon failed PacketOrderO* (x692) type=CLICK_WINDOW
[15:06:11] [Netty Epoll IO #2/INFO]: Grim » tysooon failed Timer (x141) 
[15:06:11] [Netty Epoll IO #2/INFO]: Grim » tysooon failed TickTimer (x337) type=flying, packets=1
[15:06:11] [Netty Epoll IO #2/INFO]: Grim » tysooon failed PacketOrderO* (x693) type=PLAYER_INPUT
[15:06:11] [Netty Epoll IO #2/INFO]: Grim » tysooon failed TickTimer (x338) type=end, packets=2
[15:06:11] [Netty Epoll IO #2/INFO]: Grim » tysooon failed RotationPlace (x325) pre-flying
[15:06:11] [Netty Epoll IO #2/INFO]: Grim » tysooon failed PacketOrderO* (x694) type=PLAYER_BLOCK_PLACEMENT
[15:06:11] [Netty Epoll IO #2/INFO]: Grim » tysooon failed PacketOrderO* (x694) type=USE_ITEM
[15:06:11] [Netty Epoll IO #2/INFO]: Grim » tysooon failed AimDuplicateLook (x240) 
[15:06:11] [Netty Epoll IO #2/INFO]: Grim » tysooon failed BadPacketsJ (x347) 
[15:06:11] [Netty Epoll IO #2/INFO]: Grim » tysooon failed Timer (x142) 
[15:06:11] [Netty Epoll IO #2/INFO]: Grim » tysooon failed TickTimer (x339) type=flying, packets=1
[15:06:11] [Netty Epoll IO #2/INFO]: Grim » tysooon failed PacketOrderO* (x695) type=PLAYER_INPUT
[15:06:11] [Netty Epoll IO #2/INFO]: Grim » tysooon failed TickTimer (x340) type=end, packets=2
[15:06:11] [Netty Epoll IO #2/INFO]: Grim » tysooon failed PositionPlace (x48) 
[15:06:11] [Netty Epoll IO #2/INFO]: Grim » tysooon failed BadPacketsJ (x348) 
[15:06:11] [Netty Epoll IO #2/INFO]: Grim » tysooon failed AimDuplicateLook (x241) 
[15:06:11] [Netty Epoll IO #2/INFO]: Grim » tysooon failed Timer (x143) 
[15:06:11] [Netty Epoll IO #2/INFO]: Grim » tysooon failed TickTimer (x341) type=flying, packets=1
[15:06:11] [Netty Epoll IO #2/INFO]: Grim » tysooon failed PacketOrderO* (x696) type=PLAYER_INPUT
[15:06:11] [Netty Epoll IO #2/INFO]: Grim » tysooon failed TickTimer (x342) type=end, packets=2
[15:06:11] [Netty Epoll IO #2/INFO]: Grim » tysooon failed PositionPlace (x49) 
[15:06:11] [Netty Epoll IO #2/INFO]: Grim » tysooon failed PacketOrderO* (x697) type=PLAYER_BLOCK_PLACEMENT
[15:06:11] [Netty Epoll IO #2/INFO]: Grim » tysooon failed PacketOrderO* (x698) type=USE_ITEM
[15:06:11] [Netty Epoll IO #2/INFO]: Grim » tysooon failed AimDuplicateLook (x242) 
[15:06:11] [Netty Epoll IO #2/INFO]: Grim » tysooon failed BadPacketsJ (x349) 
[15:06:11] [Netty Epoll IO #2/INFO]: Grim » tysooon failed Timer (x144) 
[15:06:11] [Netty Epoll IO #2/INFO]: Grim » tysooon failed TickTimer (x343) type=flying, packets=1
[15:06:11] [Netty Epoll IO #2/INFO]: Grim » tysooon failed PacketOrderO* (x699) type=PLAYER_INPUT
[15:06:11] [Netty Epoll IO #2/INFO]: Grim » tysooon failed TickTimer (x344) type=end, packets=2
[15:06:11] [Netty Epoll IO #2/INFO]: Grim » tysooon failed PositionPlace (x50) 
[15:06:11] [Netty Epoll IO #2/INFO]: Grim » tysooon failed PacketOrderO* (x700) type=PLAYER_BLOCK_PLACEMENT
[15:06:11] [Netty Epoll IO #2/INFO]: Grim » tysooon failed PacketOrderO* (x701) type=USE_ITEM
[15:06:11] [Netty Epoll IO #2/INFO]: Grim » tysooon failed AimDuplicateLook (x243) 
[15:06:11] [Netty Epoll IO #2/INFO]: Grim » tysooon failed BadPacketsJ (x350) 
[15:06:11] [Netty Epoll IO #2/INFO]: Grim » tysooon failed Timer (x145) 
[15:06:11] [Netty Epoll IO #2/INFO]: Grim » tysooon failed TickTimer (x345) type=flying, packets=1
[15:06:11] [Netty Epoll IO #2/INFO]: Grim » tysooon failed PacketOrderO* (x702) type=PLAYER_INPUT
[15:06:11] [Netty Epoll IO #2/INFO]: Grim » tysooon failed TickTimer (x346) type=end, packets=2
[15:06:11] [Netty Epoll IO #2/INFO]: Grim » tysooon failed AimDuplicateLook (x244) 
[15:06:11] [Netty Epoll IO #2/INFO]: Grim » tysooon failed PositionPlace (x51) 
[15:06:11] [Netty Epoll IO #2/INFO]: Grim » tysooon failed PacketOrderO* (x703) type=PLAYER_BLOCK_PLACEMENT
[15:06:11] [Netty Epoll IO #2/INFO]: Grim » tysooon failed PacketOrderO* (x703) type=USE_ITEM
[15:06:11] [Netty Epoll IO #2/INFO]: Grim » tysooon failed AimDuplicateLook (x245) 
[15:06:11] [Netty Epoll IO #2/INFO]: Grim » tysooon failed BadPacketsJ (x351) 
[15:06:11] [Netty Epoll IO #2/INFO]: Grim » tysooon failed Timer (x145) 
[15:06:11] [Netty Epoll IO #2/INFO]: Grim » tysooon failed TickTimer (x347) type=flying, packets=1
[15:06:11] [Netty Epoll IO #2/INFO]: Grim » tysooon failed PacketOrderO* (x704) type=PLAYER_INPUT
[15:06:11] [Netty Epoll IO #2/INFO]: Grim » tysooon failed TickTimer (x348) type=end, packets=2
[15:06:11] [Netty Epoll IO #2/INFO]: Grim » tysooon failed PositionPlace (x52) 
[15:06:11] [Netty Epoll IO #2/INFO]: Grim » tysooon failed PacketOrderO* (x705) type=PLAYER_BLOCK_PLACEMENT
[15:06:11] [Netty Epoll IO #2/INFO]: Grim » tysooon failed PacketOrderO* (x706) type=USE_ITEM
[15:06:12] [Netty Epoll IO #2/INFO]: Grim » tysooon failed AimDuplicateLook (x246) 
[15:06:12] [Netty Epoll IO #2/INFO]: Grim » tysooon failed BadPacketsJ (x352) 
[15:06:12] [Netty Epoll IO #2/INFO]: Grim » tysooon failed Timer (x146) 
[15:06:12] [Netty Epoll IO #2/INFO]: Grim » tysooon failed TickTimer (x349) type=flying, packets=1
[15:06:12] [Netty Epoll IO #2/INFO]: Grim » tysooon failed PacketOrderO* (x707) type=PLAYER_INPUT
[15:06:12] [Netty Epoll IO #2/INFO]: Grim » tysooon failed TickTimer (x350) type=end, packets=2
[15:06:12] [Netty Epoll IO #2/INFO]: Grim » tysooon failed PositionPlace (x53) 
[15:06:12] [Netty Epoll IO #2/INFO]: Grim » tysooon failed PacketOrderO* (x708) type=PLAYER_BLOCK_PLACEMENT
[15:06:12] [Netty Epoll IO #2/INFO]: Grim » tysooon failed PacketOrderO* (x709) type=USE_ITEM
[15:06:12] [Netty Epoll IO #2/INFO]: Grim » tysooon failed AimDuplicateLook (x247) 
[15:06:12] [Netty Epoll IO #2/INFO]: Grim » tysooon failed BadPacketsJ (x353) 
[15:06:12] [Netty Epoll IO #2/INFO]: Grim » tysooon failed AimDuplicateLook (x248) 
[15:06:12] [Netty Epoll IO #2/INFO]: Grim » tysooon failed Timer (x147) 
[15:06:12] [Netty Epoll IO #2/INFO]: Grim » tysooon failed TickTimer (x351) type=flying, packets=1
[15:06:12] [Netty Epoll IO #2/INFO]: Grim » tysooon failed PacketOrderO* (x710) type=PLAYER_INPUT
[15:06:12] [Netty Epoll IO #2/INFO]: Grim » tysooon failed TickTimer (x352) type=end, packets=2
[15:06:12] [Netty Epoll IO #2/INFO]: Grim » tysooon failed PositionPlace (x54) 
[15:06:12] [Netty Epoll IO #2/INFO]: Grim » tysooon failed PacketOrderO* (x711) type=PLAYER_BLOCK_PLACEMENT
[15:06:12] [Netty Epoll IO #2/INFO]: Grim » tysooon failed PacketOrderO* (x712) type=USE_ITEM
[15:06:12] [Netty Epoll IO #2/INFO]: Grim » tysooon failed AimDuplicateLook (x249) 
[15:06:12] [Netty Epoll IO #2/INFO]: Grim » tysooon failed BadPacketsJ (x354) 
[15:06:12] [Netty Epoll IO #2/INFO]: Grim » tysooon failed Timer (x148) 
[15:06:12] [Netty Epoll IO #2/INFO]: Grim » tysooon failed TickTimer (x353) type=flying, packets=1
[15:06:12] [Netty Epoll IO #2/INFO]: Grim » tysooon failed PacketOrderO* (x713) type=PLAYER_INPUT
[15:06:12] [Netty Epoll IO #2/INFO]: Grim » tysooon failed TickTimer (x354) type=end, packets=2
[15:06:12] [Netty Epoll IO #2/INFO]: Grim » tysooon failed PositionPlace (x55) 
[15:06:12] [Netty Epoll IO #2/INFO]: Grim » tysooon failed BadPacketsJ (x355) 
[15:06:12] [Netty Epoll IO #2/INFO]: Grim » tysooon failed Post (x162) player block placement v1.21.11
[15:06:12] [Netty Epoll IO #2/INFO]: Grim » tysooon failed Post (x163) player block placement v1.21.11
[15:06:12] [Netty Epoll IO #2/INFO]: Grim » tysooon failed Post (x164) player block placement v1.21.11
[15:06:12] [Netty Epoll IO #2/INFO]: Grim » tysooon failed Post (x164) player block placement v1.21.11
[15:06:12] [Netty Epoll IO #2/INFO]: Grim » tysooon failed Post (x165) player block placement v1.21.11
[15:06:12] [Netty Epoll IO #2/INFO]: Grim » tysooon failed Post (x165) player block placement v1.21.11
[15:06:12] [Netty Epoll IO #2/INFO]: Grim » tysooon failed Post (x165) player block placement v1.21.11
[15:06:12] [Netty Epoll IO #2/INFO]: Grim » tysooon failed Timer (x148) 
[15:06:12] [Netty Epoll IO #2/INFO]: Grim » tysooon failed TickTimer (x355) type=flying, packets=1
[15:06:12] [Netty Epoll IO #2/INFO]: Grim » tysooon failed PacketOrderO* (x714) type=PLAYER_INPUT
[15:06:12] [Netty Epoll IO #2/INFO]: Grim » tysooon failed TickTimer (x356) type=end, packets=2
[15:06:12] [Netty Epoll IO #2/INFO]: Grim » tysooon failed AimDuplicateLook (x250) 
[15:06:12] [Netty Epoll IO #2/INFO]: Grim » tysooon failed PositionPlace (x56) 
[15:06:12] [Netty Epoll IO #2/INFO]: Grim » tysooon failed PacketOrderO* (x715) type=PLAYER_BLOCK_PLACEMENT
[15:06:12] [Netty Epoll IO #2/INFO]: Grim » tysooon failed PacketOrderO* (x716) type=USE_ITEM
[15:06:12] [Netty Epoll IO #2/INFO]: Grim » tysooon failed AimDuplicateLook (x251) 
[15:06:12] [Netty Epoll IO #2/INFO]: Grim » tysooon failed BadPacketsJ (x356) 
[15:06:12] [Netty Epoll IO #2/INFO]: Grim » tysooon failed Timer (x149) 
[15:06:12] [Netty Epoll IO #2/INFO]: Grim » tysooon failed TickTimer (x357) type=flying, packets=1
[15:06:12] [Netty Epoll IO #2/INFO]: Grim » tysooon failed PacketOrderO* (x717) type=PLAYER_INPUT
[15:06:12] [Netty Epoll IO #2/INFO]: Grim » tysooon failed TickTimer (x358) type=end, packets=2
[15:06:12] [Netty Epoll IO #2/INFO]: Grim » tysooon failed PositionPlace (x57) 
[15:06:12] [Netty Epoll IO #2/INFO]: Grim » tysooon failed PacketOrderO* (x718) type=PLAYER_BLOCK_PLACEMENT
[15:06:12] [Netty Epoll IO #2/INFO]: Grim » tysooon failed PacketOrderO* (x719) type=USE_ITEM
[15:06:12] [Netty Epoll IO #2/INFO]: Grim » tysooon failed AimDuplicateLook (x252) 
[15:06:12] [Netty Epoll IO #2/INFO]: Grim » tysooon failed BadPacketsJ (x357) 
[15:06:12] [Netty Epoll IO #2/INFO]: Grim » tysooon failed Timer (x150) 
[15:06:12] [Netty Epoll IO #2/INFO]: Grim » tysooon failed TickTimer (x359) type=flying, packets=1
[15:06:12] [Netty Epoll IO #2/INFO]: Grim » tysooon failed PacketOrderO* (x720) type=PLAYER_INPUT
[15:06:12] [Netty Epoll IO #2/INFO]: Grim » tysooon failed TickTimer (x360) type=end, packets=2
[15:06:12] [Netty Epoll IO #2/INFO]: Grim » tysooon failed PositionPlace (x58) 
[15:06:12] [Netty Epoll IO #2/INFO]: Grim » tysooon failed PacketOrderO* (x721) type=PLAYER_BLOCK_PLACEMENT
[15:06:12] [Netty Epoll IO #2/INFO]: Grim » tysooon failed PacketOrderO* (x722) type=USE_ITEM
[15:06:12] [Netty Epoll IO #2/INFO]: Grim » tysooon failed AimDuplicateLook (x253) 
[15:06:12] [Netty Epoll IO #2/INFO]: Grim » tysooon failed BadPacketsJ (x358) 
[15:06:12] [Netty Epoll IO #2/INFO]: Grim » tysooon failed AimDuplicateLook (x254) 
[15:06:12] [Netty Epoll IO #2/INFO]: Grim » tysooon failed Timer (x151) 
[15:06:12] [Netty Epoll IO #2/INFO]: Grim » tysooon failed TickTimer (x361) type=flying, packets=1
[15:06:12] [Netty Epoll IO #2/INFO]: Grim » tysooon failed PacketOrderO* (x723) type=PLAYER_INPUT
[15:06:12] [Netty Epoll IO #2/INFO]: Grim » tysooon failed TickTimer (x362) type=end, packets=2
[15:06:12] [Netty Epoll IO #2/INFO]: Grim » tysooon failed PositionPlace (x59) 
[15:06:12] [Netty Epoll IO #2/INFO]: Grim » tysooon failed PacketOrderO* (x724) type=PLAYER_BLOCK_PLACEMENT
[15:06:12] [Netty Epoll IO #2/INFO]: Grim » tysooon failed PacketOrderO* (x725) type=USE_ITEM
[15:06:12] [Netty Epoll IO #2/INFO]: Grim » tysooon failed AimDuplicateLook (x255) 
[15:06:12] [Netty Epoll IO #2/INFO]: Grim » tysooon failed BadPacketsJ (x359) 
[15:06:12] [Netty Epoll IO #2/INFO]: Grim » tysooon failed Timer (x152) 
[15:06:12] [Netty Epoll IO #2/INFO]: Grim » tysooon failed TickTimer (x363) type=flying, packets=1
[15:06:12] [Netty Epoll IO #2/INFO]: Grim » tysooon failed PacketOrderO* (x726) type=PLAYER_INPUT
[15:06:12] [Netty Epoll IO #2/INFO]: Grim » tysooon failed TickTimer (x364) type=end, packets=2
[15:06:12] [Netty Epoll IO #2/INFO]: Grim » tysooon failed PositionPlace (x60) 
[15:06:12] [Netty Epoll IO #2/INFO]: Grim » tysooon failed BadPacketsJ (x360) 
[15:06:13] [Netty Epoll IO #2/INFO]: Grim » tysooon failed Post (x166) player block placement v1.21.11
[15:06:13] [Netty Epoll IO #2/INFO]: Grim » tysooon failed Post (x167) player block placement v1.21.11
[15:06:13] [Netty Epoll IO #2/INFO]: Grim » tysooon failed Post (x167) player block placement v1.21.11
[15:06:13] [Netty Epoll IO #2/INFO]: Grim » tysooon failed Post (x168) player block placement v1.21.11
[15:06:13] [Netty Epoll IO #2/INFO]: Grim » tysooon failed Timer (x153) 
[15:06:13] [Netty Epoll IO #2/INFO]: Grim » tysooon failed TickTimer (x365) type=flying, packets=1
[15:06:13] [Netty Epoll IO #2/INFO]: Grim » tysooon failed PacketOrderO* (x727) type=PLAYER_INPUT
[15:06:13] [Netty Epoll IO #2/INFO]: Grim » tysooon failed TickTimer (x366) type=end, packets=2
[15:06:13] [Netty Epoll IO #2/INFO]: Grim » tysooon failed PositionPlace (x61) 
[15:06:13] [Netty Epoll IO #2/INFO]: Grim » tysooon failed RotationPlace (x326) pre-flying
[15:06:13] [Netty Epoll IO #2/INFO]: Grim » tysooon failed BadPacketsJ (x361) 
[15:06:14] [Netty Epoll IO #2/INFO]: Grim » tysooon failed AimDuplicateLook (x256) 
[15:06:14] [Netty Epoll IO #2/INFO]: Grim » tysooon failed Timer (x154) 
[15:06:14] [Netty Epoll IO #2/INFO]: Grim » tysooon failed TickTimer (x367) type=flying, packets=1
[15:06:14] [Netty Epoll IO #2/INFO]: Grim » tysooon failed PacketOrderO* (x728) type=PLAYER_INPUT
[15:06:14] [Netty Epoll IO #2/INFO]: Grim » tysooon failed TickTimer (x368) type=end, packets=2
[15:06:14] [Netty Epoll IO #2/INFO]: Grim » tysooon failed PositionPlace (x62) 
[15:06:14] [Netty Epoll IO #2/INFO]: Grim » tysooon failed RotationPlace (x327) pre-flying
[15:06:14] [Netty Epoll IO #2/INFO]: Grim » tysooon failed PacketOrderO* (x729) type=PLAYER_BLOCK_PLACEMENT
[15:06:14] [Netty Epoll IO #2/INFO]: Grim » tysooon failed PacketOrderO* (x730) type=USE_ITEM
[15:06:14] [Netty Epoll IO #2/INFO]: Grim » tysooon failed AimDuplicateLook (x257) 
[15:06:14] [Netty Epoll IO #2/INFO]: Grim » tysooon failed BadPacketsJ (x362) 
[15:06:14] [Netty Epoll IO #2/INFO]: Grim » tysooon failed Timer (x155) 
[15:06:14] [Netty Epoll IO #2/INFO]: Grim » tysooon failed TickTimer (x369) type=flying, packets=1
[15:06:14] [Netty Epoll IO #2/INFO]: Grim » tysooon failed PacketOrderO* (x731) type=PLAYER_INPUT
[15:06:14] [Netty Epoll IO #2/INFO]: Grim » tysooon failed TickTimer (x370) type=end, packets=2
[15:06:14] [Netty Epoll IO #2/INFO]: Grim » tysooon failed PositionPlace (x63) 
[15:06:14] [Netty Epoll IO #2/INFO]: Grim » tysooon failed RotationPlace (x328) pre-flying
[15:06:14] [Netty Epoll IO #2/INFO]: Grim » tysooon failed PacketOrderO* (x732) type=PLAYER_BLOCK_PLACEMENT
[15:06:14] [Netty Epoll IO #2/INFO]: Grim » tysooon failed PacketOrderO* (x733) type=USE_ITEM
[15:06:14] [Netty Epoll IO #2/INFO]: Grim » tysooon failed BadPacketsJ (x363) 
[15:06:14] [Netty Epoll IO #2/INFO]: Grim » tysooon failed BadPacketsJ (x364) 
[15:06:14] [Netty Epoll IO #2/INFO]: Grim » tysooon failed AimDuplicateLook (x258) 
[15:06:14] [Netty Epoll IO #2/INFO]: Grim » tysooon failed Post (x169) player block placement v1.21.11
[15:06:14] [Netty Epoll IO #2/INFO]: Grim » tysooon failed Post (x169) player block placement v1.21.11
[15:06:14] [Netty Epoll IO #2/INFO]: Grim » tysooon failed PacketOrderO* (x734) type=PLAYER_INPUT
[15:06:14] [Netty Epoll IO #2/INFO]: Grim » tysooon failed PositionPlace (x64) 
[15:06:14] [Netty Epoll IO #2/INFO]: Grim » tysooon failed RotationPlace (x329) pre-flying
[15:06:14] [Netty Epoll IO #2/INFO]: Grim » tysooon failed BadPacketsJ (x365) 
[15:06:14] [Netty Epoll IO #2/INFO]: Grim » tysooon failed AimDuplicateLook (x259) 
[15:06:14] [Netty Epoll IO #2/INFO]: Grim » tysooon failed BadPacketsV* (x164) delta=0.0
[15:06:14] [Netty Epoll IO #2/INFO]: Grim » tysooon failed PacketOrderO* (x735) type=PLAYER_INPUT
[15:06:14] [Netty Epoll IO #2/INFO]: Grim » tysooon failed PositionPlace (x65) 
[15:06:14] [Netty Epoll IO #2/INFO]: Grim » tysooon failed RotationPlace (x330) pre-flying
[15:06:14] [Netty Epoll IO #2/INFO]: Grim » tysooon failed PacketOrderN* (x1) 
[15:06:14] [Netty Epoll IO #2/INFO]: Grim » tysooon failed BadPacketsJ (x366) 
[15:06:14] [Netty Epoll IO #2/INFO]: Grim » tysooon failed BadPacketsJ (x367) 
[15:06:14] [Netty Epoll IO #2/INFO]: Grim » tysooon failed AimDuplicateLook (x260) 
[15:06:14] [Netty Epoll IO #2/INFO]: Grim » tysooon failed BadPacketsV* (x165) delta=0.0
[15:06:14] [Netty Epoll IO #2/INFO]: Grim » tysooon failed PacketOrderO* (x736) type=PLAYER_INPUT
[15:06:14] [Netty Epoll IO #2/INFO]: Grim » tysooon failed AimDuplicateLook (x261) 
[15:06:14] [Netty Epoll IO #2/INFO]: Grim » tysooon failed PositionPlace (x66) 
[15:06:14] [Netty Epoll IO #2/INFO]: Grim » tysooon failed RotationPlace (x331) pre-flying
[15:06:14] [Netty Epoll IO #2/INFO]: Grim » tysooon failed PacketOrderO* (x737) type=PLAYER_BLOCK_PLACEMENT
[15:06:14] [Netty Epoll IO #2/INFO]: Grim » tysooon failed PacketOrderO* (x738) type=USE_ITEM
[15:06:14] [Netty Epoll IO #2/INFO]: Grim » tysooon failed AimDuplicateLook (x262) 
[15:06:14] [Netty Epoll IO #2/INFO]: Grim » tysooon failed BadPacketsJ (x368) 
[15:06:14] [Netty Epoll IO #2/INFO]: Grim » tysooon failed BadPacketsJ (x369) 
[15:06:14] [Netty Epoll IO #2/INFO]: Grim » tysooon failed Timer (x155) 
[15:06:14] [Netty Epoll IO #2/INFO]: Grim » tysooon failed TickTimer (x371) type=flying, packets=1
[15:06:14] [Netty Epoll IO #2/INFO]: Grim » tysooon failed PacketOrderO* (x739) type=PLAYER_INPUT
[15:06:14] [Netty Epoll IO #2/INFO]: Grim » tysooon failed TickTimer (x372) type=end, packets=2
[15:06:14] [Netty Epoll IO #2/INFO]: Grim » tysooon failed PositionPlace (x66) 
[15:06:14] [Netty Epoll IO #2/INFO]: Grim » tysooon failed RotationPlace (x332) pre-flying
[15:06:14] [Netty Epoll IO #2/INFO]: Grim » tysooon failed PacketOrderO* (x740) type=PLAYER_BLOCK_PLACEMENT
[15:06:14] [Netty Epoll IO #2/INFO]: Grim » tysooon failed PacketOrderO* (x741) type=USE_ITEM
[15:06:14] [Netty Epoll IO #2/INFO]: Grim » tysooon failed AimDuplicateLook (x263) 
[15:06:14] [Netty Epoll IO #2/INFO]: Grim » tysooon failed BadPacketsJ (x370) 
[15:06:14] [Netty Epoll IO #2/INFO]: Grim » tysooon failed Timer (x156) 
[15:06:14] [Netty Epoll IO #2/INFO]: Grim » tysooon failed TickTimer (x373) type=flying, packets=1
[15:06:14] [Netty Epoll IO #2/INFO]: Grim » tysooon failed PacketOrderO* (x742) type=PLAYER_INPUT
[15:06:14] [Netty Epoll IO #2/INFO]: Grim » tysooon failed TickTimer (x374) type=end, packets=2
[15:06:14] [Netty Epoll IO #2/INFO]: Grim » tysooon failed PositionPlace (x67) 
[15:06:14] [Netty Epoll IO #2/INFO]: Grim » tysooon failed RotationPlace (x333) pre-flying
[15:06:14] [Netty Epoll IO #2/INFO]: Grim » tysooon failed PacketOrderO* (x743) type=PLAYER_BLOCK_PLACEMENT
[15:06:14] [Netty Epoll IO #2/INFO]: Grim » tysooon failed PacketOrderO* (x744) type=USE_ITEM
[15:06:14] [Netty Epoll IO #2/INFO]: Grim » tysooon failed AimDuplicateLook (x264) 
[15:06:14] [Netty Epoll IO #2/INFO]: Grim » tysooon failed Post (x170) player block placement v1.21.11
[15:06:14] [Netty Epoll IO #2/INFO]: Grim » tysooon failed Post (x171) player block placement v1.21.11
[15:06:14] [Netty Epoll IO #2/INFO]: Grim » tysooon failed Post (x172) player block placement v1.21.11
[15:06:14] [Netty Epoll IO #2/INFO]: Grim » tysooon failed BadPacketsJ (x371) 
[15:06:14] [Netty Epoll IO #2/INFO]: Grim » tysooon failed AimDuplicateLook (x265) 
[15:06:14] [Netty Epoll IO #2/INFO]: Grim » tysooon failed BadPacketsV* (x166) delta=0.0
[15:06:14] [Netty Epoll IO #2/INFO]: Grim » tysooon failed PacketOrderO* (x745) type=PLAYER_INPUT
[15:06:14] [Netty Epoll IO #2/INFO]: Grim » tysooon failed AimDuplicateLook (x266) 
[15:06:14] [Netty Epoll IO #2/INFO]: Grim » tysooon failed PositionPlace (x68) 
[15:06:14] [Netty Epoll IO #2/INFO]: Grim » tysooon failed RotationPlace (x334) pre-flying
[15:06:14] [Netty Epoll IO #2/INFO]: Grim » tysooon failed PacketOrderO* (x746) type=PLAYER_BLOCK_PLACEMENT
[15:06:14] [Netty Epoll IO #2/INFO]: Grim » tysooon failed PacketOrderO* (x747) type=USE_ITEM
[15:06:14] [Netty Epoll IO #2/INFO]: Grim » tysooon failed AimDuplicateLook (x267) 
[15:06:14] [Netty Epoll IO #2/INFO]: Grim » tysooon failed BadPacketsJ (x372) 
[15:06:14] [Netty Epoll IO #2/INFO]: Grim » tysooon failed Timer (x157) 
[15:06:14] [Netty Epoll IO #2/INFO]: Grim » tysooon failed TickTimer (x375) type=flying, packets=1
[15:06:14] [Netty Epoll IO #2/INFO]: Grim » tysooon failed PacketOrderO* (x748) type=PLAYER_INPUT
[15:06:14] [Netty Epoll IO #2/INFO]: Grim » tysooon failed TickTimer (x376) type=end, packets=2
[15:06:15] [Netty Epoll IO #2/INFO]: Grim » tysooon failed PositionPlace (x69) 
[15:06:15] [Netty Epoll IO #2/INFO]: Grim » tysooon failed RotationPlace (x335) pre-flying
[15:06:15] [Netty Epoll IO #2/INFO]: Grim » tysooon failed PacketOrderO* (x749) type=PLAYER_BLOCK_PLACEMENT
[15:06:15] [Netty Epoll IO #2/INFO]: Grim » tysooon failed PacketOrderO* (x750) type=USE_ITEM
[15:06:15] [Netty Epoll IO #2/INFO]: Grim » tysooon failed AimDuplicateLook (x268) 
[15:06:15] [Netty Epoll IO #2/INFO]: Grim » tysooon failed BadPacketsJ (x373) 
[15:06:15] [Netty Epoll IO #2/INFO]: Grim » tysooon failed Timer (x158) 
[15:06:15] [Netty Epoll IO #2/INFO]: Grim » tysooon failed TickTimer (x377) type=flying, packets=1
[15:06:15] [Netty Epoll IO #2/INFO]: Grim » tysooon failed PacketOrderO* (x751) type=PLAYER_INPUT
[15:06:15] [Netty Epoll IO #2/INFO]: Grim » tysooon failed TickTimer (x378) type=end, packets=2
[15:06:15] [Netty Epoll IO #2/INFO]: Grim » tysooon failed AimDuplicateLook (x269) 
[15:06:15] [Netty Epoll IO #2/INFO]: Grim » tysooon failed PositionPlace (x70) 
[15:06:15] [Netty Epoll IO #2/INFO]: Grim » tysooon failed RotationPlace (x336) pre-flying
[15:06:15] [Netty Epoll IO #2/INFO]: Grim » tysooon failed PacketOrderO* (x752) type=PLAYER_BLOCK_PLACEMENT
[15:06:15] [Netty Epoll IO #2/INFO]: Grim » tysooon failed PacketOrderO* (x753) type=USE_ITEM
[15:06:15] [Netty Epoll IO #2/INFO]: Grim » tysooon failed AimDuplicateLook (x270) 
[15:06:15] [Netty Epoll IO #2/INFO]: Grim » tysooon failed BadPacketsJ (x374) 
[15:06:15] [Netty Epoll IO #2/INFO]: Grim » tysooon failed Timer (x159) 
[15:06:15] [Netty Epoll IO #2/INFO]: Grim » tysooon failed TickTimer (x379) type=flying, packets=1
[15:06:15] [Netty Epoll IO #2/INFO]: Grim » tysooon failed PacketOrderO* (x754) type=PLAYER_INPUT
[15:06:15] [Netty Epoll IO #2/INFO]: Grim » tysooon failed TickTimer (x380) type=end, packets=2
[15:06:15] [Netty Epoll IO #2/INFO]: Grim » tysooon failed PositionPlace (x71) 
[15:06:15] [Netty Epoll IO #2/INFO]: Grim » tysooon failed RotationPlace (x337) pre-flying
[15:06:15] [Netty Epoll IO #2/INFO]: Grim » tysooon failed BadPacketsJ (x375) 
[15:06:15] [Netty Epoll IO #2/INFO]: Grim » tysooon failed Post (x173) player block placement v1.21.11
[15:06:15] [Netty Epoll IO #2/INFO]: Grim » tysooon failed Post (x174) player block placement v1.21.11
[15:06:16] [Netty Epoll IO #2/INFO]: Grim » tysooon failed PacketOrderO* (x755) type=CLICK_WINDOW
[15:06:16] [Netty Epoll IO #2/INFO]: Grim » tysooon failed Timer (x160) 
[15:06:16] [Netty Epoll IO #2/INFO]: Grim » tysooon failed TickTimer (x381) type=flying, packets=1
[15:06:16] [Netty Epoll IO #2/INFO]: Grim » tysooon failed PacketOrderO* (x756) type=PLAYER_INPUT
[15:06:16] [Netty Epoll IO #2/INFO]: Grim » tysooon failed TickTimer (x382) type=end, packets=2
[15:06:16] [Netty Epoll IO #2/INFO]: Grim » tysooon failed PositionPlace (x72) 
[15:06:16] [Netty Epoll IO #2/INFO]: Grim » tysooon failed RotationPlace (x338) pre-flying
[15:06:16] [Netty Epoll IO #2/INFO]: Grim » tysooon failed PacketOrderO* (x757) type=PLAYER_BLOCK_PLACEMENT
[15:06:16] [Netty Epoll IO #2/INFO]: Grim » tysooon failed PacketOrderO* (x758) type=USE_ITEM
[15:06:16] [Netty Epoll IO #2/INFO]: Grim » tysooon failed BadPacketsJ (x376) 
[15:06:16] [Netty Epoll IO #2/INFO]: Grim » tysooon failed Post (x175) player block placement v1.21.11
[15:06:20] [Netty Epoll IO #2/INFO]: Grim » tysooon failed Timer (x161) 
[15:06:20] [Netty Epoll IO #2/INFO]: Grim » tysooon failed TickTimer (x383) type=flying, packets=1
[15:06:20] [Netty Epoll IO #2/INFO]: Grim » tysooon failed PacketOrderO* (x759) type=PLAYER_INPUT
[15:06:20] [Netty Epoll IO #2/INFO]: Grim » tysooon failed TickTimer (x384) type=end, packets=2
[15:06:20] [Netty Epoll IO #2/INFO]: Grim » tysooon failed RotationPlace (x339) pre-flying
[15:06:20] [Netty Epoll IO #2/INFO]: Grim » tysooon failed PacketOrderO* (x760) type=PLAYER_BLOCK_PLACEMENT
[15:06:20] [Netty Epoll IO #2/INFO]: Grim » tysooon failed PacketOrderO* (x761) type=USE_ITEM
[15:06:20] [Netty Epoll IO #2/INFO]: Grim » tysooon failed Post (x176) player block placement v1.21.11
[15:06:20] [Netty Epoll IO #2/INFO]: Grim » tysooon failed BadPacketsJ (x377) 
[15:06:20] [Netty Epoll IO #2/INFO]: Grim » tysooon failed Timer (x162) 
[15:06:20] [Netty Epoll IO #2/INFO]: Grim » tysooon failed TickTimer (x385) type=flying, packets=1
[15:06:20] [Netty Epoll IO #2/INFO]: Grim » tysooon failed BadPacketsZ* (x36) 
[15:06:20] [Netty Epoll IO #2/INFO]: Grim » tysooon failed PacketOrderO* (x762) type=PLAYER_INPUT
[15:06:20] [Netty Epoll IO #2/INFO]: Grim » tysooon failed TickTimer (x386) type=end, packets=2
[15:06:20] [Netty Epoll IO #2/INFO]: Grim » tysooon failed Simulation (x188) .017690 /gl 59
[15:06:20] [Netty Epoll IO #2/INFO]: Grim » tysooon failed RotationPlace (x340) pre-flying
[15:06:20] [Netty Epoll IO #2/INFO]: Grim » tysooon failed PacketOrderO* (x763) type=PLAYER_BLOCK_PLACEMENT
[15:06:20] [Netty Epoll IO #2/INFO]: Grim » tysooon failed PacketOrderO* (x764) type=USE_ITEM
[15:06:20] [Netty Epoll IO #2/INFO]: Grim » tysooon failed Post (x177) player block placement v1.21.11
[15:06:20] [Netty Epoll IO #2/INFO]: Grim » tysooon failed BadPacketsJ (x378) 
[15:06:20] [Netty Epoll IO #2/INFO]: Grim » tysooon failed Timer (x163) 
[15:06:20] [Netty Epoll IO #2/INFO]: Grim » tysooon failed TickTimer (x387) type=flying, packets=1
[15:06:20] [Netty Epoll IO #2/INFO]: Grim » tysooon failed PacketOrderO* (x765) type=PLAYER_INPUT
[15:06:20] [Netty Epoll IO #2/INFO]: Grim » tysooon failed TickTimer (x388) type=end, packets=2
[15:06:20] [Netty Epoll IO #2/INFO]: Grim » tysooon failed Simulation (x189) .017091 /gl 60
[15:06:20] [Netty Epoll IO #2/INFO]: Grim » tysooon failed RotationPlace (x341) pre-flying
[15:06:20] [Netty Epoll IO #2/INFO]: Grim » tysooon failed PacketOrderO* (x766) type=PLAYER_BLOCK_PLACEMENT
[15:06:20] [Netty Epoll IO #2/INFO]: Grim » tysooon failed PacketOrderO* (x767) type=USE_ITEM
[15:06:20] [Netty Epoll IO #2/INFO]: Grim » tysooon failed Post (x178) player block placement v1.21.11
[15:06:20] [Netty Epoll IO #2/INFO]: Grim » tysooon failed BadPacketsJ (x379) 
[15:06:20] [Netty Epoll IO #2/INFO]: Grim » tysooon failed Timer (x164) 
[15:06:20] [Netty Epoll IO #2/INFO]: Grim » tysooon failed TickTimer (x389) type=flying, packets=1
[15:06:20] [Netty Epoll IO #2/INFO]: Grim » tysooon failed BadPacketsZ* (x36) 
[15:06:20] [Netty Epoll IO #2/INFO]: Grim » tysooon failed PacketOrderO* (x768) type=PLAYER_INPUT
[15:06:20] [Netty Epoll IO #2/INFO]: Grim » tysooon failed TickTimer (x390) type=end, packets=2
[15:06:20] [Netty Epoll IO #2/INFO]: Grim » tysooon failed RotationPlace (x342) pre-flying
[15:06:20] [Netty Epoll IO #2/INFO]: Grim » tysooon failed PacketOrderO* (x769) type=PLAYER_BLOCK_PLACEMENT
[15:06:20] [Netty Epoll IO #2/INFO]: Grim » tysooon failed PacketOrderO* (x770) type=USE_ITEM
[15:06:20] [Netty Epoll IO #2/INFO]: Grim » tysooon failed Post (x179) player block placement v1.21.11
[15:06:20] [Netty Epoll IO #2/INFO]: Grim » tysooon failed BadPacketsJ (x380) 
[15:06:20] [Netty Epoll IO #2/INFO]: Grim » tysooon failed Timer (x165) 
[15:06:20] [Netty Epoll IO #2/INFO]: Grim » tysooon failed TickTimer (x391) type=flying, packets=1
[15:06:20] [Netty Epoll IO #2/INFO]: Grim » tysooon failed BadPacketsZ* (x36) 
[15:06:20] [Netty Epoll IO #2/INFO]: Grim » tysooon failed PacketOrderO* (x771) type=PLAYER_INPUT
[15:06:20] [Netty Epoll IO #2/INFO]: Grim » tysooon failed TickTimer (x392) type=end, packets=2
[15:06:20] [Netty Epoll IO #2/INFO]: Grim » tysooon failed Simulation (x190) .050342 /gl 61
[15:06:20] [Netty Epoll IO #2/INFO]: Grim » tysooon failed RotationPlace (x343) pre-flying
[15:06:20] [Netty Epoll IO #2/INFO]: Grim » tysooon failed PacketOrderO* (x772) type=PLAYER_BLOCK_PLACEMENT
[15:06:20] [Netty Epoll IO #2/INFO]: Grim » tysooon failed PacketOrderO* (x773) type=USE_ITEM
[15:06:20] [Netty Epoll IO #2/INFO]: Grim » tysooon failed Post (x180) player block placement v1.21.11
[15:06:20] [Netty Epoll IO #2/INFO]: Grim » tysooon failed Simulation (x191) .048959 /gl 62
[15:06:20] [Netty Epoll IO #2/INFO]: Grim » tysooon failed BadPacketsJ (x381) 
[15:06:20] [Netty Epoll IO #2/INFO]: Grim » tysooon failed Timer (x165) 
[15:06:20] [Netty Epoll IO #2/INFO]: Grim » tysooon failed TickTimer (x393) type=flying, packets=1
[15:06:20] [Netty Epoll IO #2/INFO]: Grim » tysooon failed PacketOrderO* (x774) type=PLAYER_INPUT
[15:06:20] [Netty Epoll IO #2/INFO]: Grim » tysooon failed TickTimer (x394) type=end, packets=2
[15:06:21] [Netty Epoll IO #2/INFO]: Grim » tysooon failed Simulation (x192) .057607 /gl 63
[15:06:21] [Netty Epoll IO #2/INFO]: Grim » tysooon failed RotationPlace (x344) pre-flying
[15:06:21] [Netty Epoll IO #2/INFO]: Grim » tysooon failed PacketOrderO* (x775) type=PLAYER_BLOCK_PLACEMENT
[15:06:21] [Netty Epoll IO #2/INFO]: Grim » tysooon failed PacketOrderO* (x776) type=USE_ITEM
[15:06:21] [Netty Epoll IO #2/INFO]: Grim » tysooon failed Post (x181) player block placement v1.21.11
[15:06:21] [Netty Epoll IO #2/INFO]: Grim » tysooon failed Simulation (x193) .086780 /gl 64
[15:06:21] [Netty Epoll IO #2/INFO]: Grim » tysooon failed BadPacketsJ (x382) 
[15:06:21] [Netty Epoll IO #2/INFO]: Grim » tysooon failed Timer (x166) 
[15:06:21] [Netty Epoll IO #2/INFO]: Grim » tysooon failed TickTimer (x395) type=flying, packets=1
[15:06:21] [Netty Epoll IO #2/INFO]: Grim » tysooon failed PacketOrderO* (x777) type=PLAYER_INPUT
[15:06:21] [Netty Epoll IO #2/INFO]: Grim » tysooon failed TickTimer (x396) type=end, packets=2
[15:06:21] [Netty Epoll IO #2/INFO]: Grim » tysooon failed Simulation (x194) .100600 /gl 65
[15:06:21] [Netty Epoll IO #2/INFO]: Grim » tysooon failed Simulation (x195) .108621 /gl 66
[15:06:21] [Netty Epoll IO #2/INFO]: Grim » tysooon failed RotationPlace (x345) pre-flying
[15:06:21] [Netty Epoll IO #2/INFO]: Grim » tysooon failed PacketOrderO* (x778) type=PLAYER_BLOCK_PLACEMENT
[15:06:21] [Netty Epoll IO #2/INFO]: Grim » tysooon failed PacketOrderO* (x779) type=USE_ITEM
[15:06:21] [Netty Epoll IO #2/INFO]: Grim » tysooon failed Post (x182) player block placement v1.21.11
[15:06:21] [Netty Epoll IO #2/INFO]: Grim » tysooon failed Simulation (x196) .111790 /gl 67
[15:06:21] [Netty Epoll IO #2/INFO]: Grim » tysooon failed BadPacketsJ (x383) 
[15:06:21] [Netty Epoll IO #2/INFO]: Grim » tysooon failed Timer (x167) 
[15:06:21] [Netty Epoll IO #2/INFO]: Grim » tysooon failed TickTimer (x397) type=flying, packets=1
[15:06:21] [Netty Epoll IO #2/INFO]: Grim » tysooon failed PacketOrderO* (x780) type=PLAYER_INPUT
[15:06:21] [Netty Epoll IO #2/INFO]: Grim » tysooon failed TickTimer (x398) type=end, packets=2
[15:06:21] [Netty Epoll IO #2/INFO]: Grim » tysooon failed RotationPlace (x346) pre-flying
[15:06:21] [Netty Epoll IO #2/INFO]: Grim » tysooon failed PacketOrderO* (x781) type=PLAYER_BLOCK_PLACEMENT
[15:06:21] [Netty Epoll IO #2/INFO]: Grim » tysooon failed PacketOrderO* (x782) type=USE_ITEM
[15:06:21] [Netty Epoll IO #2/INFO]: Grim » tysooon failed AimDuplicateLook (x271) 
[15:06:21] [Netty Epoll IO #2/INFO]: Grim » tysooon failed BadPacketsJ (x384) 
[15:06:21] [Netty Epoll IO #2/INFO]: Grim » tysooon failed Timer (x167) 
[15:06:21] [Netty Epoll IO #2/INFO]: Grim » tysooon failed TickTimer (x399) type=flying, packets=1
[15:06:21] [Netty Epoll IO #2/INFO]: Grim » tysooon failed PacketOrderO* (x783) type=PLAYER_INPUT
[15:06:21] [Netty Epoll IO #2/INFO]: Grim » tysooon failed TickTimer (x400) type=end, packets=2
[15:06:21] [Netty Epoll IO #2/INFO]: Grim » tysooon failed RotationPlace (x347) pre-flying
[15:06:21] [Netty Epoll IO #2/INFO]: Grim » tysooon failed PacketOrderO* (x784) type=PLAYER_BLOCK_PLACEMENT
[15:06:21] [Netty Epoll IO #2/INFO]: Grim » tysooon failed PacketOrderO* (x785) type=USE_ITEM
[15:06:21] [Netty Epoll IO #2/INFO]: Grim » tysooon failed AimDuplicateLook (x272) 
[15:06:21] [Netty Epoll IO #2/INFO]: Grim » tysooon failed BadPacketsJ (x385) 
[15:06:21] [Netty Epoll IO #2/INFO]: Grim » tysooon failed AimDuplicateLook (x273) 
[15:06:21] [Netty Epoll IO #2/INFO]: Grim » tysooon failed Timer (x168) 
[15:06:21] [Netty Epoll IO #2/INFO]: Grim » tysooon failed TickTimer (x401) type=flying, packets=1
[15:06:21] [Netty Epoll IO #2/INFO]: Grim » tysooon failed PacketOrderO* (x786) type=PLAYER_INPUT
[15:06:21] [Netty Epoll IO #2/INFO]: Grim » tysooon failed TickTimer (x402) type=end, packets=2
[15:06:21] [Netty Epoll IO #2/INFO]: Grim » tysooon failed RotationPlace (x348) pre-flying
[15:06:21] [Netty Epoll IO #2/INFO]: Grim » tysooon failed PacketOrderO* (x787) type=PLAYER_BLOCK_PLACEMENT
[15:06:21] [Netty Epoll IO #2/INFO]: Grim » tysooon failed PacketOrderO* (x788) type=USE_ITEM
[15:06:21] [Netty Epoll IO #2/INFO]: Grim » tysooon failed AimDuplicateLook (x274) 
[15:06:21] [Netty Epoll IO #2/INFO]: Grim » tysooon failed BadPacketsJ (x386) 
[15:06:21] [Netty Epoll IO #2/INFO]: Grim » tysooon failed Timer (x169) 
[15:06:21] [Netty Epoll IO #2/INFO]: Grim » tysooon failed TickTimer (x403) type=flying, packets=1
[15:06:21] [Netty Epoll IO #2/INFO]: Grim » tysooon failed PacketOrderO* (x789) type=PLAYER_INPUT
[15:06:21] [Netty Epoll IO #2/INFO]: Grim » tysooon failed TickTimer (x404) type=end, packets=2
[15:06:21] [Netty Epoll IO #2/INFO]: Grim » tysooon failed RotationPlace (x349) pre-flying
[15:06:21] [Netty Epoll IO #2/INFO]: Grim » tysooon failed PacketOrderO* (x790) type=PLAYER_BLOCK_PLACEMENT
[15:06:21] [Netty Epoll IO #2/INFO]: Grim » tysooon failed PacketOrderO* (x790) type=USE_ITEM
[15:06:21] [Netty Epoll IO #2/INFO]: Grim » tysooon failed AimDuplicateLook (x275) 
[15:06:21] [Netty Epoll IO #2/INFO]: Grim » tysooon failed BadPacketsJ (x387) 
[15:06:21] [Netty Epoll IO #2/INFO]: Grim » tysooon failed Timer (x170) 
[15:06:21] [Netty Epoll IO #2/INFO]: Grim » tysooon failed TickTimer (x405) type=flying, packets=1
[15:06:21] [Netty Epoll IO #2/INFO]: Grim » tysooon failed PacketOrderO* (x791) type=PLAYER_INPUT
[15:06:21] [Netty Epoll IO #2/INFO]: Grim » tysooon failed TickTimer (x406) type=end, packets=2
[15:06:21] [Netty Epoll IO #2/INFO]: Grim » tysooon failed AimDuplicateLook (x276) 
[15:06:21] [Netty Epoll IO #2/INFO]: Grim » tysooon failed RotationPlace (x350) pre-flying
[15:06:21] [Netty Epoll IO #2/INFO]: Grim » tysooon failed PacketOrderO* (x792) type=PLAYER_BLOCK_PLACEMENT
[15:06:21] [Netty Epoll IO #2/INFO]: Grim » tysooon failed PacketOrderO* (x793) type=USE_ITEM
[15:06:21] [Netty Epoll IO #2/INFO]: Grim » tysooon failed AimDuplicateLook (x277) 
[15:06:21] [Netty Epoll IO #2/INFO]: Grim » tysooon failed BadPacketsJ (x388) 
[15:06:21] [Netty Epoll IO #2/INFO]: Grim » tysooon failed Post (x183) player block placement v1.21.11
[15:06:21] [Netty Epoll IO #2/INFO]: Grim » tysooon failed Post (x183) player block placement v1.21.11
[15:06:21] [Netty Epoll IO #2/INFO]: Grim » tysooon failed Post (x184) player block placement v1.21.11
[15:06:21] [Netty Epoll IO #2/INFO]: Grim » tysooon failed Post (x185) player block placement v1.21.11
[15:06:21] [Netty Epoll IO #2/INFO]: Grim » tysooon failed Post (x185) player block placement v1.21.11
[15:06:22] [Netty Epoll IO #2/INFO]: Grim » tysooon failed Timer (x171) 
[15:06:22] [Netty Epoll IO #2/INFO]: Grim » tysooon failed TickTimer (x407) type=flying, packets=1
[15:06:22] [Netty Epoll IO #2/INFO]: Grim » tysooon failed PacketOrderO* (x794) type=PLAYER_INPUT
[15:06:22] [Netty Epoll IO #2/INFO]: Grim » tysooon failed TickTimer (x408) type=end, packets=2
[15:06:22] [Netty Epoll IO #2/INFO]: Grim » tysooon failed RotationPlace (x351) pre-flying
[15:06:22] [Netty Epoll IO #2/INFO]: Grim » tysooon failed PacketOrderO* (x795) type=PLAYER_BLOCK_PLACEMENT
[15:06:22] [Netty Epoll IO #2/INFO]: Grim » tysooon failed PacketOrderO* (x796) type=USE_ITEM
[15:06:22] [Netty Epoll IO #2/INFO]: Grim » tysooon failed AimDuplicateLook (x278) 
[15:06:22] [Netty Epoll IO #2/INFO]: Grim » tysooon failed Post (x186) player block placement v1.21.11
[15:06:22] [Netty Epoll IO #2/INFO]: Grim » tysooon failed BadPacketsJ (x389) 
[15:06:22] [Netty Epoll IO #2/INFO]: Grim » tysooon failed AimDuplicateLook (x279) 
[15:06:22] [Netty Epoll IO #2/INFO]: Grim » tysooon failed Timer (x172) 
[15:06:22] [Netty Epoll IO #2/INFO]: Grim » tysooon failed TickTimer (x409) type=flying, packets=1
[15:06:22] [Netty Epoll IO #2/INFO]: Grim » tysooon failed PacketOrderO* (x797) type=PLAYER_INPUT
[15:06:22] [Netty Epoll IO #2/INFO]: Grim » tysooon failed TickTimer (x410) type=end, packets=2
[15:06:22] [Netty Epoll IO #2/INFO]: Grim » tysooon failed RotationPlace (x352) pre-flying
[15:06:22] [Netty Epoll IO #2/INFO]: Grim » tysooon failed PacketOrderO* (x798) type=PLAYER_BLOCK_PLACEMENT
[15:06:22] [Netty Epoll IO #2/INFO]: Grim » tysooon failed PacketOrderO* (x799) type=USE_ITEM
[15:06:22] [Netty Epoll IO #2/INFO]: Grim » tysooon failed AimDuplicateLook (x280) 
[15:06:22] [Netty Epoll IO #2/INFO]: Grim » tysooon failed BadPacketsJ (x390) 
[15:06:23] [Netty Epoll IO #2/INFO]: Grim » tysooon failed Post (x187) player block placement v1.21.11
[15:06:25] [Netty Epoll IO #2/INFO]: Grim » tysooon failed Timer (x172) 
[15:06:25] [Netty Epoll IO #2/INFO]: Grim » tysooon failed TickTimer (x411) type=flying, packets=1
[15:06:25] [Netty Epoll IO #2/INFO]: Grim » tysooon failed PacketOrderO* (x800) type=PLAYER_INPUT
[15:06:25] [Netty Epoll IO #2/INFO]: Grim » tysooon failed TickTimer (x412) type=end, packets=2
[15:06:25] [Netty Epoll IO #2/INFO]: Grim » tysooon failed Simulation (x197) .100505 /gl 68
[15:06:25] [Netty Epoll IO #2/INFO]: Grim » tysooon failed PositionPlace (x73) 
[15:06:25] [Netty Epoll IO #2/INFO]: Grim » tysooon failed PacketOrderO* (x801) type=PLAYER_BLOCK_PLACEMENT
[15:06:25] [Netty Epoll IO #2/INFO]: Grim » tysooon failed PacketOrderO* (x802) type=USE_ITEM
[15:06:25] [Netty Epoll IO #2/INFO]: Grim » tysooon failed Post (x188) player block placement v1.21.11
[15:06:25] [Netty Epoll IO #2/INFO]: Grim » tysooon failed BadPacketsJ (x391) 
[15:06:25] [Netty Epoll IO #2/INFO]: Grim » tysooon failed Timer (x173) 
[15:06:25] [Netty Epoll IO #2/INFO]: Grim » tysooon failed TickTimer (x413) type=flying, packets=1
[15:06:25] [Netty Epoll IO #2/INFO]: Grim » tysooon failed PacketOrderO* (x803) type=PLAYER_INPUT
[15:06:25] [Netty Epoll IO #2/INFO]: Grim » tysooon failed TickTimer (x414) type=end, packets=2
[15:06:25] [Netty Epoll IO #2/INFO]: Grim » tysooon failed Simulation (x198) .097799 /gl 69
[15:06:25] [Netty Epoll IO #2/INFO]: Grim » tysooon failed Simulation (x199) .034273 /gl 70
[15:06:25] [Netty Epoll IO #2/INFO]: Grim » tysooon failed RotationPlace (x353) pre-flying
[15:06:25] [Netty Epoll IO #2/INFO]: Grim » tysooon failed PacketOrderO* (x804) type=PLAYER_BLOCK_PLACEMENT
[15:06:25] [Netty Epoll IO #2/INFO]: Grim » tysooon failed PacketOrderO* (x805) type=USE_ITEM
[15:06:26] [Netty Epoll IO #2/INFO]: Grim » tysooon failed Post (x189) player block placement v1.21.11
[15:06:26] [Netty Epoll IO #2/INFO]: Grim » tysooon failed Simulation (x200) .034273 /gl 71
[15:06:26] [Netty Epoll IO #2/INFO]: Grim » tysooon failed BadPacketsJ (x392) 
[15:06:26] [Netty Epoll IO #2/INFO]: Grim » tysooon failed Timer (x174) 
[15:06:26] [Netty Epoll IO #2/INFO]: Grim » tysooon failed TickTimer (x415) type=flying, packets=1
[15:06:26] [Netty Epoll IO #2/INFO]: Grim » tysooon failed PacketOrderO* (x806) type=PLAYER_INPUT
[15:06:26] [Netty Epoll IO #2/INFO]: Grim » tysooon failed TickTimer (x416) type=end, packets=2
[15:06:26] [Netty Epoll IO #2/INFO]: Grim » tysooon failed RotationPlace (x354) pre-flying
[15:06:26] [Netty Epoll IO #2/INFO]: Grim » tysooon failed PacketOrderO* (x807) type=PLAYER_BLOCK_PLACEMENT
[15:06:26] [Netty Epoll IO #2/INFO]: Grim » tysooon failed PacketOrderO* (x808) type=USE_ITEM
[15:06:26] [Netty Epoll IO #2/INFO]: Grim » tysooon failed AimDuplicateLook (x281) 
[15:06:26] [Netty Epoll IO #2/INFO]: Grim » tysooon failed Post (x190) player block placement v1.21.11
[15:06:26] [Netty Epoll IO #2/INFO]: Grim » tysooon failed BadPacketsJ (x393) 
[15:06:26] [Netty Epoll IO #2/INFO]: Grim » tysooon failed PacketOrderO* (x809) type=PLAYER_INPUT
[15:06:26] [Netty Epoll IO #2/INFO]: Grim » tysooon failed RotationPlace (x355) pre-flying
[15:06:26] [Netty Epoll IO #2/INFO]: Grim » tysooon failed BadPacketsJ (x394) 
[15:06:27] [Netty Epoll IO #2/INFO]: Grim » tysooon failed AimModulo360 (x7) 
[15:06:27] [Netty Epoll IO #2/INFO]: Grim » tysooon failed BadPacketsV* (x167) delta=0.0
[15:06:27] [Netty Epoll IO #2/INFO]: Grim » tysooon failed PacketOrderO* (x810) type=PLAYER_INPUT
[15:06:27] [Netty Epoll IO #2/INFO]: Grim » tysooon failed AimDuplicateLook (x282) 
[15:06:27] [Netty Epoll IO #2/INFO]: Grim » tysooon failed RotationPlace (x356) pre-flying
[15:06:27] [Netty Epoll IO #2/INFO]: Grim » tysooon failed PacketOrderO* (x811) type=PLAYER_BLOCK_PLACEMENT
[15:06:27] [Netty Epoll IO #2/INFO]: Grim » tysooon failed PacketOrderO* (x812) type=USE_ITEM
[15:06:27] [Netty Epoll IO #2/INFO]: Grim » tysooon failed AimDuplicateLook (x283) 
[15:06:27] [Netty Epoll IO #2/INFO]: Grim » tysooon failed BadPacketsJ (x395) 
[15:06:27] [Netty Epoll IO #2/INFO]: Grim » tysooon failed Timer (x175) 
[15:06:27] [Netty Epoll IO #2/INFO]: Grim » tysooon failed TickTimer (x417) type=flying, packets=1
[15:06:27] [Netty Epoll IO #2/INFO]: Grim » tysooon failed PacketOrderO* (x813) type=PLAYER_INPUT
[15:06:27] [Netty Epoll IO #2/INFO]: Grim » tysooon failed TickTimer (x418) type=end, packets=2
[15:06:27] [Netty Epoll IO #2/INFO]: Grim » tysooon failed RotationPlace (x357) pre-flying
[15:06:27] [Netty Epoll IO #2/INFO]: Grim » tysooon failed BadPacketsJ (x396) 
[15:06:27] [Netty Epoll IO #2/INFO]: Grim » tysooon failed RotationPlace (x358) pre-flying
[15:06:27] [Netty Epoll IO #2/INFO]: Grim » tysooon failed Post (x191) player block placement v1.21.11
[15:06:27] [Netty Epoll IO #2/INFO]: Grim » tysooon failed PacketOrderO* (x814) type=PLAYER_INPUT
[15:06:27] [Netty Epoll IO #2/INFO]: Grim » tysooon failed RotationPlace (x359) pre-flying
[15:06:27] [Netty Epoll IO #2/INFO]: Grim » tysooon failed BadPacketsJ (x397) 
[15:06:27] [Netty Epoll IO #2/INFO]: Grim » tysooon failed AimDuplicateLook (x284) 
[15:06:27] [Netty Epoll IO #2/INFO]: Grim » tysooon failed BadPacketsV* (x168) delta=0.0
[15:06:27] [Netty Epoll IO #2/INFO]: Grim » tysooon failed PacketOrderO* (x815) type=PLAYER_INPUT
[15:06:27] [Netty Epoll IO #2/INFO]: Grim » tysooon failed RotationPlace (x360) pre-flying
[15:06:27] [Netty Epoll IO #2/INFO]: Grim » tysooon failed MultiPlace* (x3) face=UP, lastFace=UP, cursor=0.25, 1.0, 0.25, lastCursor=0.45944983, 1.0, 0.51471204, pos=-5021, 123, -8261, lastPos=-5021, 123, -8262
[15:06:27] [Netty Epoll IO #2/INFO]: Grim » tysooon failed RotationPlace (x361) pre-flying
[15:06:27] [Netty Epoll IO #2/INFO]: Grim » tysooon failed BadPacketsJ (x398) 
[15:06:27] [Netty Epoll IO #2/INFO]: Grim » tysooon failed AimDuplicateLook (x285) 
[15:06:27] [Netty Epoll IO #2/INFO]: Grim » tysooon failed BadPacketsV* (x169) delta=0.0
[15:06:27] [Netty Epoll IO #2/INFO]: Grim » tysooon failed PacketOrderO* (x816) type=PLAYER_INPUT
[15:06:27] [Netty Epoll IO #2/INFO]: Grim » tysooon failed RotationPlace (x362) pre-flying
[15:06:27] [Netty Epoll IO #2/INFO]: Grim » tysooon failed BadPacketsJ (x399) 
[15:06:28] [Netty Epoll IO #2/INFO]: Grim » tysooon failed BadPacketsV* (x170) delta=0.0
[15:06:28] [Netty Epoll IO #2/INFO]: Grim » tysooon failed RotationPlace (x363) pre-flying
[15:06:28] [Netty Epoll IO #2/INFO]: Grim » tysooon failed AimDuplicateLook (x286) 
[15:06:28] [Netty Epoll IO #2/INFO]: Grim » tysooon failed BadPacketsV* (x171) delta=0.0
[15:06:28] [Netty Epoll IO #2/INFO]: Grim » tysooon failed PacketOrderO* (x817) type=PLAYER_INPUT
[15:06:28] [Netty Epoll IO #2/INFO]: Grim » tysooon failed RotationPlace (x364) pre-flying
[15:06:28] [Netty Epoll IO #2/INFO]: Grim » tysooon failed BadPacketsJ (x400) 
[15:06:28] [Netty Epoll IO #2/INFO]: Grim » tysooon failed AimDuplicateLook (x287) 
[15:06:28] [Netty Epoll IO #2/INFO]: Grim » tysooon failed BadPacketsV* (x172) delta=0.0
[15:06:28] [Netty Epoll IO #2/INFO]: Grim » tysooon failed PacketOrderO* (x818) type=PLAYER_INPUT
[15:06:28] [Netty Epoll IO #2/INFO]: Grim » tysooon failed RotationPlace (x365) pre-flying
[15:06:28] [Netty Epoll IO #2/INFO]: Grim » tysooon failed BadPacketsJ (x401) 
[15:06:28] [Netty Epoll IO #2/INFO]: Grim » tysooon failed RotationPlace (x366) pre-flying
[15:06:28] [Netty Epoll IO #2/INFO]: Grim » tysooon failed AimDuplicateLook (x288) 
[15:06:28] [Netty Epoll IO #2/INFO]: Grim » tysooon failed BadPacketsV* (x173) delta=0.0
[15:06:28] [Netty Epoll IO #2/INFO]: Grim » tysooon failed PacketOrderO* (x819) type=PLAYER_INPUT
[15:06:28] [Netty Epoll IO #2/INFO]: Grim » tysooon failed AimDuplicateLook (x289) 
[15:06:28] [Netty Epoll IO #2/INFO]: Grim » tysooon failed RotationPlace (x367) pre-flying
[15:06:28] [Netty Epoll IO #2/INFO]: Grim » tysooon failed PacketOrderO* (x820) type=PLAYER_BLOCK_PLACEMENT
[15:06:28] [Netty Epoll IO #2/INFO]: Grim » tysooon failed PacketOrderO* (x821) type=USE_ITEM
[15:06:28] [Netty Epoll IO #2/INFO]: Grim » tysooon failed AimDuplicateLook (x290) 
[15:06:28] [Netty Epoll IO #2/INFO]: Grim » tysooon failed BadPacketsJ (x402) 
[15:06:28] [Netty Epoll IO #2/INFO]: Grim » tysooon failed Timer (x176) 
[15:06:28] [Netty Epoll IO #2/INFO]: Grim » tysooon failed TickTimer (x419) type=flying, packets=1
[15:06:28] [Netty Epoll IO #2/INFO]: Grim » tysooon failed PacketOrderO* (x822) type=PLAYER_INPUT
[15:06:28] [Netty Epoll IO #2/INFO]: Grim » tysooon failed TickTimer (x420) type=end, packets=2
[15:06:28] [Netty Epoll IO #2/INFO]: Grim » tysooon failed RotationPlace (x368) pre-flying
[15:06:28] [Netty Epoll IO #2/INFO]: Grim » tysooon failed RotationPlace (x369) pre-flying
[15:06:28] [Netty Epoll IO #2/INFO]: Grim » tysooon failed PacketOrderO* (x823) type=PLAYER_BLOCK_PLACEMENT
[15:06:28] [Netty Epoll IO #2/INFO]: Grim » tysooon failed PacketOrderO* (x824) type=USE_ITEM
[15:06:28] [Netty Epoll IO #2/INFO]: Grim » tysooon failed AimDuplicateLook (x291) 
[15:06:28] [Netty Epoll IO #2/INFO]: Grim » tysooon failed BadPacketsJ (x403) 
[15:06:28] [Netty Epoll IO #2/INFO]: Grim » tysooon failed Timer (x176) 
[15:06:28] [Netty Epoll IO #2/INFO]: Grim » tysooon failed TickTimer (x421) type=flying, packets=1
[15:06:28] [Netty Epoll IO #2/INFO]: Grim » tysooon failed PacketOrderO* (x825) type=PLAYER_INPUT
[15:06:28] [Netty Epoll IO #2/INFO]: Grim » tysooon failed TickTimer (x422) type=end, packets=2
[15:06:28] [Netty Epoll IO #2/INFO]: Grim » tysooon failed RotationPlace (x370) pre-flying
[15:06:28] [Netty Epoll IO #2/INFO]: Grim » tysooon failed PacketOrderO* (x826) type=PLAYER_BLOCK_PLACEMENT
[15:06:28] [Netty Epoll IO #2/INFO]: Grim » tysooon failed PacketOrderO* (x827) type=USE_ITEM
[15:06:28] [Netty Epoll IO #2/INFO]: Grim » tysooon failed AimDuplicateLook (x292) 
[15:06:28] [Netty Epoll IO #2/INFO]: Grim » tysooon failed BadPacketsJ (x404) 
[15:06:28] [Netty Epoll IO #2/INFO]: Grim » tysooon failed RotationPlace (x371) pre-flying
[15:06:28] [Netty Epoll IO #2/INFO]: Grim » tysooon failed AimDuplicateLook (x293) 
[15:06:28] [Netty Epoll IO #2/INFO]: Grim » tysooon failed Timer (x177) 
[15:06:28] [Netty Epoll IO #2/INFO]: Grim » tysooon failed TickTimer (x423) type=flying, packets=1
[15:06:28] [Netty Epoll IO #2/INFO]: Grim » tysooon failed PacketOrderO* (x828) type=PLAYER_INPUT
[15:06:28] [Netty Epoll IO #2/INFO]: Grim » tysooon failed TickTimer (x424) type=end, packets=2
[15:06:28] [Netty Epoll IO #2/INFO]: Grim » tysooon failed RotationPlace (x372) pre-flying
[15:06:28] [Netty Epoll IO #2/INFO]: Grim » tysooon failed PacketOrderO* (x829) type=PLAYER_BLOCK_PLACEMENT
[15:06:28] [Netty Epoll IO #2/INFO]: Grim » tysooon failed PacketOrderO* (x830) type=USE_ITEM
[15:06:28] [Netty Epoll IO #2/INFO]: Grim » tysooon failed AimDuplicateLook (x294) 
[15:06:28] [Netty Epoll IO #2/INFO]: Grim » tysooon failed BadPacketsJ (x405) 
[15:06:28] [Netty Epoll IO #2/INFO]: Grim » tysooon failed Timer (x178) 
[15:06:28] [Netty Epoll IO #2/INFO]: Grim » tysooon failed TickTimer (x425) type=flying, packets=1
[15:06:28] [Netty Epoll IO #2/INFO]: Grim » tysooon failed PacketOrderO* (x831) type=PLAYER_INPUT
[15:06:28] [Netty Epoll IO #2/INFO]: Grim » tysooon failed TickTimer (x426) type=end, packets=2
[15:06:28] [Netty Epoll IO #2/INFO]: Grim » tysooon failed RotationPlace (x373) pre-flying
[15:06:28] [Netty Epoll IO #2/INFO]: Grim » tysooon failed PacketOrderO* (x832) type=PLAYER_BLOCK_PLACEMENT
[15:06:28] [Netty Epoll IO #2/INFO]: Grim » tysooon failed PacketOrderO* (x833) type=USE_ITEM
[15:06:28] [Netty Epoll IO #2/INFO]: Grim » tysooon failed AimDuplicateLook (x295) 
[15:06:28] [Netty Epoll IO #2/INFO]: Grim » tysooon failed BadPacketsJ (x406) 
[15:06:28] [Netty Epoll IO #2/INFO]: Grim » tysooon failed BadPacketsJ (x406) 
[15:06:28] [Netty Epoll IO #2/INFO]: Grim » tysooon failed Timer (x179) 
[15:06:28] [Netty Epoll IO #2/INFO]: Grim » tysooon failed TickTimer (x427) type=flying, packets=1
[15:06:28] [Netty Epoll IO #2/INFO]: Grim » tysooon failed PacketOrderO* (x834) type=PLAYER_INPUT
[15:06:28] [Netty Epoll IO #2/INFO]: Grim » tysooon failed TickTimer (x428) type=end, packets=2
[15:06:28] [Netty Epoll IO #2/INFO]: Grim » tysooon failed AimDuplicateLook (x296) 
[15:06:28] [Netty Epoll IO #2/INFO]: Grim » tysooon failed RotationPlace (x374) pre-flying
[15:06:28] [Netty Epoll IO #2/INFO]: Grim » tysooon failed PacketOrderO* (x835) type=PLAYER_BLOCK_PLACEMENT
[15:06:28] [Netty Epoll IO #2/INFO]: Grim » tysooon failed PacketOrderO* (x836) type=USE_ITEM
[15:06:29] [Netty Epoll IO #2/INFO]: Grim » tysooon failed AimDuplicateLook (x297) 
[15:06:29] [Netty Epoll IO #2/INFO]: Grim » tysooon failed Post (x192) player block placement v1.21.11
[15:06:29] [Netty Epoll IO #2/INFO]: Grim » tysooon failed Post (x193) player block placement v1.21.11
[15:06:29] [Netty Epoll IO #2/INFO]: Grim » tysooon failed Post (x194) player block placement v1.21.11
[15:06:29] [Netty Epoll IO #2/INFO]: Grim » tysooon failed Post (x195) player block placement v1.21.11
[15:06:29] [Netty Epoll IO #2/INFO]: Grim » tysooon failed Post (x195) player block placement v1.21.11
[15:06:29] [Netty Epoll IO #2/INFO]: Grim » tysooon failed Post (x196) player block placement v1.21.11
[15:06:29] [Netty Epoll IO #2/INFO]: Grim » tysooon failed BadPacketsJ (x407) 
[15:06:29] [Netty Epoll IO #2/INFO]: Grim » tysooon failed Timer (x180) 
[15:06:29] [Netty Epoll IO #2/INFO]: Grim » tysooon failed TickTimer (x429) type=flying, packets=1
[15:06:29] [Netty Epoll IO #2/INFO]: Grim » tysooon failed PacketOrderO* (x837) type=PLAYER_INPUT
[15:06:29] [Netty Epoll IO #2/INFO]: Grim » tysooon failed TickTimer (x430) type=end, packets=2
[15:06:29] [Netty Epoll IO #2/INFO]: Grim » tysooon failed BadPacketsJ (x408) 
[15:06:29] [Netty Epoll IO #2/INFO]: Grim » tysooon failed RotationPlace (x375) pre-flying
[15:06:29] [Netty Epoll IO #2/INFO]: Grim » tysooon failed PacketOrderO* (x838) type=PLAYER_BLOCK_PLACEMENT
[15:06:29] [Netty Epoll IO #2/INFO]: Grim » tysooon failed PacketOrderO* (x839) type=USE_ITEM
[15:06:29] [Netty Epoll IO #2/INFO]: Grim » tysooon failed AimDuplicateLook (x298) 
[15:06:29] [Netty Epoll IO #2/INFO]: Grim » tysooon failed BadPacketsJ (x409) 
[15:06:29] [Netty Epoll IO #2/INFO]: Grim » tysooon failed Timer (x181) 
[15:06:29] [Netty Epoll IO #2/INFO]: Grim » tysooon failed TickTimer (x431) type=flying, packets=1
[15:06:29] [Netty Epoll IO #2/INFO]: Grim » tysooon failed PacketOrderO* (x840) type=PLAYER_INPUT
[15:06:29] [Netty Epoll IO #2/INFO]: Grim » tysooon failed TickTimer (x432) type=end, packets=2
[15:06:29] [Netty Epoll IO #2/INFO]: Grim » tysooon failed RotationPlace (x376) pre-flying
[15:06:29] [Netty Epoll IO #2/INFO]: Grim » tysooon failed PacketOrderO* (x841) type=PLAYER_BLOCK_PLACEMENT
[15:06:29] [Netty Epoll IO #2/INFO]: Grim » tysooon failed PacketOrderO* (x842) type=USE_ITEM
[15:06:29] [Netty Epoll IO #2/INFO]: Grim » tysooon failed AimDuplicateLook (x299) 
[15:06:29] [Netty Epoll IO #2/INFO]: Grim » tysooon failed BadPacketsJ (x410) 
[15:06:29] [Netty Epoll IO #2/INFO]: Grim » tysooon failed AimDuplicateLook (x300) 
[15:06:29] [Netty Epoll IO #2/INFO]: Grim » tysooon failed BadPacketsJ (x411) 
[15:06:29] [Netty Epoll IO #2/INFO]: Grim » tysooon failed Timer (x182) 
[15:06:29] [Netty Epoll IO #2/INFO]: Grim » tysooon failed TickTimer (x433) type=flying, packets=1
[15:06:29] [Netty Epoll IO #2/INFO]: Grim » tysooon failed PacketOrderO* (x843) type=PLAYER_INPUT
[15:06:29] [Netty Epoll IO #2/INFO]: Grim » tysooon failed TickTimer (x434) type=end, packets=2
[15:06:29] [Netty Epoll IO #2/INFO]: Grim » tysooon failed RotationPlace (x377) pre-flying
[15:06:29] [Netty Epoll IO #2/INFO]: Grim » tysooon failed PacketOrderO* (x844) type=PLAYER_BLOCK_PLACEMENT
[15:06:29] [Netty Epoll IO #2/INFO]: Grim » tysooon failed PacketOrderO* (x845) type=USE_ITEM
[15:06:29] [Netty Epoll IO #2/INFO]: Grim » tysooon failed AimDuplicateLook (x301) 
[15:06:29] [Netty Epoll IO #2/INFO]: Grim » tysooon failed BadPacketsJ (x412) 
[15:06:29] [Netty Epoll IO #2/INFO]: Grim » tysooon failed Timer (x183) 
[15:06:29] [Netty Epoll IO #2/INFO]: Grim » tysooon failed TickTimer (x435) type=flying, packets=1
[15:06:29] [Netty Epoll IO #2/INFO]: Grim » tysooon failed PacketOrderO* (x846) type=PLAYER_INPUT
[15:06:29] [Netty Epoll IO #2/INFO]: Grim » tysooon failed TickTimer (x436) type=end, packets=2
[15:06:29] [Netty Epoll IO #2/INFO]: Grim » tysooon failed RotationPlace (x378) pre-flying
[15:06:29] [Netty Epoll IO #2/INFO]: Grim » tysooon failed PacketOrderO* (x847) type=PLAYER_BLOCK_PLACEMENT
[15:06:29] [Netty Epoll IO #2/INFO]: Grim » tysooon failed PacketOrderO* (x848) type=USE_ITEM
[15:06:29] [Netty Epoll IO #2/INFO]: Grim » tysooon failed AimDuplicateLook (x302) 
[15:06:29] [Netty Epoll IO #2/INFO]: Grim » tysooon failed BadPacketsJ (x413) 
[15:06:29] [Netty Epoll IO #2/INFO]: Grim » tysooon failed BadPacketsJ (x414) 
[15:06:29] [Netty Epoll IO #2/INFO]: Grim » tysooon failed Timer (x184) 
[15:06:29] [Netty Epoll IO #2/INFO]: Grim » tysooon failed TickTimer (x437) type=flying, packets=1
[15:06:29] [Netty Epoll IO #2/INFO]: Grim » tysooon failed PacketOrderO* (x849) type=PLAYER_INPUT
[15:06:29] [Netty Epoll IO #2/INFO]: Grim » tysooon failed TickTimer (x438) type=end, packets=2
[15:06:29] [Netty Epoll IO #2/INFO]: Grim » tysooon failed AimDuplicateLook (x303) 
[15:06:29] [Netty Epoll IO #2/INFO]: Grim » tysooon failed RotationPlace (x379) pre-flying
[15:06:29] [Netty Epoll IO #2/INFO]: Grim » tysooon failed PacketOrderO* (x850) type=PLAYER_BLOCK_PLACEMENT
[15:06:29] [Netty Epoll IO #2/INFO]: Grim » tysooon failed PacketOrderO* (x851) type=USE_ITEM
[15:06:29] [Netty Epoll IO #2/INFO]: Grim » tysooon failed AimDuplicateLook (x304) 
[15:06:29] [Netty Epoll IO #2/INFO]: Grim » tysooon failed BadPacketsJ (x415) 
[15:06:29] [Netty Epoll IO #2/INFO]: Grim » tysooon failed Timer (x185) 
[15:06:29] [Netty Epoll IO #2/INFO]: Grim » tysooon failed TickTimer (x439) type=flying, packets=1
[15:06:29] [Netty Epoll IO #2/INFO]: Grim » tysooon failed PacketOrderO* (x852) type=PLAYER_INPUT
[15:06:29] [Netty Epoll IO #2/INFO]: Grim » tysooon failed TickTimer (x440) type=end, packets=2
[15:06:29] [Netty Epoll IO #2/INFO]: Grim » tysooon failed BadPacketsJ (x416) 
[15:06:29] [Netty Epoll IO #2/INFO]: Grim » tysooon failed RotationPlace (x380) pre-flying
[15:06:29] [Netty Epoll IO #2/INFO]: Grim » tysooon failed PacketOrderO* (x853) type=PLAYER_BLOCK_PLACEMENT
[15:06:29] [Netty Epoll IO #2/INFO]: Grim » tysooon failed PacketOrderO* (x854) type=USE_ITEM
[15:06:29] [Netty Epoll IO #2/INFO]: Grim » tysooon failed AimDuplicateLook (x305) 
[15:06:29] [Netty Epoll IO #2/INFO]: Grim » tysooon failed BadPacketsJ (x417) 
[15:06:29] [Netty Epoll IO #2/INFO]: Grim » tysooon failed Timer (x186) 
[15:06:29] [Netty Epoll IO #2/INFO]: Grim » tysooon failed TickTimer (x441) type=flying, packets=1
[15:06:29] [Netty Epoll IO #2/INFO]: Grim » tysooon failed PacketOrderO* (x855) type=PLAYER_INPUT
[15:06:29] [Netty Epoll IO #2/INFO]: Grim » tysooon failed TickTimer (x442) type=end, packets=2
[15:06:29] [Netty Epoll IO #2/INFO]: Grim » tysooon failed RotationPlace (x381) pre-flying
[15:06:29] [Netty Epoll IO #2/INFO]: Grim » tysooon failed PacketOrderO* (x856) type=PLAYER_BLOCK_PLACEMENT
[15:06:29] [Netty Epoll IO #2/INFO]: Grim » tysooon failed PacketOrderO* (x857) type=USE_ITEM
[15:06:29] [Netty Epoll IO #2/INFO]: Grim » tysooon failed AimDuplicateLook (x306) 
[15:06:29] [Netty Epoll IO #2/INFO]: Grim » tysooon failed BadPacketsJ (x418) 
[15:06:29] [Netty Epoll IO #2/INFO]: Grim » tysooon failed AimDuplicateLook (x307) 
[15:06:29] [Netty Epoll IO #2/INFO]: Grim » tysooon failed Timer (x187) 
[15:06:29] [Netty Epoll IO #2/INFO]: Grim » tysooon failed TickTimer (x443) type=flying, packets=1
[15:06:29] [Netty Epoll IO #2/INFO]: Grim » tysooon failed PacketOrderO* (x858) type=PLAYER_INPUT
[15:06:29] [Netty Epoll IO #2/INFO]: Grim » tysooon failed TickTimer (x444) type=end, packets=2
[15:06:29] [Netty Epoll IO #2/INFO]: Grim » tysooon failed RotationPlace (x382) pre-flying
[15:06:29] [Netty Epoll IO #2/INFO]: Grim » tysooon failed PacketOrderO* (x859) type=PLAYER_BLOCK_PLACEMENT
[15:06:29] [Netty Epoll IO #2/INFO]: Grim » tysooon failed PacketOrderO* (x860) type=USE_ITEM
[15:06:29] [Netty Epoll IO #2/INFO]: Grim » tysooon failed AimDuplicateLook (x308) 
[15:06:29] [Netty Epoll IO #2/INFO]: Grim » tysooon failed BadPacketsJ (x419) 
[15:06:29] [Netty Epoll IO #2/INFO]: Grim » tysooon failed Timer (x188) 
[15:06:29] [Netty Epoll IO #2/INFO]: Grim » tysooon failed TickTimer (x445) type=flying, packets=1
[15:06:29] [Netty Epoll IO #2/INFO]: Grim » tysooon failed PacketOrderO* (x861) type=PLAYER_INPUT
[15:06:29] [Netty Epoll IO #2/INFO]: Grim » tysooon failed TickTimer (x446) type=end, packets=2
[15:06:30] [Netty Epoll IO #2/INFO]: Grim » tysooon failed Post (x197) player block placement v1.21.11
[15:06:30] [Netty Epoll IO #2/INFO]: Grim » tysooon failed Post (x198) player block placement v1.21.11
[15:06:30] [Netty Epoll IO #2/INFO]: Grim » tysooon failed Post (x199) player block placement v1.21.11
[15:06:30] [Netty Epoll IO #2/INFO]: Grim » tysooon failed Post (x200) player block placement v1.21.11
[15:06:30] [Netty Epoll IO #2/INFO]: Grim » tysooon failed Post (x201) player block placement v1.21.11
[15:06:30] [Netty Epoll IO #2/INFO]: Grim » tysooon failed Post (x202) player block placement v1.21.11
[15:06:30] [Netty Epoll IO #2/INFO]: Grim » tysooon failed Post (x202) player block placement v1.21.11
[15:06:30] [Netty Epoll IO #2/INFO]: Grim » tysooon failed Post (x203) player block placement v1.21.11
[15:06:30] [Netty Epoll IO #2/INFO]: Grim » tysooon failed RotationPlace (x383) pre-flying
[15:06:30] [Netty Epoll IO #2/INFO]: Grim » tysooon failed PacketOrderO* (x862) type=PLAYER_BLOCK_PLACEMENT
[15:06:30] [Netty Epoll IO #2/INFO]: Grim » tysooon failed PacketOrderO* (x863) type=USE_ITEM
[15:06:30] [Netty Epoll IO #2/INFO]: Grim » tysooon failed AimDuplicateLook (x309) 
[15:06:30] [Netty Epoll IO #2/INFO]: Grim » tysooon failed BadPacketsJ (x420) 
[15:06:30] [Netty Epoll IO #2/INFO]: Grim » tysooon failed Timer (x188) 
[15:06:30] [Netty Epoll IO #2/INFO]: Grim » tysooon failed TickTimer (x447) type=flying, packets=1
[15:06:30] [Netty Epoll IO #2/INFO]: Grim » tysooon failed PacketOrderO* (x864) type=PLAYER_INPUT
[15:06:30] [Netty Epoll IO #2/INFO]: Grim » tysooon failed TickTimer (x448) type=end, packets=2
[15:06:30] [Netty Epoll IO #2/INFO]: Grim » tysooon failed Post (x204) player block placement v1.21.11
[15:06:30] [Netty Epoll IO #2/INFO]: Grim » tysooon failed Simulation (x201) .117559 /gl 72
[15:06:30] [Netty Epoll IO #2/INFO]: Grim » tysooon failed Simulation (x202) .117549 /gl 73
[15:06:30] [Netty Epoll IO #2/INFO]: Grim » tysooon failed RotationPlace (x384) pre-flying
[15:06:30] [Netty Epoll IO #2/INFO]: Grim » tysooon failed PacketOrderO* (x865) type=PLAYER_BLOCK_PLACEMENT
[15:06:30] [Netty Epoll IO #2/INFO]: Grim » tysooon failed PacketOrderO* (x866) type=USE_ITEM
[15:06:30] [Netty Epoll IO #2/INFO]: Grim » tysooon failed Post (x205) player block placement v1.21.11
[15:06:30] [Netty Epoll IO #2/INFO]: Grim » tysooon failed Simulation (x203) .117563 /gl 74
[15:06:30] [Netty Epoll IO #2/INFO]: Grim » tysooon failed BadPacketsJ (x421) 
[15:06:30] [Netty Epoll IO #2/INFO]: Grim » tysooon failed Timer (x189) 
[15:06:30] [Netty Epoll IO #2/INFO]: Grim » tysooon failed TickTimer (x449) type=flying, packets=1
[15:06:30] [Netty Epoll IO #2/INFO]: Grim » tysooon failed PacketOrderO* (x867) type=PLAYER_INPUT
[15:06:30] [Netty Epoll IO #2/INFO]: Grim » tysooon failed TickTimer (x450) type=end, packets=2
[15:06:30] [Netty Epoll IO #2/INFO]: Grim » tysooon failed Simulation (x204) .117577 /gl 75
[15:06:30] [Netty Epoll IO #2/INFO]: Grim » tysooon failed RotationPlace (x385) pre-flying
[15:06:30] [Netty Epoll IO #2/INFO]: Grim » tysooon failed PacketOrderO* (x868) type=PLAYER_BLOCK_PLACEMENT
[15:06:30] [Netty Epoll IO #2/INFO]: Grim » tysooon failed PacketOrderO* (x869) type=USE_ITEM
[15:06:30] [Netty Epoll IO #2/INFO]: Grim » tysooon failed Post (x206) player block placement v1.21.11
[15:06:30] [Netty Epoll IO #2/INFO]: Grim » tysooon failed Simulation (x205) .117596 /gl 76
[15:06:30] [Netty Epoll IO #2/INFO]: Grim » tysooon failed BadPacketsJ (x422) 
[15:06:30] [Netty Epoll IO #2/INFO]: Grim » tysooon failed Timer (x190) 
[15:06:30] [Netty Epoll IO #2/INFO]: Grim » tysooon failed TickTimer (x451) type=flying, packets=1
[15:06:30] [Netty Epoll IO #2/INFO]: Grim » tysooon failed PacketOrderO* (x870) type=PLAYER_INPUT
[15:06:30] [Netty Epoll IO #2/INFO]: Grim » tysooon failed TickTimer (x452) type=end, packets=2
[15:06:30] [Netty Epoll IO #2/INFO]: Grim » tysooon failed Simulation (x206) .117592 /gl 77
[15:06:30] [Netty Epoll IO #2/INFO]: Grim » tysooon failed RotationPlace (x386) pre-flying
[15:06:30] [Netty Epoll IO #2/INFO]: Grim » tysooon failed PacketOrderO* (x871) type=PLAYER_BLOCK_PLACEMENT
[15:06:30] [Netty Epoll IO #2/INFO]: Grim » tysooon failed PacketOrderO* (x872) type=USE_ITEM
[15:06:30] [Netty Epoll IO #2/INFO]: Grim » tysooon failed Post (x207) player block placement v1.21.11
[15:06:30] [Netty Epoll IO #2/INFO]: Grim » tysooon failed Simulation (x207) .117581 /gl 78
[15:06:30] [Netty Epoll IO #2/INFO]: Grim » tysooon failed BadPacketsJ (x423) 
[15:06:30] [Netty Epoll IO #2/INFO]: Grim » tysooon failed Simulation (x208) .117571 /gl 79
[15:06:30] [Netty Epoll IO #2/INFO]: Grim » tysooon failed Timer (x191) 
[15:06:30] [Netty Epoll IO #2/INFO]: Grim » tysooon failed TickTimer (x453) type=flying, packets=1
[15:06:30] [Netty Epoll IO #2/INFO]: Grim » tysooon failed PacketOrderO* (x873) type=PLAYER_INPUT
[15:06:30] [Netty Epoll IO #2/INFO]: Grim » tysooon failed TickTimer (x454) type=end, packets=2
[15:06:30] [Netty Epoll IO #2/INFO]: Grim » tysooon failed Simulation (x209) .117533 /gl 80
[15:06:30] [Netty Epoll IO #2/INFO]: Grim » tysooon failed RotationPlace (x387) pre-flying
[15:06:30] [Netty Epoll IO #2/INFO]: Grim » tysooon failed PacketOrderO* (x874) type=PLAYER_BLOCK_PLACEMENT
[15:06:30] [Netty Epoll IO #2/INFO]: Grim » tysooon failed PacketOrderO* (x875) type=USE_ITEM
[15:06:30] [Netty Epoll IO #2/INFO]: Grim » tysooon failed Post (x208) player block placement v1.21.11
[15:06:30] [Netty Epoll IO #2/INFO]: Grim » tysooon failed Simulation (x210) .117506 /gl 81
[15:06:30] [Netty Epoll IO #2/INFO]: Grim » tysooon failed BadPacketsJ (x424) 
[15:06:30] [Netty Epoll IO #2/INFO]: Grim » tysooon failed Timer (x192) 
[15:06:30] [Netty Epoll IO #2/INFO]: Grim » tysooon failed TickTimer (x455) type=flying, packets=1
[15:06:30] [Netty Epoll IO #2/INFO]: Grim » tysooon failed PacketOrderO* (x876) type=PLAYER_INPUT
[15:06:30] [Netty Epoll IO #2/INFO]: Grim » tysooon failed TickTimer (x456) type=end, packets=2
[15:06:30] [Netty Epoll IO #2/INFO]: Grim » tysooon failed RotationPlace (x388) pre-flying
[15:06:30] [Netty Epoll IO #2/INFO]: Grim » tysooon failed PacketOrderO* (x877) type=PLAYER_BLOCK_PLACEMENT
[15:06:30] [Netty Epoll IO #2/INFO]: Grim » tysooon failed PacketOrderO* (x878) type=USE_ITEM
[15:06:30] [Netty Epoll IO #2/INFO]: Grim » tysooon failed AimDuplicateLook (x310) 
[15:06:30] [Netty Epoll IO #2/INFO]: Grim » tysooon failed Post (x209) player block placement v1.21.11
[15:06:30] [Netty Epoll IO #2/INFO]: Grim » tysooon failed BadPacketsJ (x425) 
[15:06:30] [Netty Epoll IO #2/INFO]: Grim » tysooon failed Timer (x193) 
[15:06:30] [Netty Epoll IO #2/INFO]: Grim » tysooon failed TickTimer (x457) type=flying, packets=1
[15:06:30] [Netty Epoll IO #2/INFO]: Grim » tysooon failed PacketOrderO* (x879) type=PLAYER_INPUT
[15:06:30] [Netty Epoll IO #2/INFO]: Grim » tysooon failed TickTimer (x458) type=end, packets=2
[15:06:30] [Netty Epoll IO #2/INFO]: Grim » tysooon failed Simulation (x211) .116955 /gl 82
[15:06:30] [Netty Epoll IO #2/INFO]: Grim » tysooon failed RotationPlace (x389) pre-flying
[15:06:30] [Netty Epoll IO #2/INFO]: Grim » tysooon failed PacketOrderO* (x880) type=PLAYER_BLOCK_PLACEMENT
[15:06:30] [Netty Epoll IO #2/INFO]: Grim » tysooon failed PacketOrderO* (x881) type=USE_ITEM
[15:06:30] [Netty Epoll IO #2/INFO]: Grim » tysooon failed Post (x210) player block placement v1.21.11
[15:06:30] [Netty Epoll IO #2/INFO]: Grim » tysooon failed BadPacketsJ (x426) 
[15:06:30] [Netty Epoll IO #2/INFO]: Grim » tysooon failed Timer (x194) 
[15:06:30] [Netty Epoll IO #2/INFO]: Grim » tysooon failed TickTimer (x459) type=flying, packets=1
[15:06:30] [Netty Epoll IO #2/INFO]: Grim » tysooon failed PacketOrderO* (x882) type=PLAYER_INPUT
[15:06:30] [Netty Epoll IO #2/INFO]: Grim » tysooon failed TickTimer (x460) type=end, packets=2
[15:06:30] [Netty Epoll IO #2/INFO]: Grim » tysooon failed Simulation (x212) .116957 /gl 83
[15:06:30] [Netty Epoll IO #2/INFO]: Grim » tysooon failed PacketOrderO* (x883) type=HELD_ITEM_CHANGE
[15:06:30] [Netty Epoll IO #2/INFO]: Grim » tysooon failed RotationPlace (x390) pre-flying
[15:06:30] [Netty Epoll IO #2/INFO]: Grim » tysooon failed PacketOrderO* (x884) type=PLAYER_BLOCK_PLACEMENT
[15:06:30] [Netty Epoll IO #2/INFO]: Grim » tysooon failed PacketOrderO* (x885) type=USE_ITEM
[15:06:30] [Netty Epoll IO #2/INFO]: Grim » tysooon failed Post (x211) held item change v1.21.11
[15:06:30] [Netty Epoll IO #2/INFO]: Grim » tysooon failed Simulation (x213) .117554 /gl 84
[15:06:30] [Netty Epoll IO #2/INFO]: Grim » tysooon failed BadPacketsJ (x427) 
[15:06:30] [Netty Epoll IO #2/INFO]: Grim » tysooon failed PacketOrderO* (x886) type=PLAYER_INPUT
[15:06:30] [Netty Epoll IO #2/INFO]: Grim » tysooon failed RotationPlace (x391) pre-flying
[15:06:30] [Netty Epoll IO #2/INFO]: Grim » tysooon failed BadPacketsJ (x428) 
[15:06:31] [Netty Epoll IO #2/INFO]: Grim » tysooon failed Timer (x194) 
[15:06:31] [Netty Epoll IO #2/INFO]: Grim » tysooon failed TickTimer (x461) type=flying, packets=1
[15:06:31] [Netty Epoll IO #2/INFO]: Grim » tysooon failed PacketOrderO* (x887) type=PLAYER_INPUT
[15:06:31] [Netty Epoll IO #2/INFO]: Grim » tysooon failed TickTimer (x462) type=end, packets=2
[15:06:31] [Netty Epoll IO #2/INFO]: Grim » tysooon failed RotationPlace (x392) pre-flying
[15:06:31] [Netty Epoll IO #2/INFO]: Grim » tysooon failed BadPacketsJ (x429) 
[15:06:31] [Netty Epoll IO #2/INFO]: Grim » tysooon failed Simulation (x214) .150904 /gl 85
[15:06:34] [Netty Epoll IO #2/INFO]: Grim » tysooon failed AimModulo360 (x8) 
[15:06:34] [Netty Epoll IO #2/INFO]: Grim » tysooon failed BadPacketsV* (x174) delta=0.0
[15:06:34] [Netty Epoll IO #2/INFO]: Grim » tysooon failed PacketOrderO* (x888) type=PLAYER_INPUT
[15:06:34] [Netty Epoll IO #2/INFO]: Grim » tysooon failed PositionPlace (x74) 
[15:06:34] [Netty Epoll IO #2/INFO]: Grim » tysooon failed BadPacketsJ (x430) 
[15:06:37] [Netty Epoll IO #2/INFO]: Grim » tysooon failed Timer (x195) 
[15:06:37] [Netty Epoll IO #2/INFO]: Grim » tysooon failed TickTimer (x463) type=flying, packets=1
[15:06:37] [Netty Epoll IO #2/INFO]: Grim » tysooon failed PacketOrderO* (x889) type=PLAYER_INPUT
[15:06:37] [Netty Epoll IO #2/INFO]: Grim » tysooon failed TickTimer (x464) type=end, packets=2
[15:06:37] [Netty Epoll IO #2/INFO]: Grim » tysooon failed RotationPlace (x393) pre-flying
[15:06:37] [Netty Epoll IO #2/INFO]: Grim » tysooon failed PacketOrderO* (x890) type=PLAYER_BLOCK_PLACEMENT
[15:06:37] [Netty Epoll IO #2/INFO]: Grim » tysooon failed PacketOrderO* (x891) type=USE_ITEM
[15:06:37] [Netty Epoll IO #2/INFO]: Grim » tysooon failed BadPacketsJ (x431) 
[15:06:37] [Netty Epoll IO #2/INFO]: Grim » tysooon failed AimDuplicateLook (x311) 
[15:06:37] [Netty Epoll IO #2/INFO]: Grim » tysooon failed Post (x212) player block placement v1.21.11
[15:06:37] [Netty Epoll IO #2/INFO]: Grim » tysooon failed PacketOrderO* (x892) type=PLAYER_INPUT
[15:06:38] [Netty Epoll IO #2/INFO]: Grim » tysooon failed RotationPlace (x394) pre-flying
[15:06:38] [Netty Epoll IO #2/INFO]: Grim » tysooon failed BadPacketsJ (x432) 
[15:06:38] [Netty Epoll IO #2/INFO]: Grim » tysooon failed Timer (x196) 
[15:06:38] [Netty Epoll IO #2/INFO]: Grim » tysooon failed TickTimer (x465) type=flying, packets=1
[15:06:38] [Netty Epoll IO #2/INFO]: Grim » tysooon failed PacketOrderO* (x893) type=PLAYER_INPUT
[15:06:38] [Netty Epoll IO #2/INFO]: Grim » tysooon failed TickTimer (x466) type=end, packets=2
[15:06:38] [Netty Epoll IO #2/INFO]: Grim » tysooon failed RotationPlace (x395) pre-flying
[15:06:38] [Netty Epoll IO #2/INFO]: Grim » tysooon failed PacketOrderO* (x894) type=PLAYER_BLOCK_PLACEMENT
[15:06:38] [Netty Epoll IO #2/INFO]: Grim » tysooon failed PacketOrderO* (x895) type=USE_ITEM
[15:06:38] [Netty Epoll IO #2/INFO]: Grim » tysooon failed BadPacketsJ (x433) 
[15:06:38] [Netty Epoll IO #2/INFO]: Grim » tysooon failed PacketOrderO* (x896) type=PLAYER_INPUT
[15:06:38] [Netty Epoll IO #2/INFO]: Grim » tysooon failed Timer (x197) 
[15:06:38] [Netty Epoll IO #2/INFO]: Grim » tysooon failed TickTimer (x467) type=flying, packets=1
[15:06:38] [Netty Epoll IO #2/INFO]: Grim » tysooon failed PacketOrderO* (x897) type=PLAYER_INPUT
[15:06:38] [Netty Epoll IO #2/INFO]: Grim » tysooon failed TickTimer (x468) type=end, packets=2
[15:06:38] [Netty Epoll IO #2/INFO]: Grim » tysooon failed Post (x213) player block placement v1.21.11
[15:06:38] [Netty Epoll IO #2/INFO]: Grim » tysooon failed RotationPlace (x396) pre-flying
[15:06:38] [Netty Epoll IO #2/INFO]: Grim » tysooon failed PacketOrderO* (x898) type=PLAYER_BLOCK_PLACEMENT
[15:06:38] [Netty Epoll IO #2/INFO]: Grim » tysooon failed PacketOrderO* (x899) type=USE_ITEM
[15:06:38] [Netty Epoll IO #2/INFO]: Grim » tysooon failed BadPacketsJ (x434) 
[15:06:38] [Netty Epoll IO #2/INFO]: Grim » tysooon failed PacketOrderO* (x900) type=PLAYER_INPUT
[15:06:38] [Netty Epoll IO #2/INFO]: Grim » tysooon failed Timer (x198) 
[15:06:38] [Netty Epoll IO #2/INFO]: Grim » tysooon failed TickTimer (x469) type=flying, packets=1
[15:06:38] [Netty Epoll IO #2/INFO]: Grim » tysooon failed PacketOrderO* (x901) type=PLAYER_INPUT
[15:06:38] [Netty Epoll IO #2/INFO]: Grim » tysooon failed TickTimer (x470) type=end, packets=2
[15:06:38] [Netty Epoll IO #2/INFO]: Grim » tysooon failed RotationPlace (x397) pre-flying
[15:06:38] [Netty Epoll IO #2/INFO]: Grim » tysooon failed BadPacketsJ (x435) 
[15:06:38] [Netty Epoll IO #2/INFO]: Grim » tysooon failed Post (x214) player block placement v1.21.11
[15:06:38] [Netty Epoll IO #2/INFO]: Grim » tysooon failed PacketOrderO* (x902) type=PLAYER_INPUT
[15:06:38] [Netty Epoll IO #2/INFO]: Grim » tysooon failed RotationPlace (x398) pre-flying
[15:06:38] [Netty Epoll IO #2/INFO]: Grim » tysooon failed PacketOrderO* (x903) type=PLAYER_BLOCK_PLACEMENT
[15:06:38] [Netty Epoll IO #2/INFO]: Grim » tysooon failed PacketOrderO* (x904) type=USE_ITEM
[15:06:38] [Netty Epoll IO #2/INFO]: Grim » tysooon failed Post (x215) player block placement v1.21.11
[15:06:38] [Netty Epoll IO #2/INFO]: Grim » tysooon failed BadPacketsJ (x436) 
[15:06:38] [Netty Epoll IO #2/INFO]: Grim » tysooon failed BadPacketsZ* (x37) 
[15:06:38] [Netty Epoll IO #2/INFO]: Grim » tysooon failed PacketOrderO* (x905) type=PLAYER_INPUT
[15:06:38] [Netty Epoll IO #2/INFO]: Grim » tysooon failed Timer (x199) 
[15:06:38] [Netty Epoll IO #2/INFO]: Grim » tysooon failed TickTimer (x471) type=flying, packets=1
[15:06:38] [Netty Epoll IO #2/INFO]: Grim » tysooon failed BadPacketsZ* (x38) 
[15:06:38] [Netty Epoll IO #2/INFO]: Grim » tysooon failed PacketOrderO* (x906) type=PLAYER_INPUT
[15:06:38] [Netty Epoll IO #2/INFO]: Grim » tysooon failed TickTimer (x472) type=end, packets=2
[15:06:38] [Netty Epoll IO #2/INFO]: Grim » tysooon failed RotationPlace (x399) pre-flying
[15:06:38] [Netty Epoll IO #2/INFO]: Grim » tysooon failed PacketOrderO* (x907) type=PLAYER_BLOCK_PLACEMENT
[15:06:38] [Netty Epoll IO #2/INFO]: Grim » tysooon failed PacketOrderO* (x908) type=USE_ITEM
[15:06:38] [Netty Epoll IO #2/INFO]: Grim » tysooon failed Post (x216) player block placement v1.21.11
[15:06:38] [Netty Epoll IO #2/INFO]: Grim » tysooon failed BadPacketsJ (x437) 
[15:06:38] [Netty Epoll IO #2/INFO]: Grim » tysooon failed PacketOrderO* (x909) type=PLAYER_INPUT
[15:06:39] [Netty Epoll IO #2/INFO]: Grim » tysooon failed Timer (x200) 
[15:06:39] [Netty Epoll IO #2/INFO]: Grim » tysooon failed TickTimer (x473) type=flying, packets=1
[15:06:39] [Netty Epoll IO #2/INFO]: Grim » tysooon failed PacketOrderO* (x910) type=PLAYER_INPUT
[15:06:39] [Netty Epoll IO #2/INFO]: Grim » tysooon failed TickTimer (x474) type=end, packets=2
[15:06:39] [Netty Epoll IO #2/INFO]: Grim » tysooon failed RotationPlace (x400) pre-flying
[15:06:39] [Netty Epoll IO #2/INFO]: Grim » tysooon failed PacketOrderO* (x911) type=PLAYER_BLOCK_PLACEMENT
[15:06:39] [Netty Epoll IO #2/INFO]: Grim » tysooon failed PacketOrderO* (x912) type=USE_ITEM
[15:06:39] [Netty Epoll IO #2/INFO]: Grim » tysooon failed Post (x217) player block placement v1.21.11
[15:06:39] [Netty Epoll IO #2/INFO]: Grim » tysooon failed BadPacketsJ (x438) 
[15:06:39] [Netty Epoll IO #2/INFO]: Grim » tysooon failed PacketOrderO* (x913) type=PLAYER_INPUT
[15:06:39] [Netty Epoll IO #2/INFO]: Grim » tysooon failed Timer (x201) 
[15:06:39] [Netty Epoll IO #2/INFO]: Grim » tysooon failed TickTimer (x475) type=flying, packets=1
[15:06:39] [Netty Epoll IO #2/INFO]: Grim » tysooon failed PacketOrderO* (x914) type=PLAYER_INPUT
[15:06:39] [Netty Epoll IO #2/INFO]: Grim » tysooon failed TickTimer (x476) type=end, packets=2
[15:06:39] [Netty Epoll IO #2/INFO]: Grim » tysooon failed RotationPlace (x401) pre-flying
[15:06:39] [Netty Epoll IO #2/INFO]: Grim » tysooon failed PacketOrderO* (x915) type=PLAYER_BLOCK_PLACEMENT
[15:06:39] [Netty Epoll IO #2/INFO]: Grim » tysooon failed PacketOrderO* (x916) type=USE_ITEM
[15:06:39] [Netty Epoll IO #2/INFO]: Grim » tysooon failed BadPacketsJ (x439) 
[15:06:39] [Netty Epoll IO #2/INFO]: Grim » tysooon failed PacketOrderO* (x917) type=PLAYER_INPUT
[15:06:39] [Netty Epoll IO #2/INFO]: Grim » tysooon failed Timer (x202) 
[15:06:39] [Netty Epoll IO #2/INFO]: Grim » tysooon failed TickTimer (x477) type=flying, packets=1
[15:06:39] [Netty Epoll IO #2/INFO]: Grim » tysooon failed PacketOrderO* (x918) type=PLAYER_INPUT
[15:06:39] [Netty Epoll IO #2/INFO]: Grim » tysooon failed TickTimer (x478) type=end, packets=2
[15:06:39] [Netty Epoll IO #2/INFO]: Grim » tysooon failed Post (x218) player block placement v1.21.11
[15:06:39] [Netty Epoll IO #2/INFO]: Grim » tysooon failed RotationPlace (x402) pre-flying
[15:06:39] [Netty Epoll IO #2/INFO]: Grim » tysooon failed PacketOrderO* (x919) type=PLAYER_BLOCK_PLACEMENT
[15:06:39] [Netty Epoll IO #2/INFO]: Grim » tysooon failed PacketOrderO* (x920) type=USE_ITEM
[15:06:39] [Netty Epoll IO #2/INFO]: Grim » tysooon failed Post (x219) player block placement v1.21.11
[15:06:39] [Netty Epoll IO #2/INFO]: Grim » tysooon failed BadPacketsJ (x440) 
[15:06:39] [Netty Epoll IO #2/INFO]: Grim » tysooon failed BadPacketsZ* (x39) 
[15:06:39] [Netty Epoll IO #2/INFO]: Grim » tysooon failed PacketOrderO* (x921) type=PLAYER_INPUT
[15:06:39] [Netty Epoll IO #2/INFO]: Grim » tysooon failed Timer (x203) 
[15:06:39] [Netty Epoll IO #2/INFO]: Grim » tysooon failed TickTimer (x479) type=flying, packets=1
[15:06:39] [Netty Epoll IO #2/INFO]: Grim » tysooon failed PacketOrderO* (x922) type=PLAYER_INPUT
[15:06:39] [Netty Epoll IO #2/INFO]: Grim » tysooon failed TickTimer (x480) type=end, packets=2
[15:06:39] [Netty Epoll IO #2/INFO]: Grim » tysooon failed RotationPlace (x403) pre-flying
[15:06:39] [Netty Epoll IO #2/INFO]: Grim » tysooon failed PacketOrderO* (x923) type=PLAYER_BLOCK_PLACEMENT
[15:06:39] [Netty Epoll IO #2/INFO]: Grim » tysooon failed PacketOrderO* (x924) type=USE_ITEM
[15:06:39] [Netty Epoll IO #2/INFO]: Grim » tysooon failed Post (x220) player block placement v1.21.11
[15:06:39] [Netty Epoll IO #2/INFO]: Grim » tysooon failed BadPacketsJ (x441) 
[15:06:39] [Netty Epoll IO #2/INFO]: Grim » tysooon failed Timer (x204) 
[15:06:39] [Netty Epoll IO #2/INFO]: Grim » tysooon failed TickTimer (x481) type=flying, packets=1
[15:06:39] [Netty Epoll IO #2/INFO]: Grim » tysooon failed PacketOrderO* (x925) type=PLAYER_INPUT
[15:06:39] [Netty Epoll IO #2/INFO]: Grim » tysooon failed TickTimer (x482) type=end, packets=2
[15:06:39] [Netty Epoll IO #2/INFO]: Grim » tysooon failed AimDuplicateLook (x312) 
[15:06:39] [Netty Epoll IO #2/INFO]: Grim » tysooon failed RotationPlace (x404) pre-flying
[15:06:39] [Netty Epoll IO #2/INFO]: Grim » tysooon failed PacketOrderO* (x926) type=PLAYER_BLOCK_PLACEMENT
[15:06:39] [Netty Epoll IO #2/INFO]: Grim » tysooon failed PacketOrderO* (x927) type=USE_ITEM
[15:06:39] [Netty Epoll IO #2/INFO]: Grim » tysooon failed AimDuplicateLook (x313) 
[15:06:39] [Netty Epoll IO #2/INFO]: Grim » tysooon failed Post (x221) player block placement v1.21.11
[15:06:39] [Netty Epoll IO #2/INFO]: Grim » tysooon failed BadPacketsJ (x442) 
[15:06:39] [Netty Epoll IO #2/INFO]: Grim » tysooon failed Timer (x205) 
[15:06:39] [Netty Epoll IO #2/INFO]: Grim » tysooon failed TickTimer (x483) type=flying, packets=1
[15:06:39] [Netty Epoll IO #2/INFO]: Grim » tysooon failed PacketOrderO* (x928) type=PLAYER_INPUT
[15:06:39] [Netty Epoll IO #2/INFO]: Grim » tysooon failed TickTimer (x484) type=end, packets=2
[15:06:39] [Netty Epoll IO #2/INFO]: Grim » tysooon failed RotationPlace (x405) pre-flying
[15:06:39] [Netty Epoll IO #2/INFO]: Grim » tysooon failed PacketOrderO* (x929) type=PLAYER_BLOCK_PLACEMENT
[15:06:39] [Netty Epoll IO #2/INFO]: Grim » tysooon failed PacketOrderO* (x930) type=USE_ITEM
[15:06:39] [Netty Epoll IO #2/INFO]: Grim » tysooon failed AimDuplicateLook (x314) 
[15:06:39] [Netty Epoll IO #2/INFO]: Grim » tysooon failed BadPacketsJ (x443) 
[15:06:39] [Netty Epoll IO #2/INFO]: Grim » tysooon failed Timer (x206) 
[15:06:39] [Netty Epoll IO #2/INFO]: Grim » tysooon failed TickTimer (x485) type=flying, packets=1
[15:06:39] [Netty Epoll IO #2/INFO]: Grim » tysooon failed PacketOrderO* (x931) type=PLAYER_INPUT
[15:06:39] [Netty Epoll IO #2/INFO]: Grim » tysooon failed TickTimer (x486) type=end, packets=2
[15:06:39] [Netty Epoll IO #2/INFO]: Grim » tysooon failed RotationPlace (x406) pre-flying
[15:06:39] [Netty Epoll IO #2/INFO]: Grim » tysooon failed PacketOrderO* (x932) type=PLAYER_BLOCK_PLACEMENT
[15:06:39] [Netty Epoll IO #2/INFO]: Grim » tysooon failed PacketOrderO* (x933) type=USE_ITEM
[15:06:40] [Netty Epoll IO #2/INFO]: Grim » tysooon failed AimDuplicateLook (x315) 
[15:06:40] [Netty Epoll IO #2/INFO]: Grim » tysooon failed BadPacketsJ (x444) 
[15:06:40] [Netty Epoll IO #2/INFO]: Grim » tysooon failed AimDuplicateLook (x316) 
[15:06:40] [Netty Epoll IO #2/INFO]: Grim » tysooon failed Timer (x207) 
[15:06:40] [Netty Epoll IO #2/INFO]: Grim » tysooon failed TickTimer (x487) type=flying, packets=1
[15:06:40] [Netty Epoll IO #2/INFO]: Grim » tysooon failed PacketOrderO* (x934) type=PLAYER_INPUT
[15:06:40] [Netty Epoll IO #2/INFO]: Grim » tysooon failed TickTimer (x488) type=end, packets=2
[15:06:40] [Netty Epoll IO #2/INFO]: Grim » tysooon failed RotationPlace (x407) pre-flying
[15:06:40] [Netty Epoll IO #2/INFO]: Grim » tysooon failed PacketOrderO* (x935) type=PLAYER_BLOCK_PLACEMENT
[15:06:40] [Netty Epoll IO #2/INFO]: Grim » tysooon failed PacketOrderO* (x936) type=USE_ITEM
[15:06:40] [Netty Epoll IO #2/INFO]: Grim » tysooon failed AimDuplicateLook (x317) 
[15:06:40] [Netty Epoll IO #2/INFO]: Grim » tysooon failed Post (x222) player block placement v1.21.11
[15:06:40] [Netty Epoll IO #2/INFO]: Grim » tysooon failed Post (x223) player block placement v1.21.11
[15:06:40] [Netty Epoll IO #2/INFO]: Grim » tysooon failed Post (x223) player block placement v1.21.11
[15:06:40] [Netty Epoll IO #2/INFO]: Grim » tysooon failed BadPacketsJ (x445) 
[15:06:40] [Netty Epoll IO #2/INFO]: Grim » tysooon failed Timer (x208) 
[15:06:40] [Netty Epoll IO #2/INFO]: Grim » tysooon failed TickTimer (x489) type=flying, packets=1
[15:06:40] [Netty Epoll IO #2/INFO]: Grim » tysooon failed BadPacketsZ* (x40) 
[15:06:40] [Netty Epoll IO #2/INFO]: Grim » tysooon failed PacketOrderO* (x937) type=PLAYER_INPUT
[15:06:40] [Netty Epoll IO #2/INFO]: Grim » tysooon failed TickTimer (x490) type=end, packets=2
[15:06:40] [Netty Epoll IO #2/INFO]: Grim » tysooon failed Simulation (x215) .105310 /gl 86
[15:06:40] [Netty Epoll IO #2/INFO]: Grim » tysooon failed RotationPlace (x408) pre-flying
[15:06:40] [Netty Epoll IO #2/INFO]: Grim » tysooon failed PacketOrderO* (x938) type=PLAYER_BLOCK_PLACEMENT
[15:06:40] [Netty Epoll IO #2/INFO]: Grim » tysooon failed PacketOrderO* (x939) type=USE_ITEM
[15:06:40] [Netty Epoll IO #2/INFO]: Grim » tysooon failed Post (x224) player block placement v1.21.11
[15:06:40] [Netty Epoll IO #2/INFO]: Grim » tysooon failed Simulation (x216) .107983 /gl 87
[15:06:40] [Netty Epoll IO #2/INFO]: Grim » tysooon failed BadPacketsJ (x446) 
[15:06:40] [Netty Epoll IO #2/INFO]: Grim » tysooon failed Timer (x209) 
[15:06:40] [Netty Epoll IO #2/INFO]: Grim » tysooon failed TickTimer (x491) type=flying, packets=1
[15:06:40] [Netty Epoll IO #2/INFO]: Grim » tysooon failed PacketOrderO* (x940) type=PLAYER_INPUT
[15:06:40] [Netty Epoll IO #2/INFO]: Grim » tysooon failed TickTimer (x492) type=end, packets=2
[15:06:40] [Netty Epoll IO #2/INFO]: Grim » tysooon failed Simulation (x217) .116719 /gl 88
[15:06:40] [Netty Epoll IO #2/INFO]: Grim » tysooon failed Simulation (x218) .109819 /gl 89
[15:06:40] [Netty Epoll IO #2/INFO]: Grim » tysooon failed RotationPlace (x409) pre-flying
[15:06:40] [Netty Epoll IO #2/INFO]: Grim » tysooon failed PacketOrderO* (x941) type=PLAYER_BLOCK_PLACEMENT
[15:06:40] [Netty Epoll IO #2/INFO]: Grim » tysooon failed PacketOrderO* (x942) type=USE_ITEM
[15:06:40] [Netty Epoll IO #2/INFO]: Grim » tysooon failed BadPacketsJ (x447) 
[15:06:40] [Netty Epoll IO #2/INFO]: Grim » tysooon failed Timer (x210) 
[15:06:40] [Netty Epoll IO #2/INFO]: Grim » tysooon failed TickTimer (x493) type=flying, packets=1
[15:06:40] [Netty Epoll IO #2/INFO]: Grim » tysooon failed PacketOrderO* (x943) type=PLAYER_INPUT
[15:06:40] [Netty Epoll IO #2/INFO]: Grim » tysooon failed TickTimer (x494) type=end, packets=2
[15:06:40] [Netty Epoll IO #2/INFO]: Grim » tysooon failed RotationPlace (x410) pre-flying
[15:06:40] [Netty Epoll IO #2/INFO]: Grim » tysooon failed PacketOrderO* (x944) type=PLAYER_BLOCK_PLACEMENT
[15:06:40] [Netty Epoll IO #2/INFO]: Grim » tysooon failed PacketOrderO* (x944) type=USE_ITEM
[15:06:40] [Netty Epoll IO #2/INFO]: Grim » tysooon failed AimDuplicateLook (x318) 
[15:06:40] [Netty Epoll IO #2/INFO]: Grim » tysooon failed Post (x225) player block placement v1.21.11
[15:06:40] [Netty Epoll IO #2/INFO]: Grim » tysooon failed Post (x225) player block placement v1.21.11
[15:06:40] [Netty Epoll IO #2/INFO]: Grim » tysooon failed BadPacketsJ (x448) 
[15:06:40] [Netty Epoll IO #2/INFO]: Grim » tysooon failed Timer (x210) 
[15:06:40] [Netty Epoll IO #2/INFO]: Grim » tysooon failed TickTimer (x495) type=flying, packets=1
[15:06:40] [Netty Epoll IO #2/INFO]: Grim » tysooon failed PacketOrderO* (x945) type=PLAYER_INPUT
[15:06:40] [Netty Epoll IO #2/INFO]: Grim » tysooon failed TickTimer (x496) type=end, packets=2
[15:06:40] [Netty Epoll IO #2/INFO]: Grim » tysooon failed Simulation (x219) .110817 /gl 90
[15:06:40] [Netty Epoll IO #2/INFO]: Grim » tysooon failed RotationPlace (x411) pre-flying
[15:06:40] [Netty Epoll IO #2/INFO]: Grim » tysooon failed PacketOrderO* (x946) type=PLAYER_BLOCK_PLACEMENT
[15:06:40] [Netty Epoll IO #2/INFO]: Grim » tysooon failed PacketOrderO* (x947) type=USE_ITEM
[15:06:40] [Netty Epoll IO #2/INFO]: Grim » tysooon failed Post (x226) player block placement v1.21.11
[15:06:40] [Netty Epoll IO #2/INFO]: Grim » tysooon failed Simulation (x220) .113444 /gl 91
[15:06:40] [Netty Epoll IO #2/INFO]: Grim » tysooon failed BadPacketsJ (x449) 
[15:06:40] [Netty Epoll IO #2/INFO]: Grim » tysooon failed Simulation (x221) .114586 /gl 92
[15:06:40] [Netty Epoll IO #2/INFO]: Grim » tysooon failed Timer (x211) 
[15:06:40] [Netty Epoll IO #2/INFO]: Grim » tysooon failed TickTimer (x497) type=flying, packets=1
[15:06:40] [Netty Epoll IO #2/INFO]: Grim » tysooon failed PacketOrderO* (x948) type=PLAYER_INPUT
[15:06:40] [Netty Epoll IO #2/INFO]: Grim » tysooon failed TickTimer (x498) type=end, packets=2
[15:06:40] [Netty Epoll IO #2/INFO]: Grim » tysooon failed RotationPlace (x412) pre-flying
[15:06:40] [Netty Epoll IO #2/INFO]: Grim » tysooon failed PacketOrderO* (x949) type=PLAYER_BLOCK_PLACEMENT
[15:06:40] [Netty Epoll IO #2/INFO]: Grim » tysooon failed PacketOrderO* (x950) type=USE_ITEM
[15:06:40] [Netty Epoll IO #2/INFO]: Grim » tysooon failed AimDuplicateLook (x319) 
[15:06:40] [Netty Epoll IO #2/INFO]: Grim » tysooon failed BadPacketsJ (x450) 
[15:06:40] [Netty Epoll IO #2/INFO]: Grim » tysooon failed Timer (x212) 
[15:06:40] [Netty Epoll IO #2/INFO]: Grim » tysooon failed TickTimer (x499) type=flying, packets=1
[15:06:40] [Netty Epoll IO #2/INFO]: Grim » tysooon failed PacketOrderO* (x951) type=PLAYER_INPUT
[15:06:40] [Netty Epoll IO #2/INFO]: Grim » tysooon failed TickTimer (x500) type=end, packets=2
[15:06:40] [Netty Epoll IO #2/INFO]: Grim » tysooon failed RotationPlace (x413) pre-flying
[15:06:40] [Netty Epoll IO #2/INFO]: Grim » tysooon failed PacketOrderO* (x952) type=PLAYER_BLOCK_PLACEMENT
[15:06:40] [Netty Epoll IO #2/INFO]: Grim » tysooon failed PacketOrderO* (x953) type=USE_ITEM
[15:06:40] [Netty Epoll IO #2/INFO]: Grim » tysooon failed AimDuplicateLook (x320) 
[15:06:40] [Netty Epoll IO #2/INFO]: Grim » tysooon failed Post (x227) player block placement v1.21.11
[15:06:40] [Netty Epoll IO #2/INFO]: Grim » tysooon failed Post (x228) player block placement v1.21.11
[15:06:40] [Netty Epoll IO #2/INFO]: Grim » tysooon failed BadPacketsJ (x451) 
[15:06:40] [Netty Epoll IO #2/INFO]: Grim » tysooon failed Timer (x213) 
[15:06:40] [Netty Epoll IO #2/INFO]: Grim » tysooon failed TickTimer (x501) type=flying, packets=1
[15:06:40] [Netty Epoll IO #2/INFO]: Grim » tysooon failed BadPacketsZ* (x41) 
[15:06:40] [Netty Epoll IO #2/INFO]: Grim » tysooon failed PacketOrderO* (x954) type=PLAYER_INPUT
[15:06:40] [Netty Epoll IO #2/INFO]: Grim » tysooon failed TickTimer (x502) type=end, packets=2
[15:06:40] [Netty Epoll IO #2/INFO]: Grim » tysooon failed Simulation (x222) .114471 /gl 93
[15:06:40] [Netty Epoll IO #2/INFO]: Grim » tysooon failed Simulation (x223) .123360 /gl 94
[15:06:40] [Netty Epoll IO #2/INFO]: Grim » tysooon failed RotationPlace (x414) pre-flying
[15:06:40] [Netty Epoll IO #2/INFO]: Grim » tysooon failed PacketOrderO* (x955) type=PLAYER_BLOCK_PLACEMENT
[15:06:40] [Netty Epoll IO #2/INFO]: Grim » tysooon failed PacketOrderO* (x956) type=USE_ITEM
[15:06:41] [Netty Epoll IO #2/INFO]: Grim » tysooon failed Post (x229) player block placement v1.21.11
[15:06:41] [Netty Epoll IO #2/INFO]: Grim » tysooon failed Simulation (x224) .122505 /gl 95
[15:06:41] [Netty Epoll IO #2/INFO]: Grim » tysooon failed BadPacketsJ (x452) 
[15:06:41] [Netty Epoll IO #2/INFO]: Grim » tysooon failed Timer (x214) 
[15:06:41] [Netty Epoll IO #2/INFO]: Grim » tysooon failed TickTimer (x503) type=flying, packets=1
[15:06:41] [Netty Epoll IO #2/INFO]: Grim » tysooon failed PacketOrderO* (x957) type=PLAYER_INPUT
[15:06:41] [Netty Epoll IO #2/INFO]: Grim » tysooon failed TickTimer (x504) type=end, packets=2
[15:06:41] [Netty Epoll IO #2/INFO]: Grim » tysooon failed Simulation (x225) .122414 /gl 96
[15:06:41] [Netty Epoll IO #2/INFO]: Grim » tysooon failed RotationPlace (x415) pre-flying
[15:06:41] [Netty Epoll IO #2/INFO]: Grim » tysooon failed PacketOrderO* (x958) type=PLAYER_BLOCK_PLACEMENT
[15:06:41] [Netty Epoll IO #2/INFO]: Grim » tysooon failed PacketOrderO* (x959) type=USE_ITEM
[15:06:41] [Netty Epoll IO #2/INFO]: Grim » tysooon failed Post (x230) player block placement v1.21.11
[15:06:41] [Netty Epoll IO #2/INFO]: Grim » tysooon failed Simulation (x226) .122414 /gl 97
[15:06:41] [Netty Epoll IO #2/INFO]: Grim » tysooon failed BadPacketsJ (x453) 
[15:06:41] [Netty Epoll IO #2/INFO]: Grim » tysooon failed PacketOrderO* (x960) type=PLAYER_INPUT
[15:06:41] [Netty Epoll IO #2/INFO]: Grim » tysooon failed Simulation (x227) .122253 /gl 98
[15:06:41] [Netty Epoll IO #2/INFO]: Grim » tysooon failed RotationPlace (x416) pre-flying
[15:06:41] [Netty Epoll IO #2/INFO]: Grim » tysooon failed PacketOrderO* (x961) type=PLAYER_BLOCK_PLACEMENT
[15:06:41] [Netty Epoll IO #2/INFO]: Grim » tysooon failed PacketOrderO* (x962) type=USE_ITEM
[15:06:41] [Netty Epoll IO #2/INFO]: Grim » tysooon failed Post (x231) player block placement v1.21.11
[15:06:41] [Netty Epoll IO #2/INFO]: Grim » tysooon failed Simulation (x228) .121608 /gl 99
[15:06:41] [Netty Epoll IO #2/INFO]: Grim » tysooon failed BadPacketsJ (x454) 
[15:06:41] [Netty Epoll IO #2/INFO]: Grim » tysooon failed Simulation (x229) .120615 /gl 100
[15:06:41] [Netty Epoll IO #2/INFO]: Grim » tysooon failed Timer (x215) 
[15:06:41] [Netty Epoll IO #2/INFO]: Grim » tysooon failed TickTimer (x505) type=flying, packets=1
[15:06:41] [Netty Epoll IO #2/INFO]: Grim » tysooon failed PacketOrderO* (x963) type=PLAYER_INPUT
[15:06:41] [Netty Epoll IO #2/INFO]: Grim » tysooon failed TickTimer (x506) type=end, packets=2
[15:06:41] [Netty Epoll IO #2/INFO]: Grim » tysooon failed Simulation (x230) .120340 /gl 101
[15:06:41] [Netty Epoll IO #2/INFO]: Grim » tysooon failed RotationPlace (x417) pre-flying
[15:06:41] [Netty Epoll IO #2/INFO]: Grim » tysooon failed PacketOrderO* (x964) type=PLAYER_BLOCK_PLACEMENT
[15:06:41] [Netty Epoll IO #2/INFO]: Grim » tysooon failed PacketOrderO* (x965) type=USE_ITEM
[15:06:41] [Netty Epoll IO #2/INFO]: Grim » tysooon failed Post (x232) player block placement v1.21.11
[15:06:41] [Netty Epoll IO #2/INFO]: Grim » tysooon failed Simulation (x231) .112067 /gl 102
[15:06:41] [Netty Epoll IO #2/INFO]: Grim » tysooon failed BadPacketsJ (x455) 
[15:06:41] [Netty Epoll IO #2/INFO]: Grim » tysooon failed Timer (x215) 
[15:06:41] [Netty Epoll IO #2/INFO]: Grim » tysooon failed TickTimer (x507) type=flying, packets=1
[15:06:41] [Netty Epoll IO #2/INFO]: Grim » tysooon failed BadPacketsZ* (x42) 
[15:06:41] [Netty Epoll IO #2/INFO]: Grim » tysooon failed PacketOrderO* (x966) type=PLAYER_INPUT
[15:06:41] [Netty Epoll IO #2/INFO]: Grim » tysooon failed TickTimer (x508) type=end, packets=2
[15:06:41] [Netty Epoll IO #2/INFO]: Grim » tysooon failed Simulation (x232) .111434 /gl 103
[15:06:41] [Netty Epoll IO #2/INFO]: Grim » tysooon failed RotationPlace (x418) pre-flying
[15:06:41] [Netty Epoll IO #2/INFO]: Grim » tysooon failed PacketOrderO* (x967) type=PLAYER_BLOCK_PLACEMENT
[15:06:41] [Netty Epoll IO #2/INFO]: Grim » tysooon failed PacketOrderO* (x968) type=USE_ITEM
[15:06:41] [Netty Epoll IO #2/INFO]: Grim » tysooon failed Post (x233) player block placement v1.21.11
[15:06:41] [Netty Epoll IO #2/INFO]: Grim » tysooon failed Simulation (x233) .108941 /gl 104
[15:06:41] [Netty Epoll IO #2/INFO]: Grim » tysooon failed BadPacketsJ (x456) 
[15:06:41] [Netty Epoll IO #2/INFO]: Grim » tysooon failed Timer (x216) 
[15:06:41] [Netty Epoll IO #2/INFO]: Grim » tysooon failed TickTimer (x509) type=flying, packets=1
[15:06:41] [Netty Epoll IO #2/INFO]: Grim » tysooon failed PacketOrderO* (x969) type=PLAYER_INPUT
[15:06:41] [Netty Epoll IO #2/INFO]: Grim » tysooon failed TickTimer (x510) type=end, packets=2
[15:06:41] [Netty Epoll IO #2/INFO]: Grim » tysooon failed Simulation (x234) .101029 /gl 105
[15:06:41] [Netty Epoll IO #2/INFO]: Grim » tysooon failed Simulation (x235) .091311 /gl 106
[15:06:41] [Netty Epoll IO #2/INFO]: Grim » tysooon failed RotationPlace (x419) pre-flying
[15:06:41] [Netty Epoll IO #2/INFO]: Grim » tysooon failed PacketOrderO* (x970) type=PLAYER_BLOCK_PLACEMENT
[15:06:41] [Netty Epoll IO #2/INFO]: Grim » tysooon failed PacketOrderO* (x971) type=USE_ITEM
[15:06:41] [Netty Epoll IO #2/INFO]: Grim » tysooon failed Post (x234) player block placement v1.21.11
[15:06:41] [Netty Epoll IO #2/INFO]: Grim » tysooon failed Simulation (x236) .066145 /gl 107
[15:06:41] [Netty Epoll IO #2/INFO]: Grim » tysooon failed BadPacketsJ (x457) 
[15:06:41] [Netty Epoll IO #2/INFO]: Grim » tysooon failed Timer (x217) 
[15:06:41] [Netty Epoll IO #2/INFO]: Grim » tysooon failed TickTimer (x511) type=flying, packets=1
[15:06:41] [Netty Epoll IO #2/INFO]: Grim » tysooon failed PacketOrderO* (x972) type=PLAYER_INPUT
[15:06:41] [Netty Epoll IO #2/INFO]: Grim » tysooon failed TickTimer (x512) type=end, packets=2
[15:06:41] [Netty Epoll IO #2/INFO]: Grim » tysooon failed Simulation (x237) .048999 /gl 108
[15:06:41] [Netty Epoll IO #2/INFO]: Grim » tysooon failed RotationPlace (x420) pre-flying
[15:06:41] [Netty Epoll IO #2/INFO]: Grim » tysooon failed PacketOrderO* (x973) type=PLAYER_BLOCK_PLACEMENT
[15:06:41] [Netty Epoll IO #2/INFO]: Grim » tysooon failed PacketOrderO* (x974) type=USE_ITEM
[15:06:41] [Netty Epoll IO #2/INFO]: Grim » tysooon failed Post (x235) player block placement v1.21.11
[15:06:41] [Netty Epoll IO #2/INFO]: Grim » tysooon failed Simulation (x238) .038450 /gl 109
[15:06:41] [Netty Epoll IO #2/INFO]: Grim » tysooon failed BadPacketsJ (x458) 
[15:06:41] [Netty Epoll IO #2/INFO]: Grim » tysooon failed Timer (x218) 
[15:06:41] [Netty Epoll IO #2/INFO]: Grim » tysooon failed TickTimer (x513) type=flying, packets=1
[15:06:41] [Netty Epoll IO #2/INFO]: Grim » tysooon failed PacketOrderO* (x975) type=PLAYER_INPUT
[15:06:41] [Netty Epoll IO #2/INFO]: Grim » tysooon failed TickTimer (x514) type=end, packets=2
[15:06:41] [Netty Epoll IO #2/INFO]: Grim » tysooon failed Simulation (x239) .029084 /gl 110
[15:06:41] [Netty Epoll IO #2/INFO]: Grim » tysooon failed RotationPlace (x421) pre-flying
[15:06:41] [Netty Epoll IO #2/INFO]: Grim » tysooon failed PacketOrderO* (x976) type=PLAYER_BLOCK_PLACEMENT
[15:06:41] [Netty Epoll IO #2/INFO]: Grim » tysooon failed PacketOrderO* (x977) type=USE_ITEM
[15:06:41] [Netty Epoll IO #2/INFO]: Grim » tysooon failed Post (x236) player block placement v1.21.11
[15:06:41] [Netty Epoll IO #2/INFO]: Grim » tysooon failed Simulation (x240) .014569 /gl 111
[15:06:41] [Netty Epoll IO #2/INFO]: Grim » tysooon failed BadPacketsJ (x459) 
[15:06:41] [Netty Epoll IO #2/INFO]: Grim » tysooon failed Timer (x219) 
[15:06:41] [Netty Epoll IO #2/INFO]: Grim » tysooon failed TickTimer (x515) type=flying, packets=1
[15:06:41] [Netty Epoll IO #2/INFO]: Grim » tysooon failed PacketOrderO* (x978) type=PLAYER_INPUT
[15:06:41] [Netty Epoll IO #2/INFO]: Grim » tysooon failed TickTimer (x516) type=end, packets=2
[15:06:41] [Netty Epoll IO #2/INFO]: Grim » tysooon failed Simulation (x241) .017518 /gl 112
[15:06:41] [Netty Epoll IO #2/INFO]: Grim » tysooon failed RotationPlace (x422) pre-flying
[15:06:41] [Netty Epoll IO #2/INFO]: Grim » tysooon failed PacketOrderO* (x979) type=PLAYER_BLOCK_PLACEMENT
[15:06:41] [Netty Epoll IO #2/INFO]: Grim » tysooon failed PacketOrderO* (x980) type=USE_ITEM
[15:06:41] [Netty Epoll IO #2/INFO]: Grim » tysooon failed Post (x237) player block placement v1.21.11
[15:06:41] [Netty Epoll IO #2/INFO]: Grim » tysooon failed Simulation (x242) .018388 /gl 113
[15:06:41] [Netty Epoll IO #2/INFO]: Grim » tysooon failed BadPacketsJ (x460) 
[15:06:41] [Netty Epoll IO #2/INFO]: Grim » tysooon failed Timer (x220) 
[15:06:41] [Netty Epoll IO #2/INFO]: Grim » tysooon failed TickTimer (x517) type=flying, packets=1
[15:06:41] [Netty Epoll IO #2/INFO]: Grim » tysooon failed PacketOrderO* (x981) type=PLAYER_INPUT
[15:06:41] [Netty Epoll IO #2/INFO]: Grim » tysooon failed TickTimer (x518) type=end, packets=2
[15:06:42] [Netty Epoll IO #2/INFO]: Grim » tysooon failed RotationPlace (x423) pre-flying
[15:06:42] [Netty Epoll IO #2/INFO]: Grim » tysooon failed PacketOrderO* (x982) type=PLAYER_BLOCK_PLACEMENT
[15:06:42] [Netty Epoll IO #2/INFO]: Grim » tysooon failed PacketOrderO* (x982) type=USE_ITEM
[15:06:42] [Netty Epoll IO #2/INFO]: Grim » tysooon failed Post (x238) player block placement v1.21.11
[15:06:42] [Netty Epoll IO #2/INFO]: Grim » tysooon failed BadPacketsJ (x461) 
[15:06:42] [Netty Epoll IO #2/INFO]: Grim » tysooon failed Timer (x221) 
[15:06:42] [Netty Epoll IO #2/INFO]: Grim » tysooon failed TickTimer (x519) type=flying, packets=1
[15:06:42] [Netty Epoll IO #2/INFO]: Grim » tysooon failed PacketOrderO* (x983) type=PLAYER_INPUT
[15:06:42] [Netty Epoll IO #2/INFO]: Grim » tysooon failed TickTimer (x520) type=end, packets=2
[15:06:42] [Netty Epoll IO #2/INFO]: Grim » tysooon failed Simulation (x243) .011409 /gl 114
[15:06:42] [Netty Epoll IO #2/INFO]: Grim » tysooon failed Simulation (x244) .013959 /gl 115
[15:06:42] [Netty Epoll IO #2/INFO]: Grim » tysooon failed RotationPlace (x424) pre-flying
[15:06:42] [Netty Epoll IO #2/INFO]: Grim » tysooon failed PacketOrderO* (x984) type=PLAYER_BLOCK_PLACEMENT
[15:06:42] [Netty Epoll IO #2/INFO]: Grim » tysooon failed PacketOrderO* (x985) type=USE_ITEM
[15:06:42] [Netty Epoll IO #2/INFO]: Grim » tysooon failed Post (x239) player block placement v1.21.11
[15:06:42] [Netty Epoll IO #2/INFO]: Grim » tysooon failed Simulation (x245) .014222 /gl 116
[15:06:42] [Netty Epoll IO #2/INFO]: Grim » tysooon failed BadPacketsJ (x462) 
[15:06:42] [Netty Epoll IO #2/INFO]: Grim » tysooon failed Timer (x222) 
[15:06:42] [Netty Epoll IO #2/INFO]: Grim » tysooon failed TickTimer (x521) type=flying, packets=1
[15:06:42] [Netty Epoll IO #2/INFO]: Grim » tysooon failed PacketOrderO* (x986) type=PLAYER_INPUT
[15:06:42] [Netty Epoll IO #2/INFO]: Grim » tysooon failed TickTimer (x522) type=end, packets=2
[15:06:42] [Netty Epoll IO #2/INFO]: Grim » tysooon failed RotationPlace (x425) pre-flying
[15:06:42] [Netty Epoll IO #2/INFO]: Grim » tysooon failed PacketOrderO* (x987) type=PLAYER_BLOCK_PLACEMENT
[15:06:42] [Netty Epoll IO #2/INFO]: Grim » tysooon failed PacketOrderO* (x987) type=USE_ITEM
[15:06:42] [Netty Epoll IO #2/INFO]: Grim » tysooon failed AimDuplicateLook (x321) 
[15:06:42] [Netty Epoll IO #2/INFO]: Grim » tysooon failed Post (x240) player block placement v1.21.11
[15:06:42] [Netty Epoll IO #2/INFO]: Grim » tysooon failed BadPacketsJ (x463) 
[15:06:42] [Netty Epoll IO #2/INFO]: Grim » tysooon failed Timer (x223) 
[15:06:42] [Netty Epoll IO #2/INFO]: Grim » tysooon failed TickTimer (x523) type=flying, packets=1
[15:06:42] [Netty Epoll IO #2/INFO]: Grim » tysooon failed BadPacketsZ* (x43) 
[15:06:42] [Netty Epoll IO #2/INFO]: Grim » tysooon failed PacketOrderO* (x988) type=PLAYER_INPUT
[15:06:42] [Netty Epoll IO #2/INFO]: Grim » tysooon failed TickTimer (x524) type=end, packets=2
[15:06:42] [Netty Epoll IO #2/INFO]: Grim » tysooon failed RotationPlace (x426) pre-flying
[15:06:42] [Netty Epoll IO #2/INFO]: Grim » tysooon failed PacketOrderO* (x989) type=PLAYER_BLOCK_PLACEMENT
[15:06:42] [Netty Epoll IO #2/INFO]: Grim » tysooon failed PacketOrderO* (x990) type=USE_ITEM
[15:06:42] [Netty Epoll IO #2/INFO]: Grim » tysooon failed Post (x241) player block placement v1.21.11
[15:06:42] [Netty Epoll IO #2/INFO]: Grim » tysooon failed Simulation (x246) .015009 /gl 117
[15:06:42] [Netty Epoll IO #2/INFO]: Grim » tysooon failed BadPacketsJ (x464) 
[15:06:42] [Netty Epoll IO #2/INFO]: Grim » tysooon failed Simulation (x247) .016760 /gl 118
[15:06:42] [Netty Epoll IO #2/INFO]: Grim » tysooon failed Timer (x224) 
[15:06:42] [Netty Epoll IO #2/INFO]: Grim » tysooon failed TickTimer (x525) type=flying, packets=1
[15:06:42] [Netty Epoll IO #2/INFO]: Grim » tysooon failed BadPacketsZ* (x43) 
[15:06:42] [Netty Epoll IO #2/INFO]: Grim » tysooon failed PacketOrderO* (x991) type=PLAYER_INPUT
[15:06:42] [Netty Epoll IO #2/INFO]: Grim » tysooon failed TickTimer (x526) type=end, packets=2
[15:06:42] [Netty Epoll IO #2/INFO]: Grim » tysooon failed Simulation (x248) .019043 /gl 119
[15:06:42] [Netty Epoll IO #2/INFO]: Grim » tysooon failed RotationPlace (x427) pre-flying
[15:06:42] [Netty Epoll IO #2/INFO]: Grim » tysooon failed PacketOrderO* (x992) type=PLAYER_BLOCK_PLACEMENT
[15:06:42] [Netty Epoll IO #2/INFO]: Grim » tysooon failed PacketOrderO* (x993) type=USE_ITEM
[15:06:42] [Netty Epoll IO #2/INFO]: Grim » tysooon failed Post (x242) player block placement v1.21.11
[15:06:42] [Netty Epoll IO #2/INFO]: Grim » tysooon failed Simulation (x249) .020875 /gl 120
[15:06:42] [Netty Epoll IO #2/INFO]: Grim » tysooon failed BadPacketsJ (x465) 
[15:06:42] [Netty Epoll IO #2/INFO]: Grim » tysooon failed Timer (x224) 
[15:06:42] [Netty Epoll IO #2/INFO]: Grim » tysooon failed TickTimer (x527) type=flying, packets=1
[15:06:42] [Netty Epoll IO #2/INFO]: Grim » tysooon failed PacketOrderO* (x994) type=PLAYER_INPUT
[15:06:42] [Netty Epoll IO #2/INFO]: Grim » tysooon failed TickTimer (x528) type=end, packets=2
[15:06:42] [Netty Epoll IO #2/INFO]: Grim » tysooon failed RotationPlace (x428) pre-flying
[15:06:42] [Netty Epoll IO #2/INFO]: Grim » tysooon failed BadPacketsJ (x466) 
[15:06:42] [Netty Epoll IO #2/INFO]: Grim » tysooon failed Timer (x224) 
[15:06:42] [Netty Epoll IO #2/INFO]: Grim » tysooon failed TickTimer (x529) type=flying, packets=1
[15:06:42] [Netty Epoll IO #2/INFO]: Grim » tysooon failed PacketOrderO* (x995) type=PLAYER_INPUT
[15:06:42] [Netty Epoll IO #2/INFO]: Grim » tysooon failed TickTimer (x530) type=end, packets=2
[15:06:42] [Netty Epoll IO #2/INFO]: Grim » tysooon failed Simulation (x250) .023406 /gl 121
[15:06:42] [Netty Epoll IO #2/INFO]: Grim » tysooon failed Simulation (x251) .025335 /gl 122
[15:06:42] [Netty Epoll IO #2/INFO]: Grim » tysooon failed RotationPlace (x429) pre-flying
[15:06:42] [Netty Epoll IO #2/INFO]: Grim » tysooon failed PacketOrderO* (x996) type=PLAYER_BLOCK_PLACEMENT
[15:06:42] [Netty Epoll IO #2/INFO]: Grim » tysooon failed PacketOrderO* (x997) type=USE_ITEM
[15:06:42] [Netty Epoll IO #2/INFO]: Grim » tysooon failed Post (x243) player block placement v1.21.11
[15:06:42] [Netty Epoll IO #2/INFO]: Grim » tysooon failed BadPacketsJ (x467) 
[15:06:42] [Netty Epoll IO #2/INFO]: Grim » tysooon failed Timer (x225) 
[15:06:42] [Netty Epoll IO #2/INFO]: Grim » tysooon failed TickTimer (x531) type=flying, packets=1
[15:06:42] [Netty Epoll IO #2/INFO]: Grim » tysooon failed BadPacketsZ* (x43) 
[15:06:42] [Netty Epoll IO #2/INFO]: Grim » tysooon failed PacketOrderO* (x998) type=PLAYER_INPUT
[15:06:42] [Netty Epoll IO #2/INFO]: Grim » tysooon failed TickTimer (x532) type=end, packets=2
[15:06:42] [Netty Epoll IO #2/INFO]: Grim » tysooon failed RotationPlace (x430) pre-flying
[15:06:42] [Netty Epoll IO #2/INFO]: Grim » tysooon failed PacketOrderO* (x999) type=PLAYER_BLOCK_PLACEMENT
[15:06:42] [Netty Epoll IO #2/INFO]: Grim » tysooon failed PacketOrderO* (x1000) type=USE_ITEM
[15:06:42] [Netty Epoll IO #2/INFO]: Grim » tysooon failed AimDuplicateLook (x322) 
[15:06:42] [Netty Epoll IO #2/INFO]: Grim » tysooon failed BadPacketsJ (x468) 
[15:06:42] [Netty Epoll IO #2/INFO]: Grim » tysooon failed Timer (x226) 
[15:06:42] [Netty Epoll IO #2/INFO]: Grim » tysooon failed TickTimer (x533) type=flying, packets=1
[15:06:42] [Netty Epoll IO #2/INFO]: Grim » tysooon failed PacketOrderO* (x1001) type=PLAYER_INPUT
[15:06:42] [Netty Epoll IO #2/INFO]: Grim » tysooon failed TickTimer (x534) type=end, packets=2
[15:06:42] [Netty Epoll IO #2/INFO]: Grim » tysooon failed RotationPlace (x431) pre-flying
[15:06:42] [Netty Epoll IO #2/INFO]: Grim » tysooon failed PacketOrderO* (x1002) type=PLAYER_BLOCK_PLACEMENT
[15:06:42] [Netty Epoll IO #2/INFO]: Grim » tysooon failed PacketOrderO* (x1003) type=USE_ITEM
[15:06:43] [Netty Epoll IO #2/INFO]: Grim » tysooon failed AimDuplicateLook (x323) 
[15:06:43] [Netty Epoll IO #2/INFO]: Grim » tysooon failed BadPacketsJ (x469) 
[15:06:43] [Netty Epoll IO #2/INFO]: Grim » tysooon failed AimDuplicateLook (x324) 
[15:06:43] [Netty Epoll IO #2/INFO]: Grim » tysooon failed Timer (x227) 
[15:06:43] [Netty Epoll IO #2/INFO]: Grim » tysooon failed TickTimer (x535) type=flying, packets=1
[15:06:43] [Netty Epoll IO #2/INFO]: Grim » tysooon failed PacketOrderO* (x1004) type=PLAYER_INPUT
[15:06:43] [Netty Epoll IO #2/INFO]: Grim » tysooon failed TickTimer (x536) type=end, packets=2
[15:06:43] [Netty Epoll IO #2/INFO]: Grim » tysooon failed RotationPlace (x432) pre-flying
[15:06:43] [Netty Epoll IO #2/INFO]: Grim » tysooon failed PacketOrderO* (x1005) type=PLAYER_BLOCK_PLACEMENT
[15:06:43] [Netty Epoll IO #2/INFO]: Grim » tysooon failed PacketOrderO* (x1006) type=USE_ITEM
[15:06:43] [Netty Epoll IO #2/INFO]: Grim » tysooon failed AimDuplicateLook (x325) 
[15:06:43] [Netty Epoll IO #2/INFO]: Grim » tysooon failed BadPacketsJ (x470) 
[15:06:43] [Netty Epoll IO #2/INFO]: Grim » tysooon failed Timer (x228) 
[15:06:43] [Netty Epoll IO #2/INFO]: Grim » tysooon failed TickTimer (x537) type=flying, packets=1
[15:06:43] [Netty Epoll IO #2/INFO]: Grim » tysooon failed PacketOrderO* (x1007) type=PLAYER_INPUT
[15:06:43] [Netty Epoll IO #2/INFO]: Grim » tysooon failed TickTimer (x538) type=end, packets=2
[15:06:43] [Netty Epoll IO #2/INFO]: Grim » tysooon failed RotationPlace (x433) pre-flying
[15:06:43] [Netty Epoll IO #2/INFO]: Grim » tysooon failed BadPacketsJ (x471) 
[15:06:43] [Netty Epoll IO #2/INFO]: Grim » tysooon failed Post (x244) player block placement v1.21.11
[15:06:43] [Netty Epoll IO #2/INFO]: Grim » tysooon failed Post (x245) player block placement v1.21.11
[15:06:43] [Netty Epoll IO #2/INFO]: Grim » tysooon failed Post (x246) player block placement v1.21.11
[15:06:43] [Netty Epoll IO #2/INFO]: Grim » tysooon failed Timer (x228) 
[15:06:43] [Netty Epoll IO #2/INFO]: Grim » tysooon failed TickTimer (x539) type=flying, packets=1
[15:06:43] [Netty Epoll IO #2/INFO]: Grim » tysooon failed PacketOrderO* (x1008) type=PLAYER_INPUT
[15:06:43] [Netty Epoll IO #2/INFO]: Grim » tysooon failed TickTimer (x540) type=end, packets=2
[15:06:43] [Netty Epoll IO #2/INFO]: Grim » tysooon failed PositionPlace (x75) 
[15:06:43] [Netty Epoll IO #2/INFO]: Grim » tysooon failed RotationPlace (x434) pre-flying
[15:06:43] [Netty Epoll IO #2/INFO]: Grim » tysooon failed PacketOrderO* (x1009) type=PLAYER_BLOCK_PLACEMENT
[15:06:43] [Netty Epoll IO #2/INFO]: Grim » tysooon failed PacketOrderO* (x1010) type=USE_ITEM
[15:06:43] [Netty Epoll IO #2/INFO]: Grim » tysooon failed Post (x247) player block placement v1.21.11
[15:06:43] [Netty Epoll IO #2/INFO]: Grim » tysooon failed BadPacketsJ (x472) 
[15:06:43] [Netty Epoll IO #2/INFO]: Grim » tysooon failed Timer (x229) 
[15:06:43] [Netty Epoll IO #2/INFO]: Grim » tysooon failed TickTimer (x541) type=flying, packets=1
[15:06:43] [Netty Epoll IO #2/INFO]: Grim » tysooon failed PacketOrderO* (x1011) type=PLAYER_INPUT
[15:06:43] [Netty Epoll IO #2/INFO]: Grim » tysooon failed TickTimer (x542) type=end, packets=2
[15:06:43] [Netty Epoll IO #2/INFO]: Grim » tysooon failed AimDuplicateLook (x326) 
[15:06:43] [Netty Epoll IO #2/INFO]: Grim » tysooon failed BadPacketsJ (x473) 
[15:06:43] [Netty Epoll IO #2/INFO]: Grim » tysooon failed PositionPlace (x76) 
[15:06:43] [Netty Epoll IO #2/INFO]: Grim » tysooon failed RotationPlace (x435) pre-flying
[15:06:43] [Netty Epoll IO #2/INFO]: Grim » tysooon failed PacketOrderO* (x1012) type=PLAYER_BLOCK_PLACEMENT
[15:06:43] [Netty Epoll IO #2/INFO]: Grim » tysooon failed PacketOrderO* (x1013) type=USE_ITEM
[15:06:44] [Netty Epoll IO #2/INFO]: Grim » tysooon failed AimDuplicateLook (x327) 
[15:06:44] [Netty Epoll IO #2/INFO]: Grim » tysooon failed BadPacketsJ (x474) 
[15:06:44] [Netty Epoll IO #2/INFO]: Grim » tysooon failed Timer (x230) 
[15:06:44] [Netty Epoll IO #2/INFO]: Grim » tysooon failed TickTimer (x543) type=flying, packets=1
[15:06:44] [Netty Epoll IO #2/INFO]: Grim » tysooon failed PacketOrderO* (x1014) type=PLAYER_INPUT
[15:06:44] [Netty Epoll IO #2/INFO]: Grim » tysooon failed TickTimer (x544) type=end, packets=2
[15:06:44] [Netty Epoll IO #2/INFO]: Grim » tysooon failed PositionPlace (x77) 
[15:06:44] [Netty Epoll IO #2/INFO]: Grim » tysooon failed RotationPlace (x436) pre-flying
[15:06:44] [Netty Epoll IO #2/INFO]: Grim » tysooon failed PacketOrderO* (x1015) type=PLAYER_BLOCK_PLACEMENT
[15:06:44] [Netty Epoll IO #2/INFO]: Grim » tysooon failed PacketOrderO* (x1016) type=USE_ITEM
[15:06:44] [Netty Epoll IO #2/INFO]: Grim » tysooon failed AimDuplicateLook (x328) 
[15:06:44] [Netty Epoll IO #2/INFO]: Grim » tysooon failed BadPacketsJ (x475) 
[15:06:44] [Netty Epoll IO #2/INFO]: Grim » tysooon failed Timer (x231) 
[15:06:44] [Netty Epoll IO #2/INFO]: Grim » tysooon failed TickTimer (x545) type=flying, packets=1
[15:06:44] [Netty Epoll IO #2/INFO]: Grim » tysooon failed PacketOrderO* (x1017) type=PLAYER_INPUT
[15:06:44] [Netty Epoll IO #2/INFO]: Grim » tysooon failed TickTimer (x546) type=end, packets=2
[15:06:44] [Netty Epoll IO #2/INFO]: Grim » tysooon failed BadPacketsJ (x476) 
[15:06:44] [Netty Epoll IO #2/INFO]: Grim » tysooon failed PositionPlace (x78) 
[15:06:44] [Netty Epoll IO #2/INFO]: Grim » tysooon failed RotationPlace (x437) pre-flying
[15:06:44] [Netty Epoll IO #2/INFO]: Grim » tysooon failed PacketOrderO* (x1018) type=PLAYER_BLOCK_PLACEMENT
[15:06:44] [Netty Epoll IO #2/INFO]: Grim » tysooon failed PacketOrderO* (x1019) type=USE_ITEM
[15:06:44] [Netty Epoll IO #2/INFO]: Grim » tysooon failed AimDuplicateLook (x329) 
[15:06:44] [Netty Epoll IO #2/INFO]: Grim » tysooon failed BadPacketsJ (x477) 
[15:06:44] [Netty Epoll IO #2/INFO]: Grim » tysooon failed AimDuplicateLook (x330) 
[15:06:44] [Netty Epoll IO #2/INFO]: Grim » tysooon failed Timer (x232) 
[15:06:44] [Netty Epoll IO #2/INFO]: Grim » tysooon failed TickTimer (x547) type=flying, packets=1
[15:06:44] [Netty Epoll IO #2/INFO]: Grim » tysooon failed PacketOrderO* (x1020) type=PLAYER_INPUT
[15:06:44] [Netty Epoll IO #2/INFO]: Grim » tysooon failed TickTimer (x548) type=end, packets=2
[15:06:44] [Netty Epoll IO #2/INFO]: Grim » tysooon failed PositionPlace (x79) 
[15:06:44] [Netty Epoll IO #2/INFO]: Grim » tysooon failed RotationPlace (x438) pre-flying
[15:06:44] [Netty Epoll IO #2/INFO]: Grim » tysooon failed PacketOrderO* (x1021) type=PLAYER_BLOCK_PLACEMENT
[15:06:44] [Netty Epoll IO #2/INFO]: Grim » tysooon failed PacketOrderO* (x1022) type=USE_ITEM
[15:06:44] [Netty Epoll IO #2/INFO]: Grim » tysooon failed AimDuplicateLook (x331) 
[15:06:44] [Netty Epoll IO #2/INFO]: Grim » tysooon failed BadPacketsJ (x478) 
[15:06:44] [Netty Epoll IO #2/INFO]: Grim » tysooon failed BadPacketsJ (x479) 
[15:06:44] [Netty Epoll IO #2/INFO]: Grim » tysooon failed Timer (x233) 
[15:06:44] [Netty Epoll IO #2/INFO]: Grim » tysooon failed TickTimer (x549) type=flying, packets=1
[15:06:44] [Netty Epoll IO #2/INFO]: Grim » tysooon failed PacketOrderO* (x1023) type=PLAYER_INPUT
[15:06:44] [Netty Epoll IO #2/INFO]: Grim » tysooon failed TickTimer (x550) type=end, packets=2
[15:06:44] [Netty Epoll IO #2/INFO]: Grim » tysooon failed PositionPlace (x80) 
[15:06:44] [Netty Epoll IO #2/INFO]: Grim » tysooon failed RotationPlace (x439) pre-flying
[15:06:44] [Netty Epoll IO #2/INFO]: Grim » tysooon failed PacketOrderO* (x1024) type=PLAYER_BLOCK_PLACEMENT
[15:06:44] [Netty Epoll IO #2/INFO]: Grim » tysooon failed PacketOrderO* (x1025) type=USE_ITEM
[15:06:44] [Netty Epoll IO #2/INFO]: Grim » tysooon failed AimDuplicateLook (x332) 
[15:06:44] [Netty Epoll IO #2/INFO]: Grim » tysooon failed BadPacketsJ (x480) 
[15:06:44] [Netty Epoll IO #2/INFO]: Grim » tysooon failed Timer (x233) 
[15:06:44] [Netty Epoll IO #2/INFO]: Grim » tysooon failed TickTimer (x551) type=flying, packets=1
[15:06:44] [Netty Epoll IO #2/INFO]: Grim » tysooon failed PacketOrderO* (x1026) type=PLAYER_INPUT
[15:06:44] [Netty Epoll IO #2/INFO]: Grim » tysooon failed TickTimer (x552) type=end, packets=2
[15:06:44] [Netty Epoll IO #2/INFO]: Grim » tysooon failed AimDuplicateLook (x333) 
[15:06:44] [Netty Epoll IO #2/INFO]: Grim » tysooon failed BadPacketsJ (x481) 
[15:06:44] [Netty Epoll IO #2/INFO]: Grim » tysooon failed PositionPlace (x81) 
[15:06:44] [Netty Epoll IO #2/INFO]: Grim » tysooon failed RotationPlace (x440) pre-flying
[15:06:44] [Netty Epoll IO #2/INFO]: Grim » tysooon failed PacketOrderO* (x1027) type=PLAYER_BLOCK_PLACEMENT
[15:06:44] [Netty Epoll IO #2/INFO]: Grim » tysooon failed PacketOrderO* (x1028) type=USE_ITEM
[15:06:44] [Netty Epoll IO #2/INFO]: Grim » tysooon failed AimDuplicateLook (x334) 
[15:06:44] [Netty Epoll IO #2/INFO]: Grim » tysooon failed BadPacketsJ (x482) 
[15:06:44] [Netty Epoll IO #2/INFO]: Grim » tysooon failed Timer (x234) 
[15:06:44] [Netty Epoll IO #2/INFO]: Grim » tysooon failed TickTimer (x553) type=flying, packets=1
[15:06:44] [Netty Epoll IO #2/INFO]: Grim » tysooon failed PacketOrderO* (x1029) type=PLAYER_INPUT
[15:06:44] [Netty Epoll IO #2/INFO]: Grim » tysooon failed TickTimer (x554) type=end, packets=2
[15:06:44] [Netty Epoll IO #2/INFO]: Grim » tysooon failed PositionPlace (x81) 
[15:06:44] [Netty Epoll IO #2/INFO]: Grim » tysooon failed RotationPlace (x441) pre-flying
[15:06:44] [Netty Epoll IO #2/INFO]: Grim » tysooon failed PacketOrderO* (x1030) type=PLAYER_BLOCK_PLACEMENT
[15:06:44] [Netty Epoll IO #2/INFO]: Grim » tysooon failed PacketOrderO* (x1031) type=USE_ITEM
[15:06:44] [Netty Epoll IO #2/INFO]: Grim » tysooon failed Post (x248) player block placement v1.21.11
[15:06:44] [Netty Epoll IO #2/INFO]: Grim » tysooon failed Post (x249) player block placement v1.21.11
[15:06:44] [Netty Epoll IO #2/INFO]: Grim » tysooon failed Post (x250) player block placement v1.21.11
[15:06:44] [Netty Epoll IO #2/INFO]: Grim » tysooon failed Post (x251) player block placement v1.21.11
[15:06:44] [Netty Epoll IO #2/INFO]: Grim » tysooon failed Post (x252) player block placement v1.21.11
[15:06:44] [Netty Epoll IO #2/INFO]: Grim » tysooon failed Post (x253) player block placement v1.21.11
[15:06:44] [Netty Epoll IO #2/INFO]: Grim » tysooon failed Post (x254) player block placement v1.21.11
[15:06:44] [Netty Epoll IO #2/INFO]: Grim » tysooon failed BadPacketsJ (x483) 
[15:06:45] [Netty Epoll IO #2/INFO]: Grim » tysooon failed AimModulo360 (x9) 
[15:06:45] [Netty Epoll IO #2/INFO]: Grim » tysooon failed Timer (x235) 
[15:06:45] [Netty Epoll IO #2/INFO]: Grim » tysooon failed TickTimer (x555) type=flying, packets=1
[15:06:45] [Netty Epoll IO #2/INFO]: Grim » tysooon failed BadPacketsZ* (x43) 
[15:06:45] [Netty Epoll IO #2/INFO]: Grim » tysooon failed PacketOrderO* (x1032) type=PLAYER_INPUT
[15:06:45] [Netty Epoll IO #2/INFO]: Grim » tysooon failed TickTimer (x556) type=end, packets=2
[15:06:45] [Netty Epoll IO #2/INFO]: Grim » tysooon failed PositionPlace (x82) 
[15:06:45] [Netty Epoll IO #2/INFO]: Grim » tysooon failed RotationPlace (x442) pre-flying
[15:06:45] [Netty Epoll IO #2/INFO]: Grim » tysooon failed PacketOrderO* (x1033) type=PLAYER_BLOCK_PLACEMENT
[15:06:45] [Netty Epoll IO #2/INFO]: Grim » tysooon failed PacketOrderO* (x1034) type=USE_ITEM
[15:06:45] [Netty Epoll IO #2/INFO]: Grim » tysooon failed Post (x255) player block placement v1.21.11
[15:06:45] [Netty Epoll IO #2/INFO]: Grim » tysooon failed BadPacketsJ (x484) 
[15:06:46] [Netty Epoll IO #2/INFO]: Grim » tysooon failed Timer (x236) 
[15:06:46] [Netty Epoll IO #2/INFO]: Grim » tysooon failed TickTimer (x557) type=flying, packets=1
[15:06:46] [Netty Epoll IO #2/INFO]: Grim » tysooon failed PacketOrderO* (x1035) type=PLAYER_INPUT
[15:06:46] [Netty Epoll IO #2/INFO]: Grim » tysooon failed TickTimer (x558) type=end, packets=2
[15:06:46] [Netty Epoll IO #2/INFO]: Grim » tysooon failed PositionPlace (x83) 
[15:06:46] [Netty Epoll IO #2/INFO]: Grim » tysooon failed BadPacketsJ (x485) 
[15:06:46] [Netty Epoll IO #2/INFO]: Grim » tysooon failed Timer (x237) 
[15:06:46] [Netty Epoll IO #2/INFO]: Grim » tysooon failed TickTimer (x559) type=flying, packets=1
[15:06:46] [Netty Epoll IO #2/INFO]: Grim » tysooon failed PacketOrderO* (x1036) type=PLAYER_INPUT
[15:06:46] [Netty Epoll IO #2/INFO]: Grim » tysooon failed TickTimer (x560) type=end, packets=2
[15:06:47] [Netty Epoll IO #2/INFO]: Grim » tysooon failed Simulation (x252) .064771 /gl 123
[15:06:47] [Netty Epoll IO #2/INFO]: Grim » tysooon failed PositionPlace (x84) 
[15:06:47] [Netty Epoll IO #2/INFO]: Grim » tysooon failed PacketOrderO* (x1037) type=PLAYER_BLOCK_PLACEMENT
[15:06:47] [Netty Epoll IO #2/INFO]: Grim » tysooon failed PacketOrderO* (x1038) type=USE_ITEM
[15:06:47] [Netty Epoll IO #2/INFO]: Grim » tysooon failed Post (x256) player block placement v1.21.11
[15:06:47] [Netty Epoll IO #2/INFO]: Grim » tysooon failed Simulation (x253) .018325 /gl 124
[15:06:47] [Netty Epoll IO #2/INFO]: Grim » tysooon failed BadPacketsJ (x486) 
[15:06:53] [Netty Epoll IO #2/INFO]: Grim » tysooon failed Timer (x238) 
[15:06:53] [Netty Epoll IO #2/INFO]: Grim » tysooon failed TickTimer (x561) type=flying, packets=1
[15:06:53] [Netty Epoll IO #2/INFO]: Grim » tysooon failed PacketOrderO* (x1039) type=PLAYER_INPUT
[15:06:53] [Netty Epoll IO #2/INFO]: Grim » tysooon failed TickTimer (x562) type=end, packets=2
[15:06:53] [Netty Epoll IO #2/INFO]: Grim » tysooon failed RotationPlace (x443) pre-flying
[15:06:53] [Netty Epoll IO #2/INFO]: Grim » tysooon failed PacketOrderO* (x1040) type=PLAYER_BLOCK_PLACEMENT
[15:06:53] [Netty Epoll IO #2/INFO]: Grim » tysooon failed PacketOrderO* (x1041) type=USE_ITEM
[15:06:53] [Netty Epoll IO #2/INFO]: Grim » tysooon failed Post (x257) player block placement v1.21.11
[15:06:53] [Netty Epoll IO #2/INFO]: Grim » tysooon failed Simulation (x254) .013720 /gl 125
[15:06:53] [Netty Epoll IO #2/INFO]: Grim » tysooon failed BadPacketsJ (x487) 
[15:06:53] [Netty Epoll IO #2/INFO]: Grim » tysooon failed BadPacketsZ* (x44) 
[15:06:53] [Netty Epoll IO #2/INFO]: Grim » tysooon failed PacketOrderO* (x1042) type=PLAYER_INPUT
[15:06:53] [Netty Epoll IO #2/INFO]: Grim » tysooon failed Timer (x239) 
[15:06:53] [Netty Epoll IO #2/INFO]: Grim » tysooon failed TickTimer (x563) type=flying, packets=1
[15:06:53] [Netty Epoll IO #2/INFO]: Grim » tysooon failed PacketOrderO* (x1043) type=PLAYER_INPUT
[15:06:53] [Netty Epoll IO #2/INFO]: Grim » tysooon failed TickTimer (x564) type=end, packets=2
[15:06:54] [Netty Epoll IO #2/INFO]: Grim » tysooon failed RotationPlace (x444) pre-flying
[15:06:54] [Netty Epoll IO #2/INFO]: Grim » tysooon failed PacketOrderO* (x1044) type=PLAYER_BLOCK_PLACEMENT
[15:06:54] [Netty Epoll IO #2/INFO]: Grim » tysooon failed PacketOrderO* (x1045) type=USE_ITEM
[15:06:54] [Netty Epoll IO #2/INFO]: Grim » tysooon failed Post (x258) player block placement v1.21.11
[15:06:54] [Netty Epoll IO #2/INFO]: Grim » tysooon failed BadPacketsJ (x488) 
[15:06:54] [Netty Epoll IO #2/INFO]: Grim » tysooon failed PacketOrderO* (x1046) type=PLAYER_INPUT
[15:06:54] [Netty Epoll IO #2/INFO]: Grim » tysooon failed Timer (x240) 
[15:06:54] [Netty Epoll IO #2/INFO]: Grim » tysooon failed TickTimer (x565) type=flying, packets=1
[15:06:54] [Netty Epoll IO #2/INFO]: Grim » tysooon failed PacketOrderO* (x1047) type=PLAYER_INPUT
[15:06:54] [Netty Epoll IO #2/INFO]: Grim » tysooon failed TickTimer (x566) type=end, packets=2
[15:06:54] [Netty Epoll IO #2/INFO]: Grim » tysooon failed RotationPlace (x445) pre-flying
[15:06:54] [Netty Epoll IO #2/INFO]: Grim » tysooon failed PacketOrderO* (x1048) type=PLAYER_BLOCK_PLACEMENT
[15:06:54] [Netty Epoll IO #2/INFO]: Grim » tysooon failed PacketOrderO* (x1048) type=USE_ITEM
[15:06:54] [Netty Epoll IO #2/INFO]: Grim » tysooon failed Post (x259) player block placement v1.21.11
[15:06:54] [Netty Epoll IO #2/INFO]: Grim » tysooon failed Simulation (x255) .327503 /gl 126
[15:06:54] [Netty Epoll IO #2/INFO]: Grim » tysooon failed BadPacketsJ (x489) 
[15:06:54] [Netty Epoll IO #2/INFO]: Grim » tysooon failed PacketOrderO* (x1049) type=PLAYER_INPUT
[15:06:54] [Netty Epoll IO #2/INFO]: Grim » tysooon failed Timer (x241) 
[15:06:54] [Netty Epoll IO #2/INFO]: Grim » tysooon failed TickTimer (x567) type=flying, packets=1
[15:06:54] [Netty Epoll IO #2/INFO]: Grim » tysooon failed BadPacketsZ* (x44) 
[15:06:54] [Netty Epoll IO #2/INFO]: Grim » tysooon failed PacketOrderO* (x1050) type=PLAYER_INPUT
[15:06:54] [Netty Epoll IO #2/INFO]: Grim » tysooon failed TickTimer (x568) type=end, packets=2
[15:06:54] [Netty Epoll IO #2/INFO]: Grim » tysooon failed RotationPlace (x446) pre-flying
[15:06:54] [Netty Epoll IO #2/INFO]: Grim » tysooon failed BadPacketsJ (x490) 
[15:06:54] [Netty Epoll IO #2/INFO]: Grim » tysooon failed PacketOrderO* (x1051) type=PLAYER_INPUT
[15:06:56] [Netty Epoll IO #2/INFO]: Grim » tysooon failed Timer (x242) 
[15:06:56] [Netty Epoll IO #2/INFO]: Grim » tysooon failed TickTimer (x569) type=flying, packets=1
[15:06:56] [Netty Epoll IO #2/INFO]: Grim » tysooon failed PacketOrderO* (x1052) type=PLAYER_INPUT
[15:06:56] [Netty Epoll IO #2/INFO]: Grim » tysooon failed TickTimer (x570) type=end, packets=2
[15:06:56] [Netty Epoll IO #2/INFO]: Grim » tysooon failed Simulation (x256) .013720 /gl 127
[15:06:56] [Netty Epoll IO #2/INFO]: Grim » tysooon failed PacketOrderO* (x1053) type=PLAYER_BLOCK_PLACEMENT
[15:06:56] [Netty Epoll IO #2/INFO]: Grim » tysooon failed PacketOrderO* (x1053) type=USE_ITEM
[15:06:56] [Netty Epoll IO #2/INFO]: Grim » tysooon failed Post (x260) player block placement v1.21.11
[15:06:56] [Netty Epoll IO #2/INFO]: Grim » tysooon failed BadPacketsJ (x491) 
[15:06:56] [Netty Epoll IO #2/INFO]: Grim » tysooon failed Timer (x243) 
[15:06:56] [Netty Epoll IO #2/INFO]: Grim » tysooon failed TickTimer (x571) type=flying, packets=1
[15:06:56] [Netty Epoll IO #2/INFO]: Grim » tysooon failed PacketOrderO* (x1054) type=PLAYER_INPUT
[15:06:56] [Netty Epoll IO #2/INFO]: Grim » tysooon failed TickTimer (x572) type=end, packets=2
[15:06:56] [Netty Epoll IO #2/INFO]: Grim » tysooon failed Simulation (x257) .028402 /gl 128
[15:06:56] [Netty Epoll IO #2/INFO]: Grim » tysooon failed PacketOrderO* (x1055) type=PLAYER_BLOCK_PLACEMENT
[15:06:56] [Netty Epoll IO #2/INFO]: Grim » tysooon failed PacketOrderO* (x1056) type=USE_ITEM
[15:06:56] [Netty Epoll IO #2/INFO]: Grim » tysooon failed Post (x261) player block placement v1.21.11
[15:06:56] [Netty Epoll IO #2/INFO]: Grim » tysooon failed BadPacketsJ (x492) 
[15:07:14] [Server thread/INFO]: danhz issued server command: /home house
[15:07:33] [Netty Epoll IO #2/INFO]: Grim » tysooon failed AimModulo360 (x10) 
[15:07:33] [Netty Epoll IO #2/INFO]: Grim » tysooon failed BadPacketsV* (x175) delta=0.0
[15:07:33] [Netty Epoll IO #2/INFO]: Grim » tysooon failed PacketOrderO* (x1057) type=PLAYER_INPUT
[15:07:33] [Netty Epoll IO #2/INFO]: Grim » tysooon failed RotationPlace (x447) pre-flying
[15:07:33] [Netty Epoll IO #2/INFO]: Grim » tysooon failed BadPacketsJ (x493) 
[15:07:33] [Netty Epoll IO #2/INFO]: Grim » tysooon failed AimDuplicateLook (x335) 
[15:07:33] [Netty Epoll IO #2/INFO]: Grim » tysooon failed BadPacketsV* (x176) delta=0.0
[15:07:33] [Netty Epoll IO #2/INFO]: Grim » tysooon failed PacketOrderO* (x1058) type=PLAYER_INPUT
[15:07:33] [Netty Epoll IO #2/INFO]: Grim » tysooon failed RotationPlace (x448) pre-flying
[15:07:33] [Netty Epoll IO #2/INFO]: Grim » tysooon failed BadPacketsJ (x494) 
[15:07:34] [Netty Epoll IO #2/INFO]: Grim » tysooon failed AimDuplicateLook (x336) 
[15:07:34] [Netty Epoll IO #2/INFO]: Grim » tysooon failed BadPacketsV* (x177) delta=0.0
[15:07:34] [Netty Epoll IO #2/INFO]: Grim » tysooon failed PacketOrderO* (x1059) type=PLAYER_INPUT
[15:07:34] [Netty Epoll IO #2/INFO]: Grim » tysooon failed BadPacketsV* (x178) delta=0.0
[15:07:34] [Netty Epoll IO #2/INFO]: Grim » tysooon failed RotationPlace (x449) pre-flying
[15:07:34] [Netty Epoll IO #2/INFO]: Grim » tysooon failed PacketOrderO* (x1060) type=PLAYER_BLOCK_PLACEMENT
[15:07:34] [Netty Epoll IO #2/INFO]: Grim » tysooon failed PacketOrderO* (x1061) type=USE_ITEM
[15:07:34] [Netty Epoll IO #2/INFO]: Grim » tysooon failed BadPacketsJ (x495) 
[15:07:34] [Netty Epoll IO #2/INFO]: Grim » tysooon failed AimDuplicateLook (x337) 
[15:07:34] [Netty Epoll IO #2/INFO]: Grim » tysooon failed Post (x262) player block placement v1.21.11
[15:07:34] [Netty Epoll IO #2/INFO]: Grim » tysooon failed BadPacketsV* (x179) delta=0.0
[15:07:34] [Netty Epoll IO #2/INFO]: Grim » tysooon failed PacketOrderO* (x1062) type=PLAYER_INPUT
[15:07:34] [Netty Epoll IO #2/INFO]: Grim » tysooon failed RotationPlace (x450) pre-flying
[15:07:34] [Netty Epoll IO #2/INFO]: Grim » tysooon failed BadPacketsJ (x496) 
[15:07:34] [Netty Epoll IO #2/INFO]: Grim » tysooon failed AimDuplicateLook (x338) 
[15:07:34] [Netty Epoll IO #2/INFO]: Grim » tysooon failed BadPacketsV* (x180) delta=0.0
[15:07:34] [Netty Epoll IO #2/INFO]: Grim » tysooon failed PacketOrderO* (x1063) type=PLAYER_INPUT
[15:07:35] [Netty Epoll IO #2/INFO]: Grim » tysooon failed RotationPlace (x451) pre-flying
[15:07:35] [Netty Epoll IO #2/INFO]: Grim » tysooon failed BadPacketsJ (x497) 
[15:07:35] [Netty Epoll IO #2/INFO]: Grim » tysooon failed AimDuplicateLook (x339) 
[15:07:35] [Netty Epoll IO #2/INFO]: Grim » tysooon failed BadPacketsV* (x181) delta=0.0
[15:07:35] [Netty Epoll IO #2/INFO]: Grim » tysooon failed PacketOrderO* (x1064) type=PLAYER_INPUT
[15:07:35] [Netty Epoll IO #2/INFO]: Grim » tysooon failed BadPacketsV* (x181) delta=0.0
[15:07:35] [Netty Epoll IO #2/INFO]: Grim » tysooon failed RotationPlace (x452) pre-flying
[15:07:35] [Netty Epoll IO #2/INFO]: Grim » tysooon failed PacketOrderO* (x1065) type=PLAYER_BLOCK_PLACEMENT
[15:07:35] [Netty Epoll IO #2/INFO]: Grim » tysooon failed PacketOrderO* (x1066) type=USE_ITEM
[15:07:35] [Server thread/INFO]: danhz issued server command: /sellall
[15:07:35] [Netty Epoll IO #2/INFO]: Grim » tysooon failed BadPacketsJ (x498) 
[15:07:35] [Netty Epoll IO #2/INFO]: Grim » tysooon failed Timer (x244) 
[15:07:35] [Netty Epoll IO #2/INFO]: Grim » tysooon failed TickTimer (x573) type=flying, packets=1
[15:07:35] [Netty Epoll IO #2/INFO]: Grim » tysooon failed PacketOrderO* (x1067) type=PLAYER_INPUT
[15:07:35] [Netty Epoll IO #2/INFO]: Grim » tysooon failed TickTimer (x574) type=end, packets=2
[15:07:35] [Netty Epoll IO #2/INFO]: Grim » tysooon failed RotationPlace (x453) pre-flying
[15:07:35] [Netty Epoll IO #2/INFO]: Grim » tysooon failed BadPacketsJ (x499) 
[15:07:36] [Netty Epoll IO #2/INFO]: Grim » tysooon failed Post (x263) player block placement v1.21.11
[15:07:36] [Netty Epoll IO #2/INFO]: Grim » tysooon failed PacketOrderO* (x1068) type=PLAYER_INPUT
[15:07:36] [Netty Epoll IO #2/INFO]: Grim » tysooon failed RotationPlace (x454) pre-flying
[15:07:36] [Netty Epoll IO #2/INFO]: Grim » tysooon failed BadPacketsJ (x500) 
[15:07:36] [Netty Epoll IO #2/INFO]: Grim » tysooon failed BadPacketsV* (x182) delta=0.0
[15:07:36] [Netty Epoll IO #2/INFO]: Grim » tysooon failed AimDuplicateLook (x340) 
[15:07:36] [Netty Epoll IO #2/INFO]: Grim » tysooon failed BadPacketsV* (x183) delta=0.0
[15:07:36] [Netty Epoll IO #2/INFO]: Grim » tysooon failed PacketOrderO* (x1069) type=PLAYER_INPUT
[15:07:36] [Netty Epoll IO #2/INFO]: Grim » tysooon failed RotationPlace (x455) pre-flying
[15:07:36] [Netty Epoll IO #2/INFO]: Grim » tysooon failed BadPacketsJ (x501) 
[15:07:36] [Netty Epoll IO #2/INFO]: Grim » tysooon failed AimDuplicateLook (x341) 
[15:07:36] [Netty Epoll IO #2/INFO]: Grim » tysooon failed BadPacketsV* (x184) delta=0.0
[15:07:36] [Netty Epoll IO #2/INFO]: Grim » tysooon failed PacketOrderO* (x1070) type=PLAYER_INPUT
[15:07:36] [Netty Epoll IO #2/INFO]: Grim » tysooon failed RotationPlace (x456) pre-flying
[15:07:36] [Netty Epoll IO #2/INFO]: Grim » tysooon failed BadPacketsJ (x502) 
[15:07:36] [Netty Epoll IO #2/INFO]: Grim » tysooon failed AimDuplicateLook (x342) 
[15:07:36] [Netty Epoll IO #2/INFO]: Grim » tysooon failed BadPacketsV* (x185) delta=0.0
[15:07:36] [Netty Epoll IO #2/INFO]: Grim » tysooon failed PacketOrderO* (x1071) type=PLAYER_INPUT
[15:07:36] [Netty Epoll IO #2/INFO]: Grim » tysooon failed AimDuplicateLook (x343) 
[15:07:36] [Netty Epoll IO #2/INFO]: Grim » tysooon failed AimDuplicateLook (x344) 
[15:07:36] [Netty Epoll IO #2/INFO]: Grim » tysooon failed RotationPlace (x457) pre-flying
[15:07:36] [Netty Epoll IO #2/INFO]: Grim » tysooon failed PacketOrderO* (x1072) type=PLAYER_BLOCK_PLACEMENT
[15:07:36] [Netty Epoll IO #2/INFO]: Grim » tysooon failed PacketOrderO* (x1073) type=USE_ITEM
[15:07:36] [Netty Epoll IO #2/INFO]: Grim » tysooon failed AimDuplicateLook (x345) 
[15:07:36] [Netty Epoll IO #2/INFO]: Grim » tysooon failed BadPacketsJ (x503) 
[15:07:36] [Netty Epoll IO #2/INFO]: Grim » tysooon failed Timer (x245) 
[15:07:36] [Netty Epoll IO #2/INFO]: Grim » tysooon failed TickTimer (x575) type=flying, packets=1
[15:07:36] [Netty Epoll IO #2/INFO]: Grim » tysooon failed PacketOrderO* (x1074) type=PLAYER_INPUT
[15:07:36] [Netty Epoll IO #2/INFO]: Grim » tysooon failed TickTimer (x576) type=end, packets=2
[15:07:36] [Netty Epoll IO #2/INFO]: Grim » tysooon failed RotationPlace (x458) pre-flying
[15:07:36] [Netty Epoll IO #2/INFO]: Grim » tysooon failed PacketOrderO* (x1075) type=PLAYER_BLOCK_PLACEMENT
[15:07:36] [Netty Epoll IO #2/INFO]: Grim » tysooon failed PacketOrderO* (x1076) type=USE_ITEM
[15:07:36] [Netty Epoll IO #2/INFO]: Grim » tysooon failed AimDuplicateLook (x346) 
[15:07:36] [Netty Epoll IO #2/INFO]: Grim » tysooon failed BadPacketsJ (x504) 
[15:07:36] [Netty Epoll IO #2/INFO]: Grim » tysooon failed Timer (x246) 
[15:07:36] [Netty Epoll IO #2/INFO]: Grim » tysooon failed TickTimer (x577) type=flying, packets=1
[15:07:36] [Netty Epoll IO #2/INFO]: Grim » tysooon failed PacketOrderO* (x1077) type=PLAYER_INPUT
[15:07:36] [Netty Epoll IO #2/INFO]: Grim » tysooon failed TickTimer (x578) type=end, packets=2
[15:07:36] [Netty Epoll IO #2/INFO]: Grim » tysooon failed RotationPlace (x459) pre-flying
[15:07:36] [Netty Epoll IO #2/INFO]: Grim » tysooon failed PacketOrderO* (x1078) type=PLAYER_BLOCK_PLACEMENT
[15:07:36] [Netty Epoll IO #2/INFO]: Grim » tysooon failed PacketOrderO* (x1079) type=USE_ITEM
[15:07:36] [Netty Epoll IO #2/INFO]: Grim » tysooon failed AimDuplicateLook (x347) 
[15:07:36] [Netty Epoll IO #2/INFO]: Grim » tysooon failed BadPacketsJ (x505) 
[15:07:36] [Netty Epoll IO #2/INFO]: Grim » tysooon failed AimDuplicateLook (x348) 
[15:07:36] [Netty Epoll IO #2/INFO]: Grim » tysooon failed Timer (x247) 
[15:07:36] [Netty Epoll IO #2/INFO]: Grim » tysooon failed TickTimer (x579) type=flying, packets=1
[15:07:36] [Netty Epoll IO #2/INFO]: Grim » tysooon failed PacketOrderO* (x1080) type=PLAYER_INPUT
[15:07:36] [Netty Epoll IO #2/INFO]: Grim » tysooon failed TickTimer (x580) type=end, packets=2
[15:07:36] [Netty Epoll IO #2/INFO]: Grim » tysooon failed RotationPlace (x460) pre-flying
[15:07:36] [Netty Epoll IO #2/INFO]: Grim » tysooon failed PacketOrderO* (x1081) type=PLAYER_BLOCK_PLACEMENT
[15:07:36] [Netty Epoll IO #2/INFO]: Grim » tysooon failed PacketOrderO* (x1082) type=USE_ITEM
[15:07:36] [Netty Epoll IO #2/INFO]: Grim » tysooon failed AimDuplicateLook (x349) 
[15:07:36] [Netty Epoll IO #2/INFO]: Grim » tysooon failed BadPacketsJ (x506) 
[15:07:36] [Netty Epoll IO #2/INFO]: Grim » tysooon failed Timer (x247) 
[15:07:36] [Netty Epoll IO #2/INFO]: Grim » tysooon failed TickTimer (x581) type=flying, packets=1
[15:07:36] [Netty Epoll IO #2/INFO]: Grim » tysooon failed PacketOrderO* (x1083) type=PLAYER_INPUT
[15:07:36] [Netty Epoll IO #2/INFO]: Grim » tysooon failed TickTimer (x582) type=end, packets=2
[15:07:36] [Netty Epoll IO #2/INFO]: Grim » tysooon failed RotationPlace (x461) pre-flying
[15:07:36] [Netty Epoll IO #2/INFO]: Grim » tysooon failed PacketOrderO* (x1084) type=PLAYER_BLOCK_PLACEMENT
[15:07:36] [Netty Epoll IO #2/INFO]: Grim » tysooon failed PacketOrderO* (x1085) type=USE_ITEM
[15:07:36] [Netty Epoll IO #2/INFO]: Grim » tysooon failed AimDuplicateLook (x350) 
[15:07:36] [Netty Epoll IO #2/INFO]: Grim » tysooon failed BadPacketsJ (x507) 
[15:07:36] [Netty Epoll IO #2/INFO]: Grim » tysooon failed Timer (x248) 
[15:07:36] [Netty Epoll IO #2/INFO]: Grim » tysooon failed TickTimer (x583) type=flying, packets=1
[15:07:36] [Netty Epoll IO #2/INFO]: Grim » tysooon failed PacketOrderO* (x1086) type=PLAYER_INPUT
[15:07:36] [Netty Epoll IO #2/INFO]: Grim » tysooon failed TickTimer (x584) type=end, packets=2
[15:07:37] [Netty Epoll IO #2/INFO]: Grim » tysooon failed AimDuplicateLook (x351) 
[15:07:37] [Netty Epoll IO #2/INFO]: Grim » tysooon failed RotationPlace (x462) pre-flying
[15:07:37] [Netty Epoll IO #2/INFO]: Grim » tysooon failed PacketOrderO* (x1087) type=PLAYER_BLOCK_PLACEMENT
[15:07:37] [Netty Epoll IO #2/INFO]: Grim » tysooon failed PacketOrderO* (x1088) type=USE_ITEM
[15:07:37] [Netty Epoll IO #2/INFO]: Grim » tysooon failed AimDuplicateLook (x352) 
[15:07:37] [Netty Epoll IO #2/INFO]: Grim » tysooon failed Post (x264) player block placement v1.21.11
[15:07:37] [Netty Epoll IO #2/INFO]: Grim » tysooon failed Post (x264) player block placement v1.21.11
[15:07:37] [Netty Epoll IO #2/INFO]: Grim » tysooon failed Post (x265) player block placement v1.21.11
[15:07:37] [Netty Epoll IO #2/INFO]: Grim » tysooon failed Post (x265) player block placement v1.21.11
[15:07:37] [Netty Epoll IO #2/INFO]: Grim » tysooon failed Post (x266) player block placement v1.21.11
[15:07:37] [Netty Epoll IO #2/INFO]: Grim » tysooon failed Post (x267) player block placement v1.21.11
[15:07:37] [Netty Epoll IO #2/INFO]: Grim » tysooon failed BadPacketsJ (x508) 
[15:07:37] [Netty Epoll IO #2/INFO]: Grim » tysooon failed Timer (x249) 
[15:07:37] [Netty Epoll IO #2/INFO]: Grim » tysooon failed TickTimer (x585) type=flying, packets=1
[15:07:37] [Netty Epoll IO #2/INFO]: Grim » tysooon failed PacketOrderO* (x1089) type=PLAYER_INPUT
[15:07:37] [Netty Epoll IO #2/INFO]: Grim » tysooon failed TickTimer (x586) type=end, packets=2
[15:07:37] [Netty Epoll IO #2/INFO]: Grim » tysooon failed Simulation (x258) .010856 /gl 129
[15:07:37] [Netty Epoll IO #2/INFO]: Grim » tysooon failed RotationPlace (x463) pre-flying
[15:07:37] [Netty Epoll IO #2/INFO]: Grim » tysooon failed PacketOrderO* (x1090) type=PLAYER_BLOCK_PLACEMENT
[15:07:37] [Netty Epoll IO #2/INFO]: Grim » tysooon failed PacketOrderO* (x1091) type=USE_ITEM
[15:07:37] [Netty Epoll IO #2/INFO]: Grim » tysooon failed BadPacketsJ (x509) 
[15:07:37] [Netty Epoll IO #2/INFO]: Grim » tysooon failed Timer (x250) 
[15:07:37] [Netty Epoll IO #2/INFO]: Grim » tysooon failed TickTimer (x587) type=flying, packets=1
[15:07:37] [Netty Epoll IO #2/INFO]: Grim » tysooon failed PacketOrderO* (x1092) type=PLAYER_INPUT
[15:07:37] [Netty Epoll IO #2/INFO]: Grim » tysooon failed TickTimer (x588) type=end, packets=2
[15:07:37] [Netty Epoll IO #2/INFO]: Grim » tysooon failed Post (x268) player block placement v1.21.11
[15:07:37] [Netty Epoll IO #2/INFO]: Grim » tysooon failed PacketOrderO* (x1093) type=PLAYER_BLOCK_PLACEMENT
[15:07:37] [Netty Epoll IO #2/INFO]: Grim » tysooon failed PacketOrderO* (x1094) type=USE_ITEM
[15:07:37] [Netty Epoll IO #2/INFO]: Grim » tysooon failed Post (x269) player block placement v1.21.11
[15:07:37] [Netty Epoll IO #2/INFO]: Grim » tysooon failed BadPacketsJ (x510) 
[15:07:37] [Netty Epoll IO #2/INFO]: Grim » tysooon failed AimModulo360 (x11) 
[15:07:37] [Netty Epoll IO #2/INFO]: Grim » tysooon failed Timer (x251) 
[15:07:37] [Netty Epoll IO #2/INFO]: Grim » tysooon failed TickTimer (x589) type=flying, packets=1
[15:07:37] [Netty Epoll IO #2/INFO]: Grim » tysooon failed PacketOrderO* (x1095) type=PLAYER_INPUT
[15:07:37] [Netty Epoll IO #2/INFO]: Grim » tysooon failed TickTimer (x590) type=end, packets=2
[15:07:37] [Netty Epoll IO #2/INFO]: Grim » tysooon failed PositionPlace (x85) 
[15:07:37] [Netty Epoll IO #2/INFO]: Grim » tysooon failed RotationPlace (x464) pre-flying
[15:07:37] [Netty Epoll IO #2/INFO]: Grim » tysooon failed PacketOrderO* (x1096) type=PLAYER_BLOCK_PLACEMENT
[15:07:37] [Netty Epoll IO #2/INFO]: Grim » tysooon failed PacketOrderO* (x1097) type=USE_ITEM
[15:07:37] [Netty Epoll IO #2/INFO]: Grim » tysooon failed AimDuplicateLook (x353) 
[15:07:37] [Netty Epoll IO #2/INFO]: Grim » tysooon failed Post (x270) player block placement v1.21.11
[15:07:37] [Netty Epoll IO #2/INFO]: Grim » tysooon failed BadPacketsJ (x511) 
[15:07:37] [Netty Epoll IO #2/INFO]: Grim » tysooon failed PacketOrderO* (x1098) type=PLAYER_INPUT
[15:07:37] [Netty Epoll IO #2/INFO]: Grim » tysooon failed AimDuplicateLook (x354) 
[15:07:37] [Netty Epoll IO #2/INFO]: Grim » tysooon failed Timer (x252) 
[15:07:37] [Netty Epoll IO #2/INFO]: Grim » tysooon failed TickTimer (x591) type=flying, packets=1
[15:07:37] [Netty Epoll IO #2/INFO]: Grim » tysooon failed PacketOrderO* (x1099) type=PLAYER_INPUT
[15:07:37] [Netty Epoll IO #2/INFO]: Grim » tysooon failed TickTimer (x592) type=end, packets=2
[15:07:37] [Netty Epoll IO #2/INFO]: Grim » tysooon failed PositionPlace (x86) 
[15:07:37] [Netty Epoll IO #2/INFO]: Grim » tysooon failed RotationPlace (x465) pre-flying
[15:07:37] [Netty Epoll IO #2/INFO]: Grim » tysooon failed PacketOrderO* (x1100) type=PLAYER_BLOCK_PLACEMENT
[15:07:37] [Netty Epoll IO #2/INFO]: Grim » tysooon failed PacketOrderO* (x1101) type=USE_ITEM
[15:07:37] [Netty Epoll IO #2/INFO]: Grim » tysooon failed AimDuplicateLook (x355) 
[15:07:37] [Netty Epoll IO #2/INFO]: Grim » tysooon failed Post (x271) player block placement v1.21.11
[15:07:37] [Netty Epoll IO #2/INFO]: Grim » tysooon failed BadPacketsJ (x512) 
[15:07:37] [Netty Epoll IO #2/INFO]: Grim » tysooon failed AimDuplicateLook (x356) 
[15:07:37] [Netty Epoll IO #2/INFO]: Grim » tysooon failed PacketOrderO* (x1102) type=PLAYER_INPUT
[15:07:37] [Netty Epoll IO #2/INFO]: Grim » tysooon failed AimDuplicateLook (x357) 
[15:07:37] [Netty Epoll IO #2/INFO]: Grim » tysooon failed Timer (x253) 
[15:07:37] [Netty Epoll IO #2/INFO]: Grim » tysooon failed TickTimer (x593) type=flying, packets=1
[15:07:37] [Netty Epoll IO #2/INFO]: Grim » tysooon failed PacketOrderO* (x1103) type=PLAYER_INPUT
[15:07:37] [Netty Epoll IO #2/INFO]: Grim » tysooon failed TickTimer (x594) type=end, packets=2
[15:07:37] [Netty Epoll IO #2/INFO]: Grim » tysooon failed PositionPlace (x87) 
[15:07:37] [Netty Epoll IO #2/INFO]: Grim » tysooon failed RotationPlace (x466) pre-flying
[15:07:37] [Netty Epoll IO #2/INFO]: Grim » tysooon failed PacketOrderO* (x1104) type=PLAYER_BLOCK_PLACEMENT
[15:07:37] [Netty Epoll IO #2/INFO]: Grim » tysooon failed PacketOrderO* (x1105) type=USE_ITEM
[15:07:37] [Netty Epoll IO #2/INFO]: Grim » tysooon failed AimDuplicateLook (x358) 
[15:07:37] [Netty Epoll IO #2/INFO]: Grim » tysooon failed BadPacketsJ (x513) 
[15:07:37] [Netty Epoll IO #2/INFO]: Grim » tysooon failed PacketOrderO* (x1106) type=PLAYER_INPUT
[15:07:37] [Netty Epoll IO #2/INFO]: Grim » tysooon failed AimDuplicateLook (x359) 
[15:07:37] [Netty Epoll IO #2/INFO]: Grim » tysooon failed Post (x272) player block placement v1.21.11
[15:07:37] [Netty Epoll IO #2/INFO]: Grim » tysooon failed Timer (x254) 
[15:07:37] [Netty Epoll IO #2/INFO]: Grim » tysooon failed TickTimer (x595) type=flying, packets=1
[15:07:37] [Netty Epoll IO #2/INFO]: Grim » tysooon failed BadPacketsZ* (x45) 
[15:07:37] [Netty Epoll IO #2/INFO]: Grim » tysooon failed PacketOrderO* (x1107) type=PLAYER_INPUT
[15:07:37] [Netty Epoll IO #2/INFO]: Grim » tysooon failed TickTimer (x596) type=end, packets=2
[15:07:37] [Netty Epoll IO #2/INFO]: Grim » tysooon failed Simulation (x259) .014787 /gl 130
[15:07:37] [Netty Epoll IO #2/INFO]: Grim » tysooon failed Simulation (x260) .075667 /gl 131
[15:07:37] [Netty Epoll IO #2/INFO]: Grim » tysooon failed PositionPlace (x88) 
[15:07:37] [Netty Epoll IO #2/INFO]: Grim » tysooon failed RotationPlace (x467) pre-flying
[15:07:37] [Netty Epoll IO #2/INFO]: Grim » tysooon failed PacketOrderO* (x1108) type=PLAYER_BLOCK_PLACEMENT
[15:07:37] [Netty Epoll IO #2/INFO]: Grim » tysooon failed PacketOrderO* (x1109) type=USE_ITEM
[15:07:38] [Netty Epoll IO #2/INFO]: Grim » tysooon failed Post (x273) player block placement v1.21.11
[15:07:38] [Netty Epoll IO #2/INFO]: Grim » tysooon failed Simulation (x261) .078394 /gl 132
[15:07:38] [Netty Epoll IO #2/INFO]: Grim » tysooon failed BadPacketsJ (x514) 
[15:07:38] [Netty Epoll IO #2/INFO]: Grim » tysooon failed PacketOrderO* (x1110) type=PLAYER_INPUT
[15:07:38] [Netty Epoll IO #2/INFO]: Grim » tysooon failed Simulation (x262) .078460 /gl 133
[15:07:38] [Netty Epoll IO #2/INFO]: Grim » tysooon failed Timer (x255) 
[15:07:38] [Netty Epoll IO #2/INFO]: Grim » tysooon failed TickTimer (x597) type=flying, packets=1
[15:07:38] [Netty Epoll IO #2/INFO]: Grim » tysooon failed PacketOrderO* (x1111) type=PLAYER_INPUT
[15:07:38] [Netty Epoll IO #2/INFO]: Grim » tysooon failed TickTimer (x598) type=end, packets=2
[15:07:38] [Netty Epoll IO #2/INFO]: Grim » tysooon failed Simulation (x263) .017032 /gl 134
[15:07:38] [Netty Epoll IO #2/INFO]: Grim » tysooon failed PositionPlace (x89) 
[15:07:38] [Netty Epoll IO #2/INFO]: Grim » tysooon failed RotationPlace (x468) pre-flying
[15:07:38] [Netty Epoll IO #2/INFO]: Grim » tysooon failed PacketOrderO* (x1112) type=PLAYER_BLOCK_PLACEMENT
[15:07:38] [Netty Epoll IO #2/INFO]: Grim » tysooon failed PacketOrderO* (x1112) type=USE_ITEM
[15:07:38] [Netty Epoll IO #2/INFO]: Grim » tysooon failed Post (x274) player block placement v1.21.11
[15:07:38] [Netty Epoll IO #2/INFO]: Grim » tysooon failed Simulation (x264) .063888 /gl 135
[15:07:38] [Netty Epoll IO #2/INFO]: Grim » tysooon failed BadPacketsJ (x514) 
[15:07:38] [Netty Epoll IO #2/INFO]: Grim » tysooon failed BadPacketsZ* (x46) 
[15:07:38] [Netty Epoll IO #2/INFO]: Grim » tysooon failed PacketOrderO* (x1113) type=PLAYER_INPUT
[15:07:38] [Netty Epoll IO #2/INFO]: Grim » tysooon failed Simulation (x265) .023435 /gl 136
[15:07:38] [Netty Epoll IO #2/INFO]: Grim » tysooon failed Simulation (x266) .013690 /gl 137
[15:07:38] [Netty Epoll IO #2/INFO]: Grim » tysooon failed Timer (x256) 
[15:07:38] [Netty Epoll IO #2/INFO]: Grim » tysooon failed TickTimer (x599) type=flying, packets=1
[15:07:38] [Netty Epoll IO #2/INFO]: Grim » tysooon failed PacketOrderO* (x1114) type=PLAYER_INPUT
[15:07:38] [Netty Epoll IO #2/INFO]: Grim » tysooon failed TickTimer (x600) type=end, packets=2
[15:07:38] [Netty Epoll IO #2/INFO]: Grim » tysooon failed Simulation (x267) .013897 /gl 138
[15:07:38] [Netty Epoll IO #2/INFO]: Grim » tysooon failed PositionPlace (x89) 
[15:07:38] [Netty Epoll IO #2/INFO]: Grim » tysooon failed RotationPlace (x469) pre-flying
[15:07:38] [Netty Epoll IO #2/INFO]: Grim » tysooon failed PacketOrderO* (x1115) type=PLAYER_BLOCK_PLACEMENT
[15:07:38] [Netty Epoll IO #2/INFO]: Grim » tysooon failed PacketOrderO* (x1116) type=USE_ITEM
[15:07:38] [Netty Epoll IO #2/INFO]: Grim » tysooon failed Post (x275) player block placement v1.21.11
[15:07:38] [Netty Epoll IO #2/INFO]: Grim » tysooon failed Simulation (x268) .058699 /gl 139
[15:07:38] [Netty Epoll IO #2/INFO]: Grim » tysooon failed BadPacketsJ (x515) 
[15:07:38] [Netty Epoll IO #2/INFO]: Grim » tysooon failed PacketOrderO* (x1117) type=PLAYER_INPUT
[15:07:38] [Netty Epoll IO #2/INFO]: Grim » tysooon failed Simulation (x269) .059583 /gl 140
[15:07:38] [Netty Epoll IO #2/INFO]: Grim » tysooon failed Timer (x257) 
[15:07:38] [Netty Epoll IO #2/INFO]: Grim » tysooon failed TickTimer (x601) type=flying, packets=1
[15:07:38] [Netty Epoll IO #2/INFO]: Grim » tysooon failed PacketOrderO* (x1118) type=PLAYER_INPUT
[15:07:38] [Netty Epoll IO #2/INFO]: Grim » tysooon failed TickTimer (x602) type=end, packets=2
[15:07:38] [Netty Epoll IO #2/INFO]: Grim » tysooon failed Simulation (x270) .015191 /gl 141
[15:07:38] [Netty Epoll IO #2/INFO]: Grim » tysooon failed PositionPlace (x89) 
[15:07:38] [Netty Epoll IO #2/INFO]: Grim » tysooon failed RotationPlace (x470) pre-flying
[15:07:38] [Netty Epoll IO #2/INFO]: Grim » tysooon failed PacketOrderO* (x1119) type=PLAYER_BLOCK_PLACEMENT
[15:07:38] [Netty Epoll IO #2/INFO]: Grim » tysooon failed PacketOrderO* (x1120) type=USE_ITEM
[15:07:38] [Netty Epoll IO #2/INFO]: Grim » tysooon failed Post (x276) player block placement v1.21.11
[15:07:38] [Netty Epoll IO #2/INFO]: Grim » tysooon failed Simulation (x271) .059347 /gl 142
[15:07:38] [Netty Epoll IO #2/INFO]: Grim » tysooon failed BadPacketsJ (x516) 
[15:07:38] [Netty Epoll IO #2/INFO]: Grim » tysooon failed Simulation (x272) .058534 /gl 143
[15:07:38] [Netty Epoll IO #2/INFO]: Grim » tysooon failed PacketOrderO* (x1121) type=PLAYER_INPUT
[15:07:38] [Netty Epoll IO #2/INFO]: Grim » tysooon failed Timer (x258) 
[15:07:38] [Netty Epoll IO #2/INFO]: Grim » tysooon failed TickTimer (x603) type=flying, packets=1
[15:07:38] [Netty Epoll IO #2/INFO]: Grim » tysooon failed BadPacketsZ* (x47) 
[15:07:38] [Netty Epoll IO #2/INFO]: Grim » tysooon failed PacketOrderO* (x1122) type=PLAYER_INPUT
[15:07:38] [Netty Epoll IO #2/INFO]: Grim » tysooon failed TickTimer (x604) type=end, packets=2
[15:07:38] [Netty Epoll IO #2/INFO]: Grim » tysooon failed PositionPlace (x90) 
[15:07:38] [Netty Epoll IO #2/INFO]: Grim » tysooon failed RotationPlace (x471) pre-flying
[15:07:38] [Netty Epoll IO #2/INFO]: Grim » tysooon failed PacketOrderO* (x1123) type=PLAYER_BLOCK_PLACEMENT
[15:07:38] [Netty Epoll IO #2/INFO]: Grim » tysooon failed PacketOrderO* (x1124) type=USE_ITEM
[15:07:38] [Netty Epoll IO #2/INFO]: Grim » tysooon failed AimDuplicateLook (x360) 
[15:07:38] [Netty Epoll IO #2/INFO]: Grim » tysooon failed BadPacketsJ (x517) 
[15:07:38] [Netty Epoll IO #2/INFO]: Grim » tysooon failed PacketOrderO* (x1125) type=PLAYER_INPUT
[15:07:38] [Netty Epoll IO #2/INFO]: Grim » tysooon failed AimDuplicateLook (x361) 
[15:07:38] [Netty Epoll IO #2/INFO]: Grim » tysooon failed Timer (x259) 
[15:07:38] [Netty Epoll IO #2/INFO]: Grim » tysooon failed TickTimer (x605) type=flying, packets=1
[15:07:38] [Netty Epoll IO #2/INFO]: Grim » tysooon failed PacketOrderO* (x1126) type=PLAYER_INPUT
[15:07:38] [Netty Epoll IO #2/INFO]: Grim » tysooon failed TickTimer (x606) type=end, packets=2
[15:07:38] [Netty Epoll IO #2/INFO]: Grim » tysooon failed AimDuplicateLook (x362) 
[15:07:38] [Netty Epoll IO #2/INFO]: Grim » tysooon failed Post (x277) player block placement v1.21.11
[15:07:38] [Netty Epoll IO #2/INFO]: Grim » tysooon failed PositionPlace (x91) 
[15:07:38] [Netty Epoll IO #2/INFO]: Grim » tysooon failed RotationPlace (x472) pre-flying
[15:07:38] [Netty Epoll IO #2/INFO]: Grim » tysooon failed PacketOrderO* (x1127) type=PLAYER_BLOCK_PLACEMENT
[15:07:38] [Netty Epoll IO #2/INFO]: Grim » tysooon failed PacketOrderO* (x1128) type=USE_ITEM
[15:07:38] [Netty Epoll IO #2/INFO]: Grim » tysooon failed AimDuplicateLook (x363) 
[15:07:38] [Netty Epoll IO #2/INFO]: Grim » tysooon failed Post (x278) player block placement v1.21.11
[15:07:38] [Netty Epoll IO #2/INFO]: Grim » tysooon failed BadPacketsJ (x518) 
[15:07:38] [Netty Epoll IO #2/INFO]: Grim » tysooon failed PacketOrderO* (x1129) type=PLAYER_INPUT
[15:07:38] [Netty Epoll IO #2/INFO]: Grim » tysooon failed AimDuplicateLook (x364) 
[15:07:38] [Netty Epoll IO #2/INFO]: Grim » tysooon failed Timer (x260) 
[15:07:38] [Netty Epoll IO #2/INFO]: Grim » tysooon failed TickTimer (x607) type=flying, packets=1
[15:07:38] [Netty Epoll IO #2/INFO]: Grim » tysooon failed PacketOrderO* (x1130) type=PLAYER_INPUT
[15:07:38] [Netty Epoll IO #2/INFO]: Grim » tysooon failed TickTimer (x608) type=end, packets=2
[15:07:39] [Netty Epoll IO #2/INFO]: Grim » tysooon failed PositionPlace (x92) 
[15:07:39] [Netty Epoll IO #2/INFO]: Grim » tysooon failed RotationPlace (x473) pre-flying
[15:07:39] [Netty Epoll IO #2/INFO]: Grim » tysooon failed PacketOrderO* (x1131) type=PLAYER_BLOCK_PLACEMENT
[15:07:39] [Netty Epoll IO #2/INFO]: Grim » tysooon failed PacketOrderO* (x1132) type=USE_ITEM
[15:07:39] [Netty Epoll IO #2/INFO]: Grim » tysooon failed Post (x279) player block placement v1.21.11
[15:07:39] [Netty Epoll IO #2/INFO]: Grim » tysooon failed Simulation (x273) .018457 /gl 144
[15:07:39] [Netty Epoll IO #2/INFO]: Grim » tysooon failed BadPacketsJ (x519) 
[15:07:39] [Netty Epoll IO #2/INFO]: Grim » tysooon failed BadPacketsZ* (x48) 
[15:07:39] [Netty Epoll IO #2/INFO]: Grim » tysooon failed PacketOrderO* (x1133) type=PLAYER_INPUT
[15:07:39] [Netty Epoll IO #2/INFO]: Grim » tysooon failed Simulation (x274) .018665 /gl 145
[15:07:39] [Netty Epoll IO #2/INFO]: Grim » tysooon failed Simulation (x275) .018903 /gl 146
[15:07:39] [Netty Epoll IO #2/INFO]: Grim » tysooon failed Timer (x261) 
[15:07:39] [Netty Epoll IO #2/INFO]: Grim » tysooon failed TickTimer (x609) type=flying, packets=1
[15:07:39] [Netty Epoll IO #2/INFO]: Grim » tysooon failed PacketOrderO* (x1134) type=PLAYER_INPUT
[15:07:39] [Netty Epoll IO #2/INFO]: Grim » tysooon failed TickTimer (x610) type=end, packets=2
[15:07:39] [Netty Epoll IO #2/INFO]: Grim » tysooon failed PositionPlace (x93) 
[15:07:39] [Netty Epoll IO #2/INFO]: Grim » tysooon failed RotationPlace (x474) pre-flying
[15:07:39] [Netty Epoll IO #2/INFO]: Grim » tysooon failed PacketOrderO* (x1135) type=PLAYER_BLOCK_PLACEMENT
[15:07:39] [Netty Epoll IO #2/INFO]: Grim » tysooon failed PacketOrderO* (x1136) type=USE_ITEM
[15:07:39] [Netty Epoll IO #2/INFO]: Grim » tysooon failed Post (x280) player block placement v1.21.11
[15:07:39] [Netty Epoll IO #2/INFO]: Grim » tysooon failed BadPacketsJ (x520) 
[15:07:39] [Netty Epoll IO #2/INFO]: Grim » tysooon failed BadPacketsZ* (x49) 
[15:07:39] [Netty Epoll IO #2/INFO]: Grim » tysooon failed PacketOrderO* (x1137) type=PLAYER_INPUT
[15:07:39] [Netty Epoll IO #2/INFO]: Grim » tysooon failed AimDuplicateLook (x365) 
[15:07:39] [Netty Epoll IO #2/INFO]: Grim » tysooon failed Timer (x262) 
[15:07:39] [Netty Epoll IO #2/INFO]: Grim » tysooon failed TickTimer (x611) type=flying, packets=1
[15:07:39] [Netty Epoll IO #2/INFO]: Grim » tysooon failed PacketOrderO* (x1138) type=PLAYER_INPUT
[15:07:39] [Netty Epoll IO #2/INFO]: Grim » tysooon failed TickTimer (x612) type=end, packets=2
[15:07:39] [Netty Epoll IO #2/INFO]: Grim » tysooon failed PositionPlace (x94) 
[15:07:39] [Netty Epoll IO #2/INFO]: Grim » tysooon failed RotationPlace (x475) pre-flying
[15:07:39] [Netty Epoll IO #2/INFO]: Grim » tysooon failed PacketOrderO* (x1139) type=PLAYER_BLOCK_PLACEMENT
[15:07:39] [Netty Epoll IO #2/INFO]: Grim » tysooon failed PacketOrderO* (x1140) type=USE_ITEM
[15:07:39] [Netty Epoll IO #2/INFO]: Grim » tysooon failed AimDuplicateLook (x366) 
[15:07:39] [Netty Epoll IO #2/INFO]: Grim » tysooon failed Post (x281) player block placement v1.21.11
[15:07:39] [Netty Epoll IO #2/INFO]: Grim » tysooon failed BadPacketsJ (x520) 
[15:07:39] [Netty Epoll IO #2/INFO]: Grim » tysooon failed AimDuplicateLook (x367) 
[15:07:39] [Netty Epoll IO #2/INFO]: Grim » tysooon failed Simulation (x276) .093396 /gl 147
[15:07:39] [Netty Epoll IO #2/INFO]: Grim » tysooon failed BadPacketsZ* (x50) 
[15:07:39] [Netty Epoll IO #2/INFO]: Grim » tysooon failed PacketOrderO* (x1141) type=PLAYER_INPUT
[15:07:39] [Netty Epoll IO #2/INFO]: Grim » tysooon failed Simulation (x277) .092240 /gl 148
[15:07:39] [Netty Epoll IO #2/INFO]: Grim » tysooon failed Timer (x263) 
[15:07:39] [Netty Epoll IO #2/INFO]: Grim » tysooon failed TickTimer (x613) type=flying, packets=1
[15:07:39] [Netty Epoll IO #2/INFO]: Grim » tysooon failed BadPacketsZ* (x50) 
[15:07:39] [Netty Epoll IO #2/INFO]: Grim » tysooon failed PacketOrderO* (x1142) type=PLAYER_INPUT
[15:07:39] [Netty Epoll IO #2/INFO]: Grim » tysooon failed TickTimer (x614) type=end, packets=2
[15:07:39] [Netty Epoll IO #2/INFO]: Grim » tysooon failed Simulation (x278) .020401 /gl 149
[15:07:39] [Netty Epoll IO #2/INFO]: Grim » tysooon failed PositionPlace (x95) 
[15:07:39] [Netty Epoll IO #2/INFO]: Grim » tysooon failed RotationPlace (x476) pre-flying
[15:07:39] [Netty Epoll IO #2/INFO]: Grim » tysooon failed PacketOrderO* (x1143) type=PLAYER_BLOCK_PLACEMENT
[15:07:39] [Netty Epoll IO #2/INFO]: Grim » tysooon failed PacketOrderO* (x1144) type=USE_ITEM
[15:07:39] [Netty Epoll IO #2/INFO]: Grim » tysooon failed Post (x282) player block placement v1.21.11
[15:07:39] [Netty Epoll IO #2/INFO]: Grim » tysooon failed Simulation (x279) .019641 /gl 150
[15:07:39] [Netty Epoll IO #2/INFO]: Grim » tysooon failed BadPacketsJ (x521) 
[15:07:39] [Netty Epoll IO #2/INFO]: Grim » tysooon failed PacketOrderO* (x1145) type=PLAYER_INPUT
[15:07:39] [Netty Epoll IO #2/INFO]: Grim » tysooon failed Simulation (x280) .010499 /gl 151
[15:07:39] [Netty Epoll IO #2/INFO]: Grim » tysooon failed Timer (x264) 
[15:07:39] [Netty Epoll IO #2/INFO]: Grim » tysooon failed TickTimer (x615) type=flying, packets=1
[15:07:39] [Netty Epoll IO #2/INFO]: Grim » tysooon failed PacketOrderO* (x1146) type=PLAYER_INPUT
[15:07:39] [Netty Epoll IO #2/INFO]: Grim » tysooon failed TickTimer (x616) type=end, packets=2
[15:07:39] [Netty Epoll IO #2/INFO]: Grim » tysooon failed Simulation (x281) .015844 /gl 152
[15:07:39] [Netty Epoll IO #2/INFO]: Grim » tysooon failed PositionPlace (x96) 
[15:07:39] [Netty Epoll IO #2/INFO]: Grim » tysooon failed RotationPlace (x477) pre-flying
[15:07:39] [Netty Epoll IO #2/INFO]: Grim » tysooon failed PacketOrderO* (x1147) type=PLAYER_BLOCK_PLACEMENT
[15:07:39] [Netty Epoll IO #2/INFO]: Grim » tysooon failed PacketOrderO* (x1148) type=USE_ITEM
[15:07:39] [Netty Epoll IO #2/INFO]: Grim » tysooon failed Post (x283) player block placement v1.21.11
[15:07:39] [Netty Epoll IO #2/INFO]: Grim » tysooon failed Simulation (x282) .020920 /gl 153
[15:07:39] [Netty Epoll IO #2/INFO]: Grim » tysooon failed BadPacketsJ (x522) 
[15:07:39] [Netty Epoll IO #2/INFO]: Grim » tysooon failed PacketOrderO* (x1149) type=PLAYER_INPUT
[15:07:39] [Netty Epoll IO #2/INFO]: Grim » tysooon failed Simulation (x283) .019489 /gl 154
[15:07:39] [Netty Epoll IO #2/INFO]: Grim » tysooon failed Timer (x265) 
[15:07:39] [Netty Epoll IO #2/INFO]: Grim » tysooon failed TickTimer (x617) type=flying, packets=1
[15:07:39] [Netty Epoll IO #2/INFO]: Grim » tysooon failed PacketOrderO* (x1150) type=PLAYER_INPUT
[15:07:39] [Netty Epoll IO #2/INFO]: Grim » tysooon failed TickTimer (x618) type=end, packets=2
[15:07:39] [Netty Epoll IO #2/INFO]: Grim » tysooon failed Simulation (x284) .015280 /gl 155
[15:07:39] [Netty Epoll IO #2/INFO]: Grim » tysooon failed PositionPlace (x97) 
[15:07:39] [Netty Epoll IO #2/INFO]: Grim » tysooon failed RotationPlace (x478) pre-flying
[15:07:39] [Netty Epoll IO #2/INFO]: Grim » tysooon failed PacketOrderO* (x1151) type=PLAYER_BLOCK_PLACEMENT
[15:07:39] [Netty Epoll IO #2/INFO]: Grim » tysooon failed PacketOrderO* (x1152) type=USE_ITEM
[15:07:39] [Netty Epoll IO #2/INFO]: Grim » tysooon failed Post (x284) player block placement v1.21.11
[15:07:39] [Netty Epoll IO #2/INFO]: Grim » tysooon failed Simulation (x285) .059676 /gl 156
[15:07:39] [Netty Epoll IO #2/INFO]: Grim » tysooon failed BadPacketsJ (x523) 
[15:07:39] [Netty Epoll IO #2/INFO]: Grim » tysooon failed PacketOrderO* (x1153) type=PLAYER_INPUT
[15:07:40] [Netty Epoll IO #2/INFO]: Grim » tysooon failed Simulation (x286) .059771 /gl 157
[15:07:40] [Netty Epoll IO #2/INFO]: Grim » tysooon failed Simulation (x287) .023959 /gl 158
[15:07:40] [Netty Epoll IO #2/INFO]: Grim » tysooon failed Timer (x265) 
[15:07:40] [Netty Epoll IO #2/INFO]: Grim » tysooon failed TickTimer (x619) type=flying, packets=1
[15:07:40] [Netty Epoll IO #2/INFO]: Grim » tysooon failed PacketOrderO* (x1154) type=PLAYER_INPUT
[15:07:40] [Netty Epoll IO #2/INFO]: Grim » tysooon failed TickTimer (x620) type=end, packets=2
[15:07:40] [Netty Epoll IO #2/INFO]: Grim » tysooon failed Simulation (x288) .017526 /gl 159
[15:07:40] [Netty Epoll IO #2/INFO]: Grim » tysooon failed PositionPlace (x98) 
[15:07:40] [Netty Epoll IO #2/INFO]: Grim » tysooon failed RotationPlace (x479) pre-flying
[15:07:40] [Netty Epoll IO #2/INFO]: Grim » tysooon failed PacketOrderO* (x1155) type=PLAYER_BLOCK_PLACEMENT
[15:07:40] [Netty Epoll IO #2/INFO]: Grim » tysooon failed PacketOrderO* (x1155) type=USE_ITEM
[15:07:40] [Netty Epoll IO #2/INFO]: Grim » tysooon failed Post (x285) player block placement v1.21.11
[15:07:40] [Netty Epoll IO #2/INFO]: Grim » tysooon failed Simulation (x289) .063280 /gl 160
[15:07:40] [Netty Epoll IO #2/INFO]: Grim » tysooon failed BadPacketsJ (x524) 
[15:07:40] [Netty Epoll IO #2/INFO]: Grim » tysooon failed BadPacketsZ* (x51) 
[15:07:40] [Netty Epoll IO #2/INFO]: Grim » tysooon failed PacketOrderO* (x1156) type=PLAYER_INPUT
[15:07:40] [Netty Epoll IO #2/INFO]: Grim » tysooon failed Timer (x265) 
[15:07:40] [Netty Epoll IO #2/INFO]: Grim » tysooon failed TickTimer (x621) type=flying, packets=1
[15:07:40] [Netty Epoll IO #2/INFO]: Grim » tysooon failed PacketOrderO* (x1157) type=PLAYER_INPUT
[15:07:40] [Netty Epoll IO #2/INFO]: Grim » tysooon failed TickTimer (x622) type=end, packets=2
[15:07:40] [Netty Epoll IO #2/INFO]: Grim » tysooon failed Simulation (x290) .028526 /gl 161
[15:07:40] [Netty Epoll IO #2/INFO]: Grim » tysooon failed PositionPlace (x99) 
[15:07:40] [Netty Epoll IO #2/INFO]: Grim » tysooon failed RotationPlace (x480) pre-flying
[15:07:40] [Netty Epoll IO #2/INFO]: Grim » tysooon failed PacketOrderO* (x1158) type=PLAYER_BLOCK_PLACEMENT
[15:07:40] [Netty Epoll IO #2/INFO]: Grim » tysooon failed PacketOrderO* (x1159) type=USE_ITEM
[15:07:40] [Netty Epoll IO #2/INFO]: Grim » tysooon failed Post (x286) player block placement v1.21.11
[15:07:40] [Netty Epoll IO #2/INFO]: Grim » tysooon failed Simulation (x291) .088015 /gl 162
[15:07:40] [Netty Epoll IO #2/INFO]: Grim » tysooon failed BadPacketsJ (x525) 
[15:07:40] [Netty Epoll IO #2/INFO]: Grim » tysooon failed Simulation (x292) .095658 /gl 163
[15:07:40] [Netty Epoll IO #2/INFO]: Grim » tysooon failed BadPacketsZ* (x52) 
[15:07:40] [Netty Epoll IO #2/INFO]: Grim » tysooon failed PacketOrderO* (x1160) type=PLAYER_INPUT
[15:07:40] [Netty Epoll IO #2/INFO]: Grim » tysooon failed Simulation (x293) .094389 /gl 164
[15:07:40] [Netty Epoll IO #2/INFO]: Grim » tysooon failed Timer (x266) 
[15:07:40] [Netty Epoll IO #2/INFO]: Grim » tysooon failed TickTimer (x623) type=flying, packets=1
[15:07:40] [Netty Epoll IO #2/INFO]: Grim » tysooon failed BadPacketsZ* (x53) 
[15:07:40] [Netty Epoll IO #2/INFO]: Grim » tysooon failed PacketOrderO* (x1161) type=PLAYER_INPUT
[15:07:40] [Netty Epoll IO #2/INFO]: Grim » tysooon failed TickTimer (x624) type=end, packets=2
[15:07:40] [Netty Epoll IO #2/INFO]: Grim » tysooon failed Simulation (x294) .039555 /gl 165
[15:07:40] [Netty Epoll IO #2/INFO]: Grim » tysooon failed PositionPlace (x100) 
[15:07:40] [Netty Epoll IO #2/INFO]: Grim » tysooon failed RotationPlace (x481) pre-flying
[15:07:40] [Netty Epoll IO #2/INFO]: Grim » tysooon failed PacketOrderO* (x1162) type=PLAYER_BLOCK_PLACEMENT
[15:07:40] [Netty Epoll IO #2/INFO]: Grim » tysooon failed PacketOrderO* (x1163) type=USE_ITEM
[15:07:40] [Netty Epoll IO #2/INFO]: Grim » tysooon failed Post (x287) player block placement v1.21.11
[15:07:40] [Netty Epoll IO #2/INFO]: Grim » tysooon failed Simulation (x295) .088845 /gl 166
[15:07:40] [Netty Epoll IO #2/INFO]: Grim » tysooon failed BadPacketsJ (x526) 
[15:07:40] [Netty Epoll IO #2/INFO]: Grim » tysooon failed PacketOrderO* (x1164) type=PLAYER_INPUT
[15:07:40] [Netty Epoll IO #2/INFO]: Grim » tysooon failed Simulation (x296) .085646 /gl 167
[15:07:40] [Netty Epoll IO #2/INFO]: Grim » tysooon failed Timer (x267) 
[15:07:40] [Netty Epoll IO #2/INFO]: Grim » tysooon failed TickTimer (x625) type=flying, packets=1
[15:07:40] [Netty Epoll IO #2/INFO]: Grim » tysooon failed PacketOrderO* (x1165) type=PLAYER_INPUT
[15:07:40] [Netty Epoll IO #2/INFO]: Grim » tysooon failed TickTimer (x626) type=end, packets=2
[15:07:40] [Netty Epoll IO #2/INFO]: Grim » tysooon failed Simulation (x297) .023650 /gl 168
[15:07:40] [Netty Epoll IO #2/INFO]: Grim » tysooon failed Simulation (x298) .080002 /gl 169
[15:07:40] [Netty Epoll IO #2/INFO]: Grim » tysooon failed PositionPlace (x101) 
[15:07:40] [Netty Epoll IO #2/INFO]: Grim » tysooon failed RotationPlace (x482) pre-flying
[15:07:40] [Netty Epoll IO #2/INFO]: Grim » tysooon failed PacketOrderO* (x1166) type=PLAYER_BLOCK_PLACEMENT
[15:07:40] [Netty Epoll IO #2/INFO]: Grim » tysooon failed PacketOrderO* (x1167) type=USE_ITEM
[15:07:40] [Netty Epoll IO #2/INFO]: Grim » tysooon failed Post (x288) player block placement v1.21.11
[15:07:40] [Netty Epoll IO #2/INFO]: Grim » tysooon failed Simulation (x299) .075639 /gl 170
[15:07:40] [Netty Epoll IO #2/INFO]: Grim » tysooon failed BadPacketsJ (x527) 
[15:07:40] [Netty Epoll IO #2/INFO]: Grim » tysooon failed PacketOrderO* (x1168) type=PLAYER_INPUT
[15:07:40] [Netty Epoll IO #2/INFO]: Grim » tysooon failed Simulation (x300) .072054 /gl 171
[15:07:40] [Netty Epoll IO #2/INFO]: Grim » tysooon failed Timer (x267) 
[15:07:40] [Netty Epoll IO #2/INFO]: Grim » tysooon failed TickTimer (x627) type=flying, packets=1
[15:07:40] [Netty Epoll IO #2/INFO]: Grim » tysooon failed PacketOrderO* (x1169) type=PLAYER_INPUT
[15:07:40] [Netty Epoll IO #2/INFO]: Grim » tysooon failed TickTimer (x628) type=end, packets=2
[15:07:40] [Netty Epoll IO #2/INFO]: Grim » tysooon failed Simulation (x301) .019192 /gl 172
[15:07:40] [Netty Epoll IO #2/INFO]: Grim » tysooon failed PositionPlace (x102) 
[15:07:40] [Netty Epoll IO #2/INFO]: Grim » tysooon failed RotationPlace (x483) pre-flying
[15:07:40] [Netty Epoll IO #2/INFO]: Grim » tysooon failed PacketOrderO* (x1170) type=PLAYER_BLOCK_PLACEMENT
[15:07:40] [Netty Epoll IO #2/INFO]: Grim » tysooon failed PacketOrderO* (x1171) type=USE_ITEM
[15:07:40] [Netty Epoll IO #2/INFO]: Grim » tysooon failed Post (x289) player block placement v1.21.11
[15:07:40] [Netty Epoll IO #2/INFO]: Grim » tysooon failed Simulation (x302) .076558 /gl 173
[15:07:40] [Netty Epoll IO #2/INFO]: Grim » tysooon failed BadPacketsJ (x528) 
[15:07:40] [Netty Epoll IO #2/INFO]: Grim » tysooon failed PacketOrderO* (x1172) type=PLAYER_INPUT
[15:07:40] [Netty Epoll IO #2/INFO]: Grim » tysooon failed Simulation (x303) .074664 /gl 174
[15:07:40] [Netty Epoll IO #2/INFO]: Grim » tysooon failed Simulation (x304) .047524 /gl 175
[15:07:40] [Netty Epoll IO #2/INFO]: Grim » tysooon failed Timer (x268) 
[15:07:40] [Netty Epoll IO #2/INFO]: Grim » tysooon failed TickTimer (x629) type=flying, packets=1
[15:07:40] [Netty Epoll IO #2/INFO]: Grim » tysooon failed PacketOrderO* (x1173) type=PLAYER_INPUT
[15:07:40] [Netty Epoll IO #2/INFO]: Grim » tysooon failed TickTimer (x630) type=end, packets=2
[15:07:41] [Netty Epoll IO #2/INFO]: Grim » tysooon failed PositionPlace (x103) 
[15:07:41] [Netty Epoll IO #2/INFO]: Grim » tysooon failed RotationPlace (x484) pre-flying
[15:07:41] [Netty Epoll IO #2/INFO]: Grim » tysooon failed PacketOrderO* (x1174) type=PLAYER_BLOCK_PLACEMENT
[15:07:41] [Netty Epoll IO #2/INFO]: Grim » tysooon failed PacketOrderO* (x1175) type=USE_ITEM
[15:07:41] [Netty Epoll IO #2/INFO]: Grim » tysooon failed AimDuplicateLook (x368) 
[15:07:41] [Netty Epoll IO #2/INFO]: Grim » tysooon failed BadPacketsJ (x529) 
[15:07:41] [Netty Epoll IO #2/INFO]: Grim » tysooon failed PacketOrderO* (x1176) type=PLAYER_INPUT
[15:07:41] [Netty Epoll IO #2/INFO]: Grim » tysooon failed AimDuplicateLook (x369) 
[15:07:41] [Netty Epoll IO #2/INFO]: Grim » tysooon failed Timer (x269) 
[15:07:41] [Netty Epoll IO #2/INFO]: Grim » tysooon failed TickTimer (x631) type=flying, packets=1
[15:07:41] [Netty Epoll IO #2/INFO]: Grim » tysooon failed PacketOrderO* (x1177) type=PLAYER_INPUT
[15:07:41] [Netty Epoll IO #2/INFO]: Grim » tysooon failed TickTimer (x632) type=end, packets=2
[15:07:41] [Netty Epoll IO #2/INFO]: Grim » tysooon failed Post (x290) player block placement v1.21.11
[15:07:41] [Netty Epoll IO #2/INFO]: Grim » tysooon failed PositionPlace (x104) 
[15:07:41] [Netty Epoll IO #2/INFO]: Grim » tysooon failed RotationPlace (x485) pre-flying
[15:07:41] [Netty Epoll IO #2/INFO]: Grim » tysooon failed PacketOrderO* (x1178) type=PLAYER_BLOCK_PLACEMENT
[15:07:41] [Netty Epoll IO #2/INFO]: Grim » tysooon failed PacketOrderO* (x1179) type=USE_ITEM
[15:07:41] [Netty Epoll IO #2/INFO]: Grim » tysooon failed AimDuplicateLook (x370) 
[15:07:41] [Netty Epoll IO #2/INFO]: Grim » tysooon failed Post (x291) player block placement v1.21.11
[15:07:41] [Netty Epoll IO #2/INFO]: Grim » tysooon failed BadPacketsJ (x530) 
[15:07:41] [Netty Epoll IO #2/INFO]: Grim » tysooon failed BadPacketsZ* (x53) 
[15:07:41] [Netty Epoll IO #2/INFO]: Grim » tysooon failed PacketOrderO* (x1180) type=PLAYER_INPUT
[15:07:41] [Netty Epoll IO #2/INFO]: Grim » tysooon failed Simulation (x305) .015236 /gl 176
[15:07:41] [Netty Epoll IO #2/INFO]: Grim » tysooon failed Timer (x270) 
[15:07:41] [Netty Epoll IO #2/INFO]: Grim » tysooon failed TickTimer (x633) type=flying, packets=1
[15:07:41] [Netty Epoll IO #2/INFO]: Grim » tysooon failed BadPacketsZ* (x54) 
[15:07:41] [Netty Epoll IO #2/INFO]: Grim » tysooon failed PacketOrderO* (x1181) type=PLAYER_INPUT
[15:07:41] [Netty Epoll IO #2/INFO]: Grim » tysooon failed TickTimer (x634) type=end, packets=2
[15:07:41] [Netty Epoll IO #2/INFO]: Grim » tysooon failed PositionPlace (x105) 
[15:07:41] [Netty Epoll IO #2/INFO]: Grim » tysooon failed RotationPlace (x486) pre-flying
[15:07:41] [Netty Epoll IO #2/INFO]: Grim » tysooon failed PacketOrderO* (x1182) type=PLAYER_BLOCK_PLACEMENT
[15:07:41] [Netty Epoll IO #2/INFO]: Grim » tysooon failed PacketOrderO* (x1183) type=USE_ITEM
[15:07:41] [Netty Epoll IO #2/INFO]: Grim » tysooon failed Post (x292) player block placement v1.21.11
[15:07:41] [Netty Epoll IO #2/INFO]: Grim » tysooon failed BadPacketsJ (x531) 
[15:07:41] [Netty Epoll IO #2/INFO]: Grim » tysooon failed PacketOrderO* (x1184) type=PLAYER_INPUT
[15:07:41] [Server thread/INFO]: danhz issued server command: /sellall ENDER_PEARL
[15:07:41] [Netty Epoll IO #2/INFO]: Grim » tysooon failed Timer (x271) 
[15:07:41] [Netty Epoll IO #2/INFO]: Grim » tysooon failed TickTimer (x635) type=flying, packets=1
[15:07:41] [Netty Epoll IO #2/INFO]: Grim » tysooon failed PacketOrderO* (x1185) type=PLAYER_INPUT
[15:07:41] [Netty Epoll IO #2/INFO]: Grim » tysooon failed TickTimer (x636) type=end, packets=2
[15:07:41] [Server thread/INFO]: Cửa hàng >> danhz sold 117 x Ender Pearl(PVP.page1.items.2) vì $1,755.00 với sell all command.
[15:07:41] [Netty Epoll IO #2/INFO]: Grim » tysooon failed PositionPlace (x106) 
[15:07:41] [Netty Epoll IO #2/INFO]: Grim » tysooon failed RotationPlace (x487) pre-flying
[15:07:41] [Netty Epoll IO #2/INFO]: Grim » tysooon failed PacketOrderO* (x1186) type=PLAYER_BLOCK_PLACEMENT
[15:07:41] [Netty Epoll IO #2/INFO]: Grim » tysooon failed PacketOrderO* (x1187) type=USE_ITEM
[15:07:41] [Netty Epoll IO #2/INFO]: Grim » tysooon failed Post (x293) player block placement v1.21.11
[15:07:41] [Netty Epoll IO #2/INFO]: Grim » tysooon failed BadPacketsJ (x532) 
[15:07:41] [Netty Epoll IO #2/INFO]: Grim » tysooon failed BadPacketsZ* (x55) 
[15:07:41] [Netty Epoll IO #2/INFO]: Grim » tysooon failed PacketOrderO* (x1188) type=PLAYER_INPUT
[15:07:41] [Netty Epoll IO #2/INFO]: Grim » tysooon failed Timer (x272) 
[15:07:41] [Netty Epoll IO #2/INFO]: Grim » tysooon failed TickTimer (x637) type=flying, packets=1
[15:07:41] [Netty Epoll IO #2/INFO]: Grim » tysooon failed PacketOrderO* (x1189) type=PLAYER_INPUT
[15:07:41] [Netty Epoll IO #2/INFO]: Grim » tysooon failed TickTimer (x638) type=end, packets=2
[15:07:41] [Netty Epoll IO #2/INFO]: Grim » tysooon failed PositionPlace (x107) 
[15:07:41] [Netty Epoll IO #2/INFO]: Grim » tysooon failed RotationPlace (x488) pre-flying
[15:07:41] [Netty Epoll IO #2/INFO]: Grim » tysooon failed PacketOrderO* (x1190) type=PLAYER_BLOCK_PLACEMENT
[15:07:41] [Netty Epoll IO #2/INFO]: Grim » tysooon failed PacketOrderO* (x1191) type=USE_ITEM
[15:07:41] [Netty Epoll IO #2/INFO]: Grim » tysooon failed Post (x294) player block placement v1.21.11
[15:07:41] [Netty Epoll IO #2/INFO]: Grim » tysooon failed BadPacketsJ (x533) 
[15:07:41] [Netty Epoll IO #2/INFO]: Grim » tysooon failed PacketOrderO* (x1192) type=PLAYER_INPUT
[15:07:41] [Netty Epoll IO #2/INFO]: Grim » tysooon failed Simulation (x306) .039886 /gl 177
[15:07:41] [Netty Epoll IO #2/INFO]: Grim » tysooon failed PacketOrderO* (x1193) type=PLAYER_INPUT
[15:07:41] [Netty Epoll IO #2/INFO]: Grim » tysooon failed Simulation (x307) .013838 /gl 178
[15:07:41] [Netty Epoll IO #2/INFO]: Grim » tysooon failed PositionPlace (x108) 
[15:07:41] [Netty Epoll IO #2/INFO]: Grim » tysooon failed RotationPlace (x489) pre-flying
[15:07:41] [Netty Epoll IO #2/INFO]: Grim » tysooon failed PacketOrderO* (x1194) type=PLAYER_BLOCK_PLACEMENT
[15:07:41] [Netty Epoll IO #2/INFO]: Grim » tysooon failed PacketOrderO* (x1195) type=USE_ITEM
[15:07:41] [Netty Epoll IO #2/INFO]: Grim » tysooon failed Post (x295) player block placement v1.21.11
[15:07:41] [Netty Epoll IO #2/INFO]: Grim » tysooon failed Simulation (x308) .071995 /gl 179
[15:07:41] [Netty Epoll IO #2/INFO]: Grim » tysooon failed BadPacketsJ (x534) 
[15:07:41] [Netty Epoll IO #2/INFO]: Grim » tysooon failed PacketOrderO* (x1196) type=PLAYER_INPUT
[15:07:42] [Netty Epoll IO #2/INFO]: Grim » tysooon failed Simulation (x309) .071995 /gl 180
[15:07:42] [Netty Epoll IO #2/INFO]: Grim » tysooon failed Timer (x273) 
[15:07:42] [Netty Epoll IO #2/INFO]: Grim » tysooon failed TickTimer (x639) type=flying, packets=1
[15:07:42] [Netty Epoll IO #2/INFO]: Grim » tysooon failed BadPacketsZ* (x56) 
[15:07:42] [Netty Epoll IO #2/INFO]: Grim » tysooon failed PacketOrderO* (x1197) type=PLAYER_INPUT
[15:07:42] [Netty Epoll IO #2/INFO]: Grim » tysooon failed TickTimer (x640) type=end, packets=2
[15:07:42] [Netty Epoll IO #2/INFO]: Grim » tysooon failed PositionPlace (x109) 
[15:07:42] [Netty Epoll IO #2/INFO]: Grim » tysooon failed RotationPlace (x490) pre-flying
[15:07:42] [Netty Epoll IO #2/INFO]: Grim » tysooon failed PacketOrderO* (x1198) type=PLAYER_BLOCK_PLACEMENT
[15:07:42] [Netty Epoll IO #2/INFO]: Grim » tysooon failed PacketOrderO* (x1199) type=USE_ITEM
[15:07:42] [Netty Epoll IO #2/INFO]: Grim » tysooon failed Post (x296) player block placement v1.21.11
[15:07:42] [Netty Epoll IO #2/INFO]: Grim » tysooon failed Simulation (x310) .071995 /gl 181
[15:07:42] [Netty Epoll IO #2/INFO]: Grim » tysooon failed BadPacketsJ (x535) 
[15:07:42] [Netty Epoll IO #2/INFO]: Grim » tysooon failed BadPacketsZ* (x57) 
[15:07:42] [Netty Epoll IO #2/INFO]: Grim » tysooon failed Timer (x274) 
[15:07:42] [Netty Epoll IO #2/INFO]: Grim » tysooon failed TickTimer (x641) type=flying, packets=1
[15:07:42] [Netty Epoll IO #2/INFO]: Grim » tysooon failed BadPacketsZ* (x58) 
[15:07:42] [Netty Epoll IO #2/INFO]: Grim » tysooon failed PacketOrderO* (x1200) type=PLAYER_INPUT
[15:07:42] [Netty Epoll IO #2/INFO]: Grim » tysooon failed TickTimer (x642) type=end, packets=2
[15:07:42] [Netty Epoll IO #2/INFO]: Grim » tysooon failed Simulation (x311) .016142 /gl 182
[15:07:42] [Netty Epoll IO #2/INFO]: Grim » tysooon failed PositionPlace (x110) 
[15:07:42] [Netty Epoll IO #2/INFO]: Grim » tysooon failed RotationPlace (x491) pre-flying
[15:07:42] [Netty Epoll IO #2/INFO]: Grim » tysooon failed PacketOrderO* (x1201) type=PLAYER_BLOCK_PLACEMENT
[15:07:42] [Netty Epoll IO #2/INFO]: Grim » tysooon failed PacketOrderO* (x1202) type=USE_ITEM
[15:07:42] [Netty Epoll IO #2/INFO]: Grim » tysooon failed BadPacketsJ (x536) 
[15:07:42] [Netty Epoll IO #2/INFO]: Grim » tysooon failed Post (x297) player block placement v1.21.11
[15:07:42] [Netty Epoll IO #2/INFO]: Grim » tysooon failed Timer (x274) 
[15:07:42] [Netty Epoll IO #2/INFO]: Grim » tysooon failed TickTimer (x643) type=flying, packets=1
[15:07:42] [Netty Epoll IO #2/INFO]: Grim » tysooon failed PacketOrderO* (x1203) type=PLAYER_INPUT
[15:07:42] [Netty Epoll IO #2/INFO]: Grim » tysooon failed TickTimer (x644) type=end, packets=2
[15:07:42] [Netty Epoll IO #2/INFO]: Grim » tysooon failed Simulation (x312) .018900 /gl 183
[15:07:42] [Netty Epoll IO #2/INFO]: Grim » tysooon failed PositionPlace (x111) 
[15:07:42] [Netty Epoll IO #2/INFO]: Grim » tysooon failed RotationPlace (x492) pre-flying
[15:07:42] [Netty Epoll IO #2/INFO]: Grim » tysooon failed BadPacketsJ (x537) 
[15:07:42] [Netty Epoll IO #2/INFO]: Grim » tysooon failed BadPacketsZ* (x59) 
[15:07:42] [Netty Epoll IO #2/INFO]: Grim » tysooon failed PacketOrderO* (x1204) type=PLAYER_INPUT
[15:07:42] [Netty Epoll IO #2/INFO]: Grim » tysooon failed Simulation (x313) .071215 /gl 184
[15:07:42] [Netty Epoll IO #2/INFO]: Grim » tysooon failed Timer (x275) 
[15:07:42] [Netty Epoll IO #2/INFO]: Grim » tysooon failed TickTimer (x645) type=flying, packets=1
[15:07:42] [Netty Epoll IO #2/INFO]: Grim » tysooon failed PacketOrderO* (x1205) type=PLAYER_INPUT
[15:07:42] [Netty Epoll IO #2/INFO]: Grim » tysooon failed TickTimer (x646) type=end, packets=2
[15:07:42] [Netty Epoll IO #2/INFO]: Grim » tysooon failed Simulation (x314) .013838 /gl 185
[15:07:42] [Netty Epoll IO #2/INFO]: Grim » tysooon failed PositionPlace (x112) 
[15:07:42] [Netty Epoll IO #2/INFO]: Grim » tysooon failed RotationPlace (x493) pre-flying
[15:07:42] [Netty Epoll IO #2/INFO]: Grim » tysooon failed PacketOrderO* (x1206) type=PLAYER_BLOCK_PLACEMENT
[15:07:42] [Netty Epoll IO #2/INFO]: Grim » tysooon failed PacketOrderO* (x1207) type=USE_ITEM
[15:07:42] [Netty Epoll IO #2/INFO]: Grim » tysooon failed BadPacketsJ (x538) 
[15:07:42] [Netty Epoll IO #2/INFO]: Grim » tysooon failed Post (x298) player block placement v1.21.11
[15:07:42] [Netty Epoll IO #2/INFO]: Grim » tysooon failed Simulation (x315) .013062 /gl 186
[15:07:42] [Netty Epoll IO #2/INFO]: Grim » tysooon failed Timer (x276) 
[15:07:42] [Netty Epoll IO #2/INFO]: Grim » tysooon failed TickTimer (x647) type=flying, packets=1
[15:07:42] [Netty Epoll IO #2/INFO]: Grim » tysooon failed PacketOrderO* (x1208) type=PLAYER_INPUT
[15:07:42] [Netty Epoll IO #2/INFO]: Grim » tysooon failed TickTimer (x648) type=end, packets=2
[15:07:42] [Netty Epoll IO #2/INFO]: Grim » tysooon failed PositionPlace (x113) 
[15:07:42] [Netty Epoll IO #2/INFO]: Grim » tysooon failed RotationPlace (x494) pre-flying
[15:07:42] [Netty Epoll IO #2/INFO]: Grim » tysooon failed BadPacketsJ (x539) 
[15:07:42] [Netty Epoll IO #2/INFO]: Grim » tysooon failed PacketOrderO* (x1209) type=PLAYER_INPUT
[15:07:42] [Netty Epoll IO #2/INFO]: Grim » tysooon failed Simulation (x316) .071215 /gl 187
[15:07:42] [Netty Epoll IO #2/INFO]: Grim » tysooon failed Timer (x277) 
[15:07:42] [Netty Epoll IO #2/INFO]: Grim » tysooon failed TickTimer (x649) type=flying, packets=1
[15:07:42] [Netty Epoll IO #2/INFO]: Grim » tysooon failed PacketOrderO* (x1210) type=PLAYER_INPUT
[15:07:42] [Netty Epoll IO #2/INFO]: Grim » tysooon failed TickTimer (x650) type=end, packets=2
[15:07:42] [Netty Epoll IO #2/INFO]: Grim » tysooon failed Simulation (x317) .013808 /gl 188
[15:07:42] [Netty Epoll IO #2/INFO]: Grim » tysooon failed PositionPlace (x114) 
[15:07:42] [Netty Epoll IO #2/INFO]: Grim » tysooon failed RotationPlace (x495) pre-flying
[15:07:42] [Netty Epoll IO #2/INFO]: Grim » tysooon failed PacketOrderO* (x1211) type=PLAYER_BLOCK_PLACEMENT
[15:07:42] [Netty Epoll IO #2/INFO]: Grim » tysooon failed PacketOrderO* (x1211) type=USE_ITEM
[15:07:43] [Netty Epoll IO #2/INFO]: Grim » tysooon failed Post (x299) player block placement v1.21.11
[15:07:43] [Netty Epoll IO #2/INFO]: Grim » tysooon failed Simulation (x318) .011681 /gl 189
[15:07:43] [Netty Epoll IO #2/INFO]: Grim » tysooon failed BadPacketsJ (x540) 
[15:07:43] [Netty Epoll IO #2/INFO]: Grim » tysooon failed Simulation (x319) .010982 /gl 190
[15:07:43] [Netty Epoll IO #2/INFO]: Grim » tysooon failed PacketOrderO* (x1212) type=PLAYER_INPUT
[15:07:43] [Netty Epoll IO #2/INFO]: Grim » tysooon failed Simulation (x320) .071109 /gl 191
[15:07:43] [Netty Epoll IO #2/INFO]: Grim » tysooon failed Timer (x278) 
[15:07:43] [Netty Epoll IO #2/INFO]: Grim » tysooon failed TickTimer (x651) type=flying, packets=1
[15:07:43] [Netty Epoll IO #2/INFO]: Grim » tysooon failed BadPacketsZ* (x60) 
[15:07:43] [Netty Epoll IO #2/INFO]: Grim » tysooon failed PacketOrderO* (x1213) type=PLAYER_INPUT
[15:07:43] [Netty Epoll IO #2/INFO]: Grim » tysooon failed TickTimer (x652) type=end, packets=2
[15:07:43] [Netty Epoll IO #2/INFO]: Grim » tysooon failed PositionPlace (x115) 
[15:07:43] [Netty Epoll IO #2/INFO]: Grim » tysooon failed RotationPlace (x496) pre-flying
[15:07:43] [Netty Epoll IO #2/INFO]: Grim » tysooon failed PacketOrderO* (x1214) type=PLAYER_BLOCK_PLACEMENT
[15:07:43] [Netty Epoll IO #2/INFO]: Grim » tysooon failed PacketOrderO* (x1215) type=USE_ITEM
[15:07:43] [Netty Epoll IO #2/INFO]: Grim » tysooon failed Post (x300) player block placement v1.21.11
[15:07:43] [Netty Epoll IO #2/INFO]: Grim » tysooon failed BadPacketsJ (x541) 
[15:07:43] [Netty Epoll IO #2/INFO]: Grim » tysooon failed BadPacketsZ* (x61) 
[15:07:43] [Netty Epoll IO #2/INFO]: Grim » tysooon failed PacketOrderO* (x1216) type=PLAYER_INPUT
[15:07:43] [Netty Epoll IO #2/INFO]: Grim » tysooon failed Simulation (x321) .032795 /gl 192
[15:07:43] [Netty Epoll IO #2/INFO]: Grim » tysooon failed Timer (x279) 
[15:07:43] [Netty Epoll IO #2/INFO]: Grim » tysooon failed TickTimer (x653) type=flying, packets=1
[15:07:43] [Netty Epoll IO #2/INFO]: Grim » tysooon failed BadPacketsZ* (x62) 
[15:07:43] [Netty Epoll IO #2/INFO]: Grim » tysooon failed PacketOrderO* (x1217) type=PLAYER_INPUT
[15:07:43] [Netty Epoll IO #2/INFO]: Grim » tysooon failed TickTimer (x654) type=end, packets=2
[15:07:43] [Netty Epoll IO #2/INFO]: Grim » tysooon failed Simulation (x322) .012672 /gl 193
[15:07:43] [Netty Epoll IO #2/INFO]: Grim » tysooon failed Simulation (x323) .070913 /gl 194
[15:07:43] [Netty Epoll IO #2/INFO]: Grim » tysooon failed PositionPlace (x116) 
[15:07:43] [Netty Epoll IO #2/INFO]: Grim » tysooon failed RotationPlace (x497) pre-flying
[15:07:43] [Netty Epoll IO #2/INFO]: Grim » tysooon failed PacketOrderO* (x1218) type=PLAYER_BLOCK_PLACEMENT
[15:07:43] [Netty Epoll IO #2/INFO]: Grim » tysooon failed PacketOrderO* (x1219) type=USE_ITEM
[15:07:43] [Netty Epoll IO #2/INFO]: Grim » tysooon failed BadPacketsJ (x542) 
[15:07:43] [Netty Epoll IO #2/INFO]: Grim » tysooon failed Post (x301) player block placement v1.21.11
[15:07:43] [Netty Epoll IO #2/INFO]: Grim » tysooon failed Timer (x279) 
[15:07:43] [Netty Epoll IO #2/INFO]: Grim » tysooon failed TickTimer (x655) type=flying, packets=1
[15:07:43] [Netty Epoll IO #2/INFO]: Grim » tysooon failed PacketOrderO* (x1220) type=PLAYER_INPUT
[15:07:43] [Netty Epoll IO #2/INFO]: Grim » tysooon failed TickTimer (x656) type=end, packets=2
[15:07:43] [Netty Epoll IO #2/INFO]: Grim » tysooon failed PositionPlace (x116) 
[15:07:43] [Netty Epoll IO #2/INFO]: Grim » tysooon failed RotationPlace (x498) pre-flying
[15:07:43] [Netty Epoll IO #2/INFO]: Grim » tysooon failed PacketOrderO* (x1221) type=PLAYER_BLOCK_PLACEMENT
[15:07:43] [Netty Epoll IO #2/INFO]: Grim » tysooon failed PacketOrderO* (x1222) type=USE_ITEM
[15:07:43] [Netty Epoll IO #2/INFO]: Grim » tysooon failed AimDuplicateLook (x371) 
[15:07:43] [Netty Epoll IO #2/INFO]: Grim » tysooon failed BadPacketsJ (x543) 
[15:07:43] [Netty Epoll IO #2/INFO]: Grim » tysooon failed PacketOrderO* (x1223) type=PLAYER_INPUT
[15:07:43] [Netty Epoll IO #2/INFO]: Grim » tysooon failed AimDuplicateLook (x372) 
[15:07:43] [Netty Epoll IO #2/INFO]: Grim » tysooon failed AimDuplicateLook (x373) 
[15:07:43] [Netty Epoll IO #2/INFO]: Grim » tysooon failed Post (x302) player block placement v1.21.11
[15:07:43] [Netty Epoll IO #2/INFO]: Grim » tysooon failed Simulation (x324) .080378 /gl 195
[15:07:43] [Netty Epoll IO #2/INFO]: Grim » tysooon failed Timer (x279) 
[15:07:43] [Netty Epoll IO #2/INFO]: Grim » tysooon failed TickTimer (x657) type=flying, packets=1
[15:07:43] [Netty Epoll IO #2/INFO]: Grim » tysooon failed BadPacketsZ* (x62) 
[15:07:43] [Netty Epoll IO #2/INFO]: Grim » tysooon failed PacketOrderO* (x1224) type=PLAYER_INPUT
[15:07:43] [Netty Epoll IO #2/INFO]: Grim » tysooon failed TickTimer (x658) type=end, packets=2
[15:07:43] [Netty Epoll IO #2/INFO]: Grim » tysooon failed Simulation (x325) .022379 /gl 196
[15:07:43] [Netty Epoll IO #2/INFO]: Grim » tysooon failed PositionPlace (x117) 
[15:07:43] [Netty Epoll IO #2/INFO]: Grim » tysooon failed RotationPlace (x499) pre-flying
[15:07:43] [Netty Epoll IO #2/INFO]: Grim » tysooon failed PacketOrderO* (x1225) type=PLAYER_BLOCK_PLACEMENT
[15:07:43] [Netty Epoll IO #2/INFO]: Grim » tysooon failed PacketOrderO* (x1226) type=USE_ITEM
[15:07:43] [Netty Epoll IO #2/INFO]: Grim » tysooon failed Post (x303) player block placement v1.21.11
[15:07:43] [Netty Epoll IO #2/INFO]: Grim » tysooon failed BadPacketsJ (x544) 
[15:07:43] [Netty Epoll IO #2/INFO]: Grim » tysooon failed BadPacketsZ* (x63) 
[15:07:43] [Netty Epoll IO #2/INFO]: Grim » tysooon failed PacketOrderO* (x1227) type=PLAYER_INPUT
[15:07:43] [Netty Epoll IO #2/INFO]: Grim » tysooon failed AimDuplicateLook (x374) 
[15:07:45] [Netty Epoll IO #2/INFO]: Grim » tysooon failed Timer (x279) 
[15:07:45] [Netty Epoll IO #2/INFO]: Grim » tysooon failed TickTimer (x659) type=flying, packets=1
[15:07:45] [Netty Epoll IO #2/INFO]: Grim » tysooon failed PacketOrderO* (x1228) type=PLAYER_INPUT
[15:07:45] [Netty Epoll IO #2/INFO]: Grim » tysooon failed TickTimer (x660) type=end, packets=2
[15:07:45] [Netty Epoll IO #2/INFO]: Grim » tysooon failed RotationPlace (x500) pre-flying
[15:07:45] [Netty Epoll IO #2/INFO]: Grim » tysooon failed PacketOrderO* (x1229) type=PLAYER_BLOCK_PLACEMENT
[15:07:45] [Netty Epoll IO #2/INFO]: Grim » tysooon failed PacketOrderO* (x1230) type=USE_ITEM
[15:07:45] [Netty Epoll IO #2/INFO]: Grim » tysooon failed Post (x304) player block placement v1.21.11
[15:07:45] [Netty Epoll IO #2/INFO]: Grim » tysooon failed BadPacketsJ (x545) 
[15:07:45] [Netty Epoll IO #2/INFO]: Grim » tysooon failed Timer (x280) 
[15:07:45] [Netty Epoll IO #2/INFO]: Grim » tysooon failed TickTimer (x661) type=flying, packets=1
[15:07:45] [Netty Epoll IO #2/INFO]: Grim » tysooon failed PacketOrderO* (x1231) type=PLAYER_INPUT
[15:07:45] [Netty Epoll IO #2/INFO]: Grim » tysooon failed TickTimer (x662) type=end, packets=2
[15:07:45] [Netty Epoll IO #2/INFO]: Grim » tysooon failed RotationPlace (x501) pre-flying
[15:07:45] [Netty Epoll IO #2/INFO]: Grim » tysooon failed PacketOrderO* (x1232) type=PLAYER_BLOCK_PLACEMENT
[15:07:45] [Netty Epoll IO #2/INFO]: Grim » tysooon failed PacketOrderO* (x1233) type=USE_ITEM
[15:07:45] [Netty Epoll IO #2/INFO]: Grim » tysooon failed BadPacketsJ (x546) 
[15:07:45] [Netty Epoll IO #2/INFO]: Grim » tysooon failed Timer (x281) 
[15:07:45] [Netty Epoll IO #2/INFO]: Grim » tysooon failed TickTimer (x663) type=flying, packets=1
[15:07:45] [Netty Epoll IO #2/INFO]: Grim » tysooon failed PacketOrderO* (x1234) type=PLAYER_INPUT
[15:07:45] [Netty Epoll IO #2/INFO]: Grim » tysooon failed TickTimer (x664) type=end, packets=2
[15:07:45] [Netty Epoll IO #2/INFO]: Grim » tysooon failed Post (x305) player block placement v1.21.11
[15:07:45] [Netty Epoll IO #2/INFO]: Grim » tysooon failed RotationPlace (x502) pre-flying
[15:07:45] [Netty Epoll IO #2/INFO]: Grim » tysooon failed PacketOrderO* (x1235) type=PLAYER_BLOCK_PLACEMENT
[15:07:45] [Netty Epoll IO #2/INFO]: Grim » tysooon failed PacketOrderO* (x1236) type=USE_ITEM
[15:07:45] [Netty Epoll IO #2/INFO]: Grim » tysooon failed Post (x306) player block placement v1.21.11
[15:07:45] [Netty Epoll IO #2/INFO]: Grim » tysooon failed BadPacketsJ (x547) 
[15:07:45] [Netty Epoll IO #2/INFO]: Grim » tysooon failed Timer (x282) 
[15:07:45] [Netty Epoll IO #2/INFO]: Grim » tysooon failed TickTimer (x665) type=flying, packets=1
[15:07:45] [Netty Epoll IO #2/INFO]: Grim » tysooon failed PacketOrderO* (x1237) type=PLAYER_INPUT
[15:07:45] [Netty Epoll IO #2/INFO]: Grim » tysooon failed TickTimer (x666) type=end, packets=2
[15:07:45] [Netty Epoll IO #2/INFO]: Grim » tysooon failed RotationPlace (x503) pre-flying
[15:07:45] [Netty Epoll IO #2/INFO]: Grim » tysooon failed PacketOrderO* (x1238) type=PLAYER_BLOCK_PLACEMENT
[15:07:45] [Netty Epoll IO #2/INFO]: Grim » tysooon failed PacketOrderO* (x1239) type=USE_ITEM
[15:07:45] [Netty Epoll IO #2/INFO]: Grim » tysooon failed Post (x307) player block placement v1.21.11
[15:07:45] [Netty Epoll IO #2/INFO]: Grim » tysooon failed BadPacketsJ (x548) 
[15:07:45] [Netty Epoll IO #2/INFO]: Grim » tysooon failed PacketOrderO* (x1240) type=PLAYER_INPUT
[15:07:45] [Netty Epoll IO #2/INFO]: Grim » tysooon failed Timer (x283) 
[15:07:45] [Netty Epoll IO #2/INFO]: Grim » tysooon failed TickTimer (x667) type=flying, packets=1
[15:07:45] [Netty Epoll IO #2/INFO]: Grim » tysooon failed BadPacketsZ* (x64) 
[15:07:45] [Netty Epoll IO #2/INFO]: Grim » tysooon failed PacketOrderO* (x1241) type=PLAYER_INPUT
[15:07:45] [Netty Epoll IO #2/INFO]: Grim » tysooon failed TickTimer (x668) type=end, packets=2
[15:07:45] [Netty Epoll IO #2/INFO]: Grim » tysooon failed RotationPlace (x504) pre-flying
[15:07:45] [Netty Epoll IO #2/INFO]: Grim » tysooon failed PacketOrderO* (x1242) type=PLAYER_BLOCK_PLACEMENT
[15:07:45] [Netty Epoll IO #2/INFO]: Grim » tysooon failed PacketOrderO* (x1243) type=USE_ITEM
[15:07:45] [Netty Epoll IO #2/INFO]: Grim » tysooon failed Post (x308) player block placement v1.21.11
[15:07:45] [Netty Epoll IO #2/INFO]: Grim » tysooon failed BadPacketsJ (x549) 
[15:07:45] [Netty Epoll IO #2/INFO]: Grim » tysooon failed BadPacketsZ* (x65) 
[15:07:45] [Netty Epoll IO #2/INFO]: Grim » tysooon failed PacketOrderO* (x1244) type=PLAYER_INPUT
[15:07:45] [Netty Epoll IO #2/INFO]: Grim » tysooon failed AimDuplicateLook (x375) 
[15:07:45] [Netty Epoll IO #2/INFO]: Grim » tysooon failed Timer (x284) 
[15:07:45] [Netty Epoll IO #2/INFO]: Grim » tysooon failed TickTimer (x669) type=flying, packets=1
[15:07:45] [Netty Epoll IO #2/INFO]: Grim » tysooon failed PacketOrderO* (x1245) type=PLAYER_INPUT
[15:07:45] [Netty Epoll IO #2/INFO]: Grim » tysooon failed TickTimer (x670) type=end, packets=2
[15:07:45] [Netty Epoll IO #2/INFO]: Grim » tysooon failed RotationPlace (x505) pre-flying
[15:07:45] [Netty Epoll IO #2/INFO]: Grim » tysooon failed PacketOrderO* (x1246) type=PLAYER_BLOCK_PLACEMENT
[15:07:45] [Netty Epoll IO #2/INFO]: Grim » tysooon failed PacketOrderO* (x1247) type=USE_ITEM
[15:07:45] [Netty Epoll IO #2/INFO]: Grim » tysooon failed Post (x309) player block placement v1.21.11
[15:07:45] [Netty Epoll IO #2/INFO]: Grim » tysooon failed Simulation (x326) .126663 /gl 197
[15:07:45] [Netty Epoll IO #2/INFO]: Grim » tysooon failed BadPacketsJ (x550) 
[15:07:45] [Netty Epoll IO #2/INFO]: Grim » tysooon failed BadPacketsZ* (x65) 
[15:07:45] [Netty Epoll IO #2/INFO]: Grim » tysooon failed PacketOrderO* (x1248) type=PLAYER_INPUT
[15:07:46] [Netty Epoll IO #2/INFO]: Grim » tysooon failed Simulation (x327) .126633 /gl 198
[15:07:46] [Netty Epoll IO #2/INFO]: Grim » tysooon failed Simulation (x328) .126380 /gl 199
[15:07:46] [Netty Epoll IO #2/INFO]: Grim » tysooon failed Timer (x285) 
[15:07:46] [Netty Epoll IO #2/INFO]: Grim » tysooon failed TickTimer (x671) type=flying, packets=1
[15:07:46] [Netty Epoll IO #2/INFO]: Grim » tysooon failed PacketOrderO* (x1249) type=PLAYER_INPUT
[15:07:46] [Netty Epoll IO #2/INFO]: Grim » tysooon failed TickTimer (x672) type=end, packets=2
[15:07:46] [Netty Epoll IO #2/INFO]: Grim » tysooon failed Simulation (x329) .067257 /gl 200
[15:07:46] [Netty Epoll IO #2/INFO]: Grim » tysooon failed RotationPlace (x506) pre-flying
[15:07:46] [Netty Epoll IO #2/INFO]: Grim » tysooon failed PacketOrderO* (x1250) type=PLAYER_BLOCK_PLACEMENT
[15:07:46] [Netty Epoll IO #2/INFO]: Grim » tysooon failed PacketOrderO* (x1251) type=USE_ITEM
[15:07:46] [Netty Epoll IO #2/INFO]: Grim » tysooon failed Post (x310) player block placement v1.21.11
[15:07:46] [Netty Epoll IO #2/INFO]: Grim » tysooon failed Simulation (x330) .101971 /gl 201
[15:07:46] [Netty Epoll IO #2/INFO]: Grim » tysooon failed BadPacketsJ (x551) 
[15:07:46] [Netty Epoll IO #2/INFO]: Grim » tysooon failed BadPacketsZ* (x66) 
[15:07:46] [Netty Epoll IO #2/INFO]: Grim » tysooon failed PacketOrderO* (x1252) type=PLAYER_INPUT
[15:07:46] [Netty Epoll IO #2/INFO]: Grim » tysooon failed Simulation (x331) .105156 /gl 202
[15:07:46] [Netty Epoll IO #2/INFO]: Grim » tysooon failed Timer (x286) 
[15:07:46] [Netty Epoll IO #2/INFO]: Grim » tysooon failed TickTimer (x673) type=flying, packets=1
[15:07:46] [Netty Epoll IO #2/INFO]: Grim » tysooon failed PacketOrderO* (x1253) type=PLAYER_INPUT
[15:07:46] [Netty Epoll IO #2/INFO]: Grim » tysooon failed TickTimer (x674) type=end, packets=2
[15:07:46] [Netty Epoll IO #2/INFO]: Grim » tysooon failed Simulation (x332) .044977 /gl 203
[15:07:46] [Netty Epoll IO #2/INFO]: Grim » tysooon failed RotationPlace (x507) pre-flying
[15:07:46] [Netty Epoll IO #2/INFO]: Grim » tysooon failed PacketOrderO* (x1254) type=PLAYER_BLOCK_PLACEMENT
[15:07:46] [Netty Epoll IO #2/INFO]: Grim » tysooon failed PacketOrderO* (x1254) type=USE_ITEM
[15:07:46] [Netty Epoll IO #2/INFO]: Grim » tysooon failed Post (x311) player block placement v1.21.11
[15:07:46] [Netty Epoll IO #2/INFO]: Grim » tysooon failed Simulation (x333) .091672 /gl 204
[15:07:46] [Netty Epoll IO #2/INFO]: Grim » tysooon failed BadPacketsJ (x552) 
[15:07:46] [Netty Epoll IO #2/INFO]: Grim » tysooon failed Simulation (x334) .088771 /gl 205
[15:07:46] [Netty Epoll IO #2/INFO]: Grim » tysooon failed BadPacketsZ* (x67) 
[15:07:46] [Netty Epoll IO #2/INFO]: Grim » tysooon failed PacketOrderO* (x1255) type=PLAYER_INPUT
[15:07:46] [Netty Epoll IO #2/INFO]: Grim » tysooon failed Simulation (x335) .078886 /gl 206
[15:07:46] [Netty Epoll IO #2/INFO]: Grim » tysooon failed Timer (x287) 
[15:07:46] [Netty Epoll IO #2/INFO]: Grim » tysooon failed TickTimer (x675) type=flying, packets=1
[15:07:46] [Netty Epoll IO #2/INFO]: Grim » tysooon failed PacketOrderO* (x1256) type=PLAYER_INPUT
[15:07:46] [Netty Epoll IO #2/INFO]: Grim » tysooon failed TickTimer (x676) type=end, packets=2
[15:07:46] [Netty Epoll IO #2/INFO]: Grim » tysooon failed Simulation (x336) .018414 /gl 207
[15:07:46] [Netty Epoll IO #2/INFO]: Grim » tysooon failed RotationPlace (x508) pre-flying
[15:07:46] [Netty Epoll IO #2/INFO]: Grim » tysooon failed PacketOrderO* (x1257) type=PLAYER_BLOCK_PLACEMENT
[15:07:46] [Netty Epoll IO #2/INFO]: Grim » tysooon failed PacketOrderO* (x1258) type=USE_ITEM
[15:07:46] [Netty Epoll IO #2/INFO]: Grim » tysooon failed Post (x312) player block placement v1.21.11
[15:07:46] [Netty Epoll IO #2/INFO]: Grim » tysooon failed Simulation (x337) .073112 /gl 208
[15:07:46] [Netty Epoll IO #2/INFO]: Grim » tysooon failed BadPacketsJ (x553) 
[15:07:46] [Netty Epoll IO #2/INFO]: Grim » tysooon failed PacketOrderO* (x1259) type=PLAYER_INPUT
[15:07:46] [Netty Epoll IO #2/INFO]: Grim » tysooon failed Simulation (x338) .072935 /gl 209
[15:07:46] [Netty Epoll IO #2/INFO]: Grim » tysooon failed Timer (x287) 
[15:07:46] [Netty Epoll IO #2/INFO]: Grim » tysooon failed TickTimer (x677) type=flying, packets=1
[15:07:46] [Netty Epoll IO #2/INFO]: Grim » tysooon failed PacketOrderO* (x1260) type=PLAYER_INPUT
[15:07:46] [Netty Epoll IO #2/INFO]: Grim » tysooon failed TickTimer (x678) type=end, packets=2
[15:07:46] [Netty Epoll IO #2/INFO]: Grim » tysooon failed Simulation (x339) .017301 /gl 210
[15:07:46] [Netty Epoll IO #2/INFO]: Grim » tysooon failed Simulation (x340) .080604 /gl 211
[15:07:46] [Netty Epoll IO #2/INFO]: Grim » tysooon failed RotationPlace (x509) pre-flying
[15:07:46] [Netty Epoll IO #2/INFO]: Grim » tysooon failed PacketOrderO* (x1261) type=PLAYER_BLOCK_PLACEMENT
[15:07:46] [Netty Epoll IO #2/INFO]: Grim » tysooon failed PacketOrderO* (x1262) type=USE_ITEM
[15:07:46] [Netty Epoll IO #2/INFO]: Grim » tysooon failed Post (x313) player block placement v1.21.11
[15:07:46] [Netty Epoll IO #2/INFO]: Grim » tysooon failed Simulation (x341) .085684 /gl 212
[15:07:46] [Netty Epoll IO #2/INFO]: Grim » tysooon failed BadPacketsJ (x554) 
[15:07:46] [Netty Epoll IO #2/INFO]: Grim » tysooon failed PacketOrderO* (x1263) type=PLAYER_INPUT
[15:07:46] [Netty Epoll IO #2/INFO]: Grim » tysooon failed Simulation (x342) .089084 /gl 213
[15:07:46] [Netty Epoll IO #2/INFO]: Grim » tysooon failed Timer (x288) 
[15:07:46] [Netty Epoll IO #2/INFO]: Grim » tysooon failed TickTimer (x679) type=flying, packets=1
[15:07:46] [Netty Epoll IO #2/INFO]: Grim » tysooon failed PacketOrderO* (x1264) type=PLAYER_INPUT
[15:07:46] [Netty Epoll IO #2/INFO]: Grim » tysooon failed TickTimer (x680) type=end, packets=2
[15:07:46] [Netty Epoll IO #2/INFO]: Grim » tysooon failed Simulation (x343) .027700 /gl 214
[15:07:46] [Netty Epoll IO #2/INFO]: Grim » tysooon failed RotationPlace (x510) pre-flying
[15:07:46] [Netty Epoll IO #2/INFO]: Grim » tysooon failed PacketOrderO* (x1265) type=PLAYER_BLOCK_PLACEMENT
[15:07:46] [Netty Epoll IO #2/INFO]: Grim » tysooon failed PacketOrderO* (x1266) type=USE_ITEM
[15:07:46] [Netty Epoll IO #2/INFO]: Grim » tysooon failed Post (x314) player block placement v1.21.11
[15:07:46] [Netty Epoll IO #2/INFO]: Grim » tysooon failed Simulation (x344) .089840 /gl 215
[15:07:46] [Netty Epoll IO #2/INFO]: Grim » tysooon failed BadPacketsJ (x555) 
[15:07:46] [Netty Epoll IO #2/INFO]: Grim » tysooon failed PacketOrderO* (x1267) type=PLAYER_INPUT
[15:07:46] [Netty Epoll IO #2/INFO]: Grim » tysooon failed AimDuplicateLook (x376) 
[15:07:47] [Netty Epoll IO #2/INFO]: Grim » tysooon failed Timer (x288) 
[15:07:47] [Netty Epoll IO #2/INFO]: Grim » tysooon failed TickTimer (x681) type=flying, packets=1
[15:07:47] [Netty Epoll IO #2/INFO]: Grim » tysooon failed BadPacketsZ* (x68) 
[15:07:47] [Netty Epoll IO #2/INFO]: Grim » tysooon failed PacketOrderO* (x1268) type=PLAYER_INPUT
[15:07:47] [Netty Epoll IO #2/INFO]: Grim » tysooon failed TickTimer (x682) type=end, packets=2
[15:07:47] [Netty Epoll IO #2/INFO]: Grim » tysooon failed RotationPlace (x511) pre-flying
[15:07:47] [Netty Epoll IO #2/INFO]: Grim » tysooon failed PacketOrderO* (x1269) type=PLAYER_BLOCK_PLACEMENT
[15:07:47] [Netty Epoll IO #2/INFO]: Grim » tysooon failed PacketOrderO* (x1270) type=USE_ITEM
[15:07:47] [Netty Epoll IO #2/INFO]: Grim » tysooon failed AimDuplicateLook (x377) 
[15:07:47] [Netty Epoll IO #2/INFO]: Grim » tysooon failed Post (x315) player block placement v1.21.11
[15:07:47] [Netty Epoll IO #2/INFO]: Grim » tysooon failed BadPacketsJ (x556) 
[15:07:47] [Netty Epoll IO #2/INFO]: Grim » tysooon failed PacketOrderO* (x1271) type=PLAYER_INPUT
[15:07:47] [Netty Epoll IO #2/INFO]: Grim » tysooon failed AimDuplicateLook (x378) 
[15:07:47] [Netty Epoll IO #2/INFO]: Grim » tysooon failed Timer (x289) 
[15:07:47] [Netty Epoll IO #2/INFO]: Grim » tysooon failed TickTimer (x683) type=flying, packets=1
[15:07:47] [Netty Epoll IO #2/INFO]: Grim » tysooon failed PacketOrderO* (x1272) type=PLAYER_INPUT
[15:07:47] [Netty Epoll IO #2/INFO]: Grim » tysooon failed TickTimer (x684) type=end, packets=2
[15:07:47] [Netty Epoll IO #2/INFO]: Grim » tysooon failed RotationPlace (x512) pre-flying
[15:07:47] [Netty Epoll IO #2/INFO]: Grim » tysooon failed PacketOrderO* (x1273) type=PLAYER_BLOCK_PLACEMENT
[15:07:47] [Netty Epoll IO #2/INFO]: Grim » tysooon failed PacketOrderO* (x1274) type=USE_ITEM
[15:07:47] [Netty Epoll IO #2/INFO]: Grim » tysooon failed Post (x316) player block placement v1.21.11
[15:07:47] [Netty Epoll IO #2/INFO]: Grim » tysooon failed BadPacketsJ (x557) 
[15:07:47] [Netty Epoll IO #2/INFO]: Grim » tysooon failed AimDuplicateLook (x379) 
[15:07:47] [Netty Epoll IO #2/INFO]: Grim » tysooon failed PacketOrderO* (x1275) type=PLAYER_INPUT
[15:07:47] [Netty Epoll IO #2/INFO]: Grim » tysooon failed AimDuplicateLook (x380) 
[15:07:47] [Netty Epoll IO #2/INFO]: Grim » tysooon failed Timer (x290) 
[15:07:47] [Netty Epoll IO #2/INFO]: Grim » tysooon failed TickTimer (x685) type=flying, packets=1
[15:07:47] [Netty Epoll IO #2/INFO]: Grim » tysooon failed PacketOrderO* (x1276) type=PLAYER_INPUT
[15:07:47] [Netty Epoll IO #2/INFO]: Grim » tysooon failed TickTimer (x686) type=end, packets=2
[15:07:47] [Netty Epoll IO #2/INFO]: Grim » tysooon failed RotationPlace (x513) pre-flying
[15:07:47] [Netty Epoll IO #2/INFO]: Grim » tysooon failed PacketOrderO* (x1277) type=PLAYER_BLOCK_PLACEMENT
[15:07:47] [Netty Epoll IO #2/INFO]: Grim » tysooon failed PacketOrderO* (x1278) type=USE_ITEM
[15:07:48] [Netty Epoll IO #2/INFO]: Grim » tysooon failed AimDuplicateLook (x381) 
[15:07:48] [Netty Epoll IO #2/INFO]: Grim » tysooon failed Post (x317) player block placement v1.21.11
[15:07:48] [Netty Epoll IO #2/INFO]: Grim » tysooon failed BadPacketsJ (x558) 
[15:07:48] [Netty Epoll IO #2/INFO]: Grim » tysooon failed BadPacketsZ* (x69) 
[15:07:48] [Netty Epoll IO #2/INFO]: Grim » tysooon failed PacketOrderO* (x1279) type=PLAYER_INPUT
[15:07:48] [Netty Epoll IO #2/INFO]: Grim » tysooon failed Simulation (x345) .077094 /gl 216
[15:07:48] [Netty Epoll IO #2/INFO]: Grim » tysooon failed Timer (x291) 
[15:07:48] [Netty Epoll IO #2/INFO]: Grim » tysooon failed TickTimer (x687) type=flying, packets=1
[15:07:48] [Netty Epoll IO #2/INFO]: Grim » tysooon failed PacketOrderO* (x1280) type=PLAYER_INPUT
[15:07:48] [Netty Epoll IO #2/INFO]: Grim » tysooon failed TickTimer (x688) type=end, packets=2
[15:07:48] [Netty Epoll IO #2/INFO]: Grim » tysooon failed Simulation (x346) .030638 /gl 217
[15:07:48] [Netty Epoll IO #2/INFO]: Grim » tysooon failed Simulation (x347) .080899 /gl 218
[15:07:48] [Netty Epoll IO #2/INFO]: Grim » tysooon failed RotationPlace (x514) pre-flying
[15:07:48] [Netty Epoll IO #2/INFO]: Grim » tysooon failed PacketOrderO* (x1281) type=PLAYER_BLOCK_PLACEMENT
[15:07:48] [Netty Epoll IO #2/INFO]: Grim » tysooon failed PacketOrderO* (x1282) type=USE_ITEM
[15:07:48] [Netty Epoll IO #2/INFO]: Grim » tysooon failed Post (x318) player block placement v1.21.11
[15:07:48] [Netty Epoll IO #2/INFO]: Grim » tysooon failed Simulation (x348) .081232 /gl 219
[15:07:48] [Netty Epoll IO #2/INFO]: Grim » tysooon failed BadPacketsJ (x559) 
[15:07:48] [Netty Epoll IO #2/INFO]: Grim » tysooon failed PacketOrderO* (x1283) type=PLAYER_INPUT
[15:07:48] [Server thread/INFO]: danhz issued server command: /home farm
[15:07:48] [Netty Epoll IO #2/INFO]: Grim » tysooon failed Simulation (x349) .081556 /gl 220
[15:07:48] [Netty Epoll IO #2/INFO]: Grim » tysooon failed Timer (x292) 
[15:07:48] [Netty Epoll IO #2/INFO]: Grim » tysooon failed TickTimer (x689) type=flying, packets=1
[15:07:48] [Netty Epoll IO #2/INFO]: Grim » tysooon failed PacketOrderO* (x1284) type=PLAYER_INPUT
[15:07:48] [Netty Epoll IO #2/INFO]: Grim » tysooon failed TickTimer (x690) type=end, packets=2
[15:07:48] [Netty Epoll IO #2/INFO]: Grim » tysooon failed Simulation (x350) .031036 /gl 221
[15:07:48] [Netty Epoll IO #2/INFO]: Grim » tysooon failed RotationPlace (x515) pre-flying
[15:07:48] [Netty Epoll IO #2/INFO]: Grim » tysooon failed PacketOrderO* (x1285) type=PLAYER_BLOCK_PLACEMENT
[15:07:48] [Netty Epoll IO #2/INFO]: Grim » tysooon failed PacketOrderO* (x1286) type=USE_ITEM
[15:07:48] [Netty Epoll IO #2/INFO]: Grim » tysooon failed Post (x319) player block placement v1.21.11
[15:07:48] [Netty Epoll IO #2/INFO]: Grim » tysooon failed Simulation (x351) .078710 /gl 222
[15:07:48] [Netty Epoll IO #2/INFO]: Grim » tysooon failed BadPacketsJ (x560) 
[15:07:48] [Netty Epoll IO #2/INFO]: Grim » tysooon failed PacketOrderO* (x1287) type=PLAYER_INPUT
[15:07:48] [Netty Epoll IO #2/INFO]: Grim » tysooon failed AimDuplicateLook (x382) 
[15:07:48] [Netty Epoll IO #2/INFO]: Grim » tysooon failed Timer (x292) 
[15:07:48] [Netty Epoll IO #2/INFO]: Grim » tysooon failed TickTimer (x691) type=flying, packets=1
[15:07:48] [Netty Epoll IO #2/INFO]: Grim » tysooon failed PacketOrderO* (x1288) type=PLAYER_INPUT
[15:07:48] [Netty Epoll IO #2/INFO]: Grim » tysooon failed TickTimer (x692) type=end, packets=2
[15:07:48] [Netty Epoll IO #2/INFO]: Grim » tysooon failed RotationPlace (x516) pre-flying
[15:07:48] [Netty Epoll IO #2/INFO]: Grim » tysooon failed PacketOrderO* (x1289) type=PLAYER_BLOCK_PLACEMENT
[15:07:48] [Netty Epoll IO #2/INFO]: Grim » tysooon failed PacketOrderO* (x1290) type=USE_ITEM
[15:07:48] [Netty Epoll IO #2/INFO]: Grim » tysooon failed AimDuplicateLook (x383) 
[15:07:48] [Netty Epoll IO #2/INFO]: Grim » tysooon failed Post (x320) player block placement v1.21.11
[15:07:48] [Netty Epoll IO #2/INFO]: Grim » tysooon failed BadPacketsJ (x561) 
[15:07:48] [Netty Epoll IO #2/INFO]: Grim » tysooon failed BadPacketsZ* (x70) 
[15:07:48] [Netty Epoll IO #2/INFO]: Grim » tysooon failed PacketOrderO* (x1291) type=PLAYER_INPUT
[15:07:48] [Netty Epoll IO #3/INFO]: Grim » danhz failed Timer (x1) 
[15:07:48] [Netty Epoll IO #3/INFO]: Grim » danhz failed Timer (x2) 
[15:07:48] [Netty Epoll IO #2/INFO]: Grim » tysooon failed AimDuplicateLook (x384) 
[15:07:48] [Netty Epoll IO #2/INFO]: Grim » tysooon failed Timer (x293) 
[15:07:48] [Netty Epoll IO #2/INFO]: Grim » tysooon failed TickTimer (x693) type=flying, packets=1
[15:07:48] [Netty Epoll IO #2/INFO]: Grim » tysooon failed BadPacketsZ* (x71) 
[15:07:48] [Netty Epoll IO #2/INFO]: Grim » tysooon failed PacketOrderO* (x1292) type=PLAYER_INPUT
[15:07:48] [Netty Epoll IO #2/INFO]: Grim » tysooon failed TickTimer (x694) type=end, packets=2
[15:07:48] [Netty Epoll IO #2/INFO]: Grim » tysooon failed RotationPlace (x517) pre-flying
[15:07:48] [Netty Epoll IO #2/INFO]: Grim » tysooon failed PacketOrderO* (x1293) type=PLAYER_BLOCK_PLACEMENT
[15:07:48] [Netty Epoll IO #2/INFO]: Grim » tysooon failed PacketOrderO* (x1294) type=USE_ITEM
[15:07:48] [Netty Epoll IO #2/INFO]: Grim » tysooon failed Post (x321) player block placement v1.21.11
[15:07:48] [Netty Epoll IO #2/INFO]: Grim » tysooon failed Simulation (x352) .014338 /gl 223
[15:07:48] [Netty Epoll IO #2/INFO]: Grim » tysooon failed BadPacketsJ (x562) 
[15:07:48] [Netty Epoll IO #2/INFO]: Grim » tysooon failed PacketOrderO* (x1295) type=PLAYER_INPUT
[15:09:21] [Server thread/INFO]: danhz issued server command: /home house
[15:09:21] [Netty Epoll IO #3/INFO]: Grim » danhz failed Timer (x3) 
[15:09:21] [Netty Epoll IO #3/INFO]: Grim » danhz failed Timer (x4) 
[15:09:33] [Server thread/INFO]: danhz issued server command: /sellall ENDER_PEARL
[15:09:33] [Server thread/INFO]: Cửa hàng >> danhz sold 67 x Ender Pearl(PVP.page1.items.2) vì $1,005.00 với sell all command.
[15:09:46] [Server thread/INFO]: danhz issued server command: /kho 1
[15:09:46] [Server thread/INFO]: danhz issued mycmd (kho) command /kho 1
[15:09:46] [Server thread/INFO]: danhz issued server command: /axvault 1
[15:09:52] [Server thread/INFO]: danhz issued server command: /kho 2
[15:09:52] [Server thread/INFO]: danhz issued mycmd (kho) command /kho 2
[15:09:52] [Server thread/INFO]: danhz issued server command: /axvault 2
[15:09:56] [Server thread/INFO]: danhz issued server command: /kho 1
[15:09:56] [Server thread/INFO]: danhz issued mycmd (kho) command /kho 1
[15:09:56] [Server thread/INFO]: danhz issued server command: /axvault 1
[15:10:11] [Server thread/INFO]: danhz issued server command: /kho 2
[15:10:11] [Server thread/INFO]: danhz issued mycmd (kho) command /kho 2
[15:10:11] [Server thread/INFO]: danhz issued server command: /axvault 2
[15:10:13] [Server thread/INFO]: danhz issued server command: /kho 3
[15:10:13] [Server thread/INFO]: danhz issued mycmd (kho) command /kho 3
[15:10:13] [Server thread/INFO]: danhz issued server command: /axvault 3
[15:10:30] [Server thread/INFO]: danhz issued server command: /kho 3
[15:10:30] [Server thread/INFO]: danhz issued mycmd (kho) command /kho 3
[15:10:30] [Server thread/INFO]: danhz issued server command: /axvault 3
[15:10:41] [Server thread/INFO]: danhz issued server command: /kho 2
[15:10:41] [Server thread/INFO]: danhz issued mycmd (kho) command /kho 2
[15:10:41] [Server thread/INFO]: danhz issued server command: /axvault 2
[15:13:14] [Server thread/INFO]: danhz issued server command: /kho2
[15:13:18] [Server thread/INFO]: danhz issued server command: /kho 1
[15:13:18] [Server thread/INFO]: danhz issued mycmd (kho) command /kho 1
[15:13:18] [Server thread/INFO]: danhz issued server command: /axvault 1
[15:13:31] [Server thread/INFO]: danhz issued server command: /kho 3
[15:13:31] [Server thread/INFO]: danhz issued mycmd (kho) command /kho 3
[15:13:31] [Server thread/INFO]: danhz issued server command: /axvault 3
[15:14:16] [Server thread/INFO]: tysooon issued server command: /home home
[15:16:24] [Server thread/INFO]: danhz issued server command: /home farm
[15:17:05] [Server thread/INFO]: danhz issued server command: /home house
[15:17:05] [Netty Epoll IO #3/INFO]: Grim » danhz failed Timer (x1) 
[15:17:05] [Netty Epoll IO #3/INFO]: Grim » danhz failed Timer (x2) 
[15:17:20] [Server thread/INFO]: danhz issued server command: /kho 3
[15:17:20] [Server thread/INFO]: danhz issued mycmd (kho) command /kho 3
[15:17:20] [Server thread/INFO]: danhz issued server command: /axvault 3
[15:17:35] [Server thread/INFO]: danhz issued server command: /kho 3
[15:17:35] [Server thread/INFO]: danhz issued mycmd (kho) command /kho 3
[15:17:35] [Server thread/INFO]: danhz issued server command: /axvault 3
[15:18:30] [Server thread/INFO]: danhz issued server command: /kho 2
[15:18:30] [Server thread/INFO]: danhz issued mycmd (kho) command /kho 2
[15:18:30] [Server thread/INFO]: danhz issued server command: /axvault 2
[15:18:32] [Server thread/INFO]: danhz issued server command: /kho 1
[15:18:32] [Server thread/INFO]: danhz issued mycmd (kho) command /kho 1
[15:18:32] [Server thread/INFO]: danhz issued server command: /axvault 1
[15:18:43] [Server thread/INFO]: danhz issued server command: /kho 1
[15:18:43] [Server thread/INFO]: danhz issued mycmd (kho) command /kho 1
[15:18:43] [Server thread/INFO]: danhz issued server command: /axvault 1
[15:18:45] [Server thread/INFO]: danhz issued server command: /kho 2
[15:18:45] [Server thread/INFO]: danhz issued mycmd (kho) command /kho 2
[15:18:45] [Server thread/INFO]: danhz issued server command: /axvault 2
[15:18:47] [Server thread/INFO]: danhz issued server command: /kho 3
[15:18:47] [Server thread/INFO]: danhz issued mycmd (kho) command /kho 3
[15:18:47] [Server thread/INFO]: danhz issued server command: /axvault 3
[15:19:04] [Server thread/INFO]: danhz issued server command: /kho 3
[15:19:04] [Server thread/INFO]: danhz issued mycmd (kho) command /kho 3
[15:19:04] [Server thread/INFO]: danhz issued server command: /axvault 3
[15:19:22] [Netty Epoll IO #2/INFO]: Grim » tysooon failed DuplicateRotPlace* (x1) x=0.0 xdots=0.0 y=1.5949516296386719
[15:19:36] [Server thread/INFO]: danhz issued server command: /kho 3
[15:19:36] [Server thread/INFO]: danhz issued mycmd (kho) command /kho 3
[15:19:36] [Server thread/INFO]: danhz issued server command: /axvault 3
[15:19:58] [Server thread/INFO]: danhz issued server command: /kho 3
[15:19:58] [Server thread/INFO]: danhz issued mycmd (kho) command /kho 3
[15:19:58] [Server thread/INFO]: danhz issued server command: /axvault 3
[15:20:26] [Server thread/INFO]: danhz issued server command: /kho 3
[15:20:26] [Server thread/INFO]: danhz issued mycmd (kho) command /kho 3
[15:20:26] [Server thread/INFO]: danhz issued server command: /axvault 3
[15:20:47] [Server thread/INFO]: danhz issued server command: /kho 3
[15:20:47] [Server thread/INFO]: danhz issued mycmd (kho) command /kho 3
[15:20:47] [Server thread/INFO]: danhz issued server command: /axvault 3
[15:21:02] [Server thread/INFO]: danhz issued server command: /kho 3
[15:21:02] [Server thread/INFO]: danhz issued mycmd (kho) command /kho 3
[15:21:02] [Server thread/INFO]: danhz issued server command: /axvault 3
[15:21:10] [Server thread/INFO]: danhz issued server command: /kho 1
[15:21:10] [Server thread/INFO]: danhz issued mycmd (kho) command /kho 1
[15:21:10] [Server thread/INFO]: danhz issued server command: /axvault 1
[15:21:22] [Server thread/INFO]: danhz issued server command: /kho 1
[15:21:22] [Server thread/INFO]: danhz issued mycmd (kho) command /kho 1
[15:21:22] [Server thread/INFO]: danhz issued server command: /axvault 1
[15:21:27] [Server thread/INFO]: danhz issued server command: /kho 3
[15:21:27] [Server thread/INFO]: danhz issued mycmd (kho) command /kho 3
[15:21:27] [Server thread/INFO]: danhz issued server command: /axvault 3
[15:21:33] [Async Chat Thread - #1510/INFO]: [Not Secure]  tysooon  : Dinnerbone
[15:21:48] [Server thread/INFO]: danhz issued server command: /sellall ENDER_PEARL
[15:21:48] [Server thread/INFO]: Cửa hàng >> danhz sold 25 x Ender Pearl(PVP.page1.items.2) vì $375.00 với sell all command.
[15:21:52] [Server thread/INFO]: danhz issued server command: /kho 2
[15:21:52] [Server thread/INFO]: danhz issued mycmd (kho) command /kho 2
[15:21:52] [Server thread/INFO]: danhz issued server command: /axvault 2
[15:21:55] [Server thread/INFO]: danhz issued server command: /kho 1
[15:21:55] [Server thread/INFO]: danhz issued mycmd (kho) command /kho 1
[15:21:55] [Server thread/INFO]: danhz issued server command: /axvault 1
[15:22:21] [Server thread/INFO]: danhz issued server command: /kho 1
[15:22:21] [Server thread/INFO]: danhz issued mycmd (kho) command /kho 1
[15:22:21] [Server thread/INFO]: danhz issued server command: /axvault 1
[15:22:24] [Server thread/INFO]: danhz issued server command: /kho 2
[15:22:24] [Server thread/INFO]: danhz issued mycmd (kho) command /kho 2
[15:22:24] [Server thread/INFO]: danhz issued server command: /axvault 2
[15:22:45] [Server thread/INFO]: danhz issued server command: /kho
[15:23:22] [Server thread/INFO]: danhz issued server command: /kho 2
[15:23:22] [Server thread/INFO]: danhz issued mycmd (kho) command /kho 2
[15:23:22] [Server thread/INFO]: danhz issued server command: /axvault 2
[15:23:26] [Server thread/INFO]: danhz issued server command: /kho 3
[15:23:26] [Server thread/INFO]: danhz issued mycmd (kho) command /kho 3
[15:23:26] [Server thread/INFO]: danhz issued server command: /axvault 3
[15:23:35] [Server thread/INFO]: danhz issued server command: /kho 2
[15:23:35] [Server thread/INFO]: danhz issued mycmd (kho) command /kho 2
[15:23:35] [Server thread/INFO]: danhz issued server command: /axvault 2
[15:23:40] [Netty Epoll IO #3/INFO]: Grim » danhz failed DuplicateRotPlace* (x1) x=0.0 xdots=0.0 y=1.5192298889160156
[15:23:51] [Server thread/INFO]: danhz issued server command: /kho 2
[15:23:51] [Server thread/INFO]: danhz issued mycmd (kho) command /kho 2
[15:23:51] [Server thread/INFO]: danhz issued server command: /axvault 2
[15:23:56] [Server thread/INFO]: danhz issued server command: /kho 2
[15:23:56] [Server thread/INFO]: danhz issued mycmd (kho) command /kho 2
[15:23:56] [Server thread/INFO]: danhz issued server command: /axvault 2
[15:24:04] [Server thread/INFO]: danhz issued server command: /kho 1
[15:24:04] [Server thread/INFO]: danhz issued mycmd (kho) command /kho 1
[15:24:04] [Server thread/INFO]: danhz issued server command: /axvault 1
[15:24:50] [Server thread/INFO]: danhz issued server command: /home farm
[15:27:42] [Server thread/INFO]: danhz issued server command: /back
[15:27:51] [Server thread/INFO]: danhz issued server command: /kho 1
[15:27:51] [Server thread/INFO]: danhz issued mycmd (kho) command /kho 1
[15:27:51] [Server thread/INFO]: danhz issued server command: /axvault 1
[15:28:50] [Server thread/INFO]: tysooon issued server command: /home home
[15:29:20] [Server thread/INFO]: danhz issued server command: /kho 2
[15:29:21] [Server thread/INFO]: danhz issued mycmd (kho) command /kho 2
[15:29:21] [Server thread/INFO]: danhz issued server command: /axvault 2
[15:30:06] [Server thread/INFO]: danhz issued server command: /kho 1
[15:30:06] [Server thread/INFO]: danhz issued mycmd (kho) command /kho 1
[15:30:06] [Server thread/INFO]: danhz issued server command: /axvault 1
[15:30:38] [Server thread/INFO]: danhz issued server command: /kho 2
[15:30:38] [Server thread/INFO]: danhz issued mycmd (kho) command /kho 2
[15:30:38] [Server thread/INFO]: danhz issued server command: /axvault 2
[15:30:45] [Server thread/INFO]: danhz issued server command: /sellall ENDER_PEARL
[15:30:45] [Server thread/INFO]: Cửa hàng >> danhz sold 60 x Ender Pearl(PVP.page1.items.2) vì $900.00 với sell all command.
[15:30:52] [Server thread/INFO]: danhz issued server command: /kho 2
[15:30:52] [Server thread/INFO]: danhz issued mycmd (kho) command /kho 2
[15:30:52] [Server thread/INFO]: danhz issued server command: /axvault 2
[15:38:24] [Server thread/INFO]: tysooon issued server command: /home home
[15:39:12] [Netty Epoll IO #3/INFO]: Grim » danhz failed Simulation (x1) .027200 /gl 224
[15:39:12] [Netty Epoll IO #3/INFO]: Grim » danhz failed Simulation (x2) .014851 /gl 225
[15:39:55] [Netty Epoll IO #3/INFO]: Grim » danhz failed DuplicateRotPlace* (x1) x=0.0 xdots=0.0 y=1.3096809387207031
[15:42:59] [Server thread/INFO]: danhz issued server command: /kho 3
[15:42:59] [Server thread/INFO]: danhz issued mycmd (kho) command /kho 3
[15:42:59] [Server thread/INFO]: danhz issued server command: /axvault 3
[15:43:03] [Server thread/INFO]: danhz issued server command: /kho 2
[15:43:03] [Server thread/INFO]: danhz issued mycmd (kho) command /kho 2
[15:43:03] [Server thread/INFO]: danhz issued server command: /axvault 2
[15:43:11] [Server thread/INFO]: danhz issued server command: /kho 2
[15:43:11] [Server thread/INFO]: danhz issued mycmd (kho) command /kho 2
[15:43:11] [Server thread/INFO]: danhz issued server command: /axvault 2
[15:44:01] [Server thread/INFO]: danhz issued server command: /kho 1
[15:44:01] [Server thread/INFO]: danhz issued mycmd (kho) command /kho 1
[15:44:01] [Server thread/INFO]: danhz issued server command: /axvault 1
[15:44:05] [Netty Epoll IO #2/INFO]: Grim » tysooon failed RotationPlace (x1) post-flying
[15:44:05] [Netty Epoll IO #2/INFO]: Grim » tysooon failed PacketOrderO* (x1) type=PLAYER_INPUT
[15:44:05] [Netty Epoll IO #2/INFO]: Grim » tysooon failed RotationPlace (x2) pre-flying
[15:44:05] [Netty Epoll IO #2/INFO]: Grim » tysooon failed PacketOrderO* (x2) type=PLAYER_BLOCK_PLACEMENT
[15:44:05] [Netty Epoll IO #2/INFO]: Grim » tysooon failed PacketOrderO* (x2) type=USE_ITEM
[15:44:05] [Netty Epoll IO #2/INFO]: Grim » tysooon failed Post (x1) player block placement v1.21.11
[15:44:05] [Netty Epoll IO #2/INFO]: Grim » tysooon failed BadPacketsJ (x1) 
[15:44:05] [Netty Epoll IO #2/INFO]: Grim » tysooon failed BadPacketsZ* (x1) 
[15:44:05] [Netty Epoll IO #2/INFO]: Grim » tysooon failed PacketOrderO* (x3) type=PLAYER_INPUT
[15:44:05] [Netty Epoll IO #2/INFO]: Grim » tysooon failed BadPacketsZ* (x2) 
[15:44:05] [Netty Epoll IO #2/INFO]: Grim » tysooon failed PacketOrderO* (x4) type=PLAYER_INPUT
[15:44:05] [Netty Epoll IO #2/INFO]: Grim » tysooon failed RotationPlace (x3) pre-flying
[15:44:05] [Netty Epoll IO #2/INFO]: Grim » tysooon failed PacketOrderO* (x5) type=PLAYER_BLOCK_PLACEMENT
[15:44:05] [Netty Epoll IO #2/INFO]: Grim » tysooon failed PacketOrderO* (x6) type=USE_ITEM
[15:44:05] [Netty Epoll IO #2/INFO]: Grim » tysooon failed Post (x2) player block placement v1.21.11
[15:44:05] [Netty Epoll IO #2/INFO]: Grim » tysooon failed BadPacketsJ (x2) 
[15:44:05] [Netty Epoll IO #2/INFO]: Grim » tysooon failed PacketOrderO* (x7) type=PLAYER_INPUT
[15:44:05] [Netty Epoll IO #2/INFO]: Grim » tysooon failed PacketOrderO* (x8) type=PLAYER_INPUT
[15:44:05] [Netty Epoll IO #2/INFO]: Grim » tysooon failed RotationPlace (x4) pre-flying
[15:44:05] [Netty Epoll IO #2/INFO]: Grim » tysooon failed PacketOrderO* (x9) type=PLAYER_BLOCK_PLACEMENT
[15:44:05] [Netty Epoll IO #2/INFO]: Grim » tysooon failed PacketOrderO* (x10) type=USE_ITEM
[15:44:05] [Netty Epoll IO #2/INFO]: Grim » tysooon failed Post (x3) player block placement v1.21.11
[15:44:05] [Netty Epoll IO #2/INFO]: Grim » tysooon failed BadPacketsJ (x3) 
[15:44:05] [Netty Epoll IO #2/INFO]: Grim » tysooon failed BadPacketsZ* (x3) 
[15:44:05] [Netty Epoll IO #2/INFO]: Grim » tysooon failed PacketOrderO* (x11) type=PLAYER_INPUT
[15:44:05] [Netty Epoll IO #2/INFO]: Grim » tysooon failed PacketOrderO* (x12) type=PLAYER_INPUT
[15:44:05] [Netty Epoll IO #2/INFO]: Grim » tysooon failed PacketOrderO* (x13) type=PLAYER_BLOCK_PLACEMENT
[15:44:05] [Netty Epoll IO #2/INFO]: Grim » tysooon failed PacketOrderO* (x14) type=USE_ITEM
[15:44:05] [Netty Epoll IO #2/INFO]: Grim » tysooon failed Post (x4) player block placement v1.21.11
[15:44:05] [Netty Epoll IO #2/INFO]: Grim » tysooon failed BadPacketsJ (x4) 
[15:44:05] [Netty Epoll IO #2/INFO]: Grim » tysooon failed BadPacketsZ* (x4) 
[15:44:05] [Netty Epoll IO #2/INFO]: Grim » tysooon failed PacketOrderO* (x15) type=PLAYER_INPUT
[15:44:05] [Netty Epoll IO #2/INFO]: Grim » tysooon failed PacketOrderO* (x16) type=PLAYER_INPUT
[15:44:05] [Netty Epoll IO #2/INFO]: Grim » tysooon failed RotationPlace (x5) pre-flying
[15:44:05] [Netty Epoll IO #2/INFO]: Grim » tysooon failed PacketOrderO* (x17) type=PLAYER_BLOCK_PLACEMENT
[15:44:06] [Netty Epoll IO #2/INFO]: Grim » tysooon failed PacketOrderO* (x18) type=USE_ITEM
[15:44:06] [Netty Epoll IO #2/INFO]: Grim » tysooon failed Post (x5) player block placement v1.21.11
[15:44:06] [Netty Epoll IO #2/INFO]: Grim » tysooon failed BadPacketsJ (x5) 
[15:44:06] [Netty Epoll IO #2/INFO]: Grim » tysooon failed PacketOrderO* (x19) type=PLAYER_INPUT
[15:44:06] [Netty Epoll IO #2/INFO]: Grim » tysooon failed PacketOrderO* (x20) type=PLAYER_INPUT
[15:44:06] [Netty Epoll IO #2/INFO]: Grim » tysooon failed RotationPlace (x6) pre-flying
[15:44:06] [Netty Epoll IO #2/INFO]: Grim » tysooon failed PacketOrderO* (x21) type=PLAYER_BLOCK_PLACEMENT
[15:44:06] [Netty Epoll IO #2/INFO]: Grim » tysooon failed PacketOrderO* (x22) type=USE_ITEM
[15:44:06] [Netty Epoll IO #2/INFO]: Grim » tysooon failed Post (x6) player block placement v1.21.11
[15:44:06] [Netty Epoll IO #2/INFO]: Grim » tysooon failed BadPacketsJ (x6) 
[15:44:06] [Netty Epoll IO #2/INFO]: Grim » tysooon failed BadPacketsZ* (x5) 
[15:44:06] [Netty Epoll IO #2/INFO]: Grim » tysooon failed PacketOrderO* (x23) type=PLAYER_INPUT
[15:44:06] [Netty Epoll IO #2/INFO]: Grim » tysooon failed PacketOrderO* (x24) type=PLAYER_INPUT
[15:44:06] [Netty Epoll IO #2/INFO]: Grim » tysooon failed RotationPlace (x7) pre-flying
[15:44:06] [Netty Epoll IO #2/INFO]: Grim » tysooon failed PacketOrderO* (x25) type=PLAYER_BLOCK_PLACEMENT
[15:44:06] [Netty Epoll IO #2/INFO]: Grim » tysooon failed PacketOrderO* (x26) type=USE_ITEM
[15:44:06] [Netty Epoll IO #2/INFO]: Grim » tysooon failed Post (x7) player block placement v1.21.11
[15:44:06] [Netty Epoll IO #2/INFO]: Grim » tysooon failed BadPacketsZ* (x6) 
[15:44:06] [Netty Epoll IO #2/INFO]: Grim » tysooon failed PacketOrderO* (x27) type=PLAYER_INPUT
[15:44:06] [Netty Epoll IO #2/INFO]: Grim » tysooon failed PacketOrderO* (x28) type=PLAYER_INPUT
[15:44:06] [Netty Epoll IO #2/INFO]: Grim » tysooon failed RotationPlace (x8) pre-flying
[15:44:06] [Netty Epoll IO #2/INFO]: Grim » tysooon failed PacketOrderO* (x29) type=PLAYER_BLOCK_PLACEMENT
[15:44:06] [Netty Epoll IO #2/INFO]: Grim » tysooon failed PacketOrderO* (x30) type=USE_ITEM
[15:44:06] [Netty Epoll IO #2/INFO]: Grim » tysooon failed Post (x8) player block placement v1.21.11
[15:44:06] [Netty Epoll IO #2/INFO]: Grim » tysooon failed PacketOrderO* (x31) type=PLAYER_INPUT
[15:44:06] [Netty Epoll IO #2/INFO]: Grim » tysooon failed PacketOrderO* (x32) type=PLAYER_INPUT
[15:44:06] [Netty Epoll IO #2/INFO]: Grim » tysooon failed RotationPlace (x9) pre-flying
[15:44:06] [Netty Epoll IO #2/INFO]: Grim » tysooon failed PacketOrderO* (x33) type=PLAYER_BLOCK_PLACEMENT
[15:44:06] [Netty Epoll IO #2/INFO]: Grim » tysooon failed PacketOrderO* (x34) type=USE_ITEM
[15:44:06] [Netty Epoll IO #2/INFO]: Grim » tysooon failed Post (x9) player block placement v1.21.11
[15:44:06] [Netty Epoll IO #2/INFO]: Grim » tysooon failed BadPacketsJ (x7) 
[15:44:06] [Netty Epoll IO #2/INFO]: Grim » tysooon failed PacketOrderO* (x35) type=PLAYER_INPUT
[15:44:06] [Netty Epoll IO #2/INFO]: Grim » tysooon failed BadPacketsZ* (x7) 
[15:44:06] [Netty Epoll IO #2/INFO]: Grim » tysooon failed PacketOrderO* (x36) type=PLAYER_INPUT
[15:44:06] [Netty Epoll IO #2/INFO]: Grim » tysooon failed RotationPlace (x10) pre-flying
[15:44:06] [Netty Epoll IO #2/INFO]: Grim » tysooon failed PacketOrderO* (x37) type=PLAYER_BLOCK_PLACEMENT
[15:44:06] [Netty Epoll IO #2/INFO]: Grim » tysooon failed PacketOrderO* (x38) type=USE_ITEM
[15:44:06] [Netty Epoll IO #2/INFO]: Grim » tysooon failed Post (x10) player block placement v1.21.11
[15:44:06] [Netty Epoll IO #2/INFO]: Grim » tysooon failed BadPacketsJ (x8) 
[15:44:06] [Netty Epoll IO #2/INFO]: Grim » tysooon failed PacketOrderO* (x39) type=PLAYER_INPUT
[15:44:07] [Netty Epoll IO #2/INFO]: Grim » tysooon failed PacketOrderO* (x40) type=PLAYER_INPUT
[15:44:07] [Netty Epoll IO #2/INFO]: Grim » tysooon failed RotationPlace (x11) pre-flying
[15:44:07] [Netty Epoll IO #2/INFO]: Grim » tysooon failed PacketOrderO* (x41) type=PLAYER_BLOCK_PLACEMENT
[15:44:07] [Netty Epoll IO #2/INFO]: Grim » tysooon failed PacketOrderO* (x42) type=USE_ITEM
[15:44:07] [Netty Epoll IO #2/INFO]: Grim » tysooon failed Post (x11) player block placement v1.21.11
[15:44:07] [Netty Epoll IO #2/INFO]: Grim » tysooon failed BadPacketsJ (x9) 
[15:44:07] [Netty Epoll IO #2/INFO]: Grim » tysooon failed BadPacketsZ* (x8) 
[15:44:07] [Netty Epoll IO #2/INFO]: Grim » tysooon failed PacketOrderO* (x43) type=PLAYER_INPUT
[15:44:07] [Netty Epoll IO #2/INFO]: Grim » tysooon failed PacketOrderO* (x44) type=PLAYER_INPUT
[15:44:07] [Netty Epoll IO #2/INFO]: Grim » tysooon failed RotationPlace (x12) pre-flying
[15:44:07] [Netty Epoll IO #2/INFO]: Grim » tysooon failed PacketOrderO* (x45) type=PLAYER_BLOCK_PLACEMENT
[15:44:07] [Netty Epoll IO #2/INFO]: Grim » tysooon failed PacketOrderO* (x46) type=USE_ITEM
[15:44:07] [Netty Epoll IO #2/INFO]: Grim » tysooon failed Post (x12) player block placement v1.21.11
[15:44:07] [Netty Epoll IO #2/INFO]: Grim » tysooon failed BadPacketsJ (x10) 
[15:44:07] [Netty Epoll IO #2/INFO]: Grim » tysooon failed BadPacketsZ* (x9) 
[15:44:07] [Netty Epoll IO #2/INFO]: Grim » tysooon failed PacketOrderO* (x47) type=PLAYER_INPUT
[15:44:07] [Netty Epoll IO #2/INFO]: Grim » tysooon failed PacketOrderO* (x48) type=PLAYER_INPUT
[15:44:07] [Netty Epoll IO #2/INFO]: Grim » tysooon failed RotationPlace (x13) pre-flying
[15:44:07] [Netty Epoll IO #2/INFO]: Grim » tysooon failed PacketOrderO* (x49) type=PLAYER_BLOCK_PLACEMENT
[15:44:07] [Netty Epoll IO #2/INFO]: Grim » tysooon failed PacketOrderO* (x50) type=USE_ITEM
[15:44:07] [Netty Epoll IO #2/INFO]: Grim » tysooon failed Post (x13) player block placement v1.21.11
[15:44:07] [Netty Epoll IO #2/INFO]: Grim » tysooon failed BadPacketsJ (x11) 
[15:44:07] [Netty Epoll IO #2/INFO]: Grim » tysooon failed PacketOrderO* (x51) type=PLAYER_INPUT
[15:44:07] [Netty Epoll IO #2/INFO]: Grim » tysooon failed PacketOrderO* (x52) type=PLAYER_INPUT
[15:44:07] [Netty Epoll IO #2/INFO]: Grim » tysooon failed RotationPlace (x14) pre-flying
[15:44:07] [Netty Epoll IO #2/INFO]: Grim » tysooon failed PacketOrderO* (x53) type=PLAYER_BLOCK_PLACEMENT
[15:44:07] [Netty Epoll IO #2/INFO]: Grim » tysooon failed PacketOrderO* (x54) type=USE_ITEM
[15:44:07] [Netty Epoll IO #2/INFO]: Grim » tysooon failed Post (x14) player block placement v1.21.11
[15:44:07] [Netty Epoll IO #2/INFO]: Grim » tysooon failed BadPacketsZ* (x10) 
[15:44:07] [Netty Epoll IO #2/INFO]: Grim » tysooon failed PacketOrderO* (x55) type=PLAYER_INPUT
[15:44:07] [Netty Epoll IO #2/INFO]: Grim » tysooon failed PacketOrderO* (x56) type=PLAYER_INPUT
[15:44:07] [Netty Epoll IO #2/INFO]: Grim » tysooon failed RotationPlace (x15) pre-flying
[15:44:07] [Netty Epoll IO #2/INFO]: Grim » tysooon failed PacketOrderO* (x57) type=PLAYER_BLOCK_PLACEMENT
[15:44:07] [Netty Epoll IO #2/INFO]: Grim » tysooon failed PacketOrderO* (x58) type=USE_ITEM
[15:44:07] [Netty Epoll IO #2/INFO]: Grim » tysooon failed Post (x15) player block placement v1.21.11
[15:44:07] [Netty Epoll IO #2/INFO]: Grim » tysooon failed BadPacketsJ (x12) 
[15:44:07] [Netty Epoll IO #2/INFO]: Grim » tysooon failed BadPacketsZ* (x11) 
[15:44:07] [Netty Epoll IO #2/INFO]: Grim » tysooon failed PacketOrderO* (x59) type=PLAYER_INPUT
[15:44:07] [Netty Epoll IO #2/INFO]: Grim » tysooon failed PacketOrderO* (x60) type=PLAYER_INPUT
[15:44:07] [Netty Epoll IO #2/INFO]: Grim » tysooon failed RotationPlace (x16) pre-flying
[15:44:07] [Netty Epoll IO #2/INFO]: Grim » tysooon failed PacketOrderO* (x61) type=PLAYER_BLOCK_PLACEMENT
[15:44:07] [Netty Epoll IO #2/INFO]: Grim » tysooon failed PacketOrderO* (x62) type=USE_ITEM
[15:44:08] [Netty Epoll IO #2/INFO]: Grim » tysooon failed Post (x16) player block placement v1.21.11
[15:44:08] [Netty Epoll IO #2/INFO]: Grim » tysooon failed BadPacketsJ (x13) 
[15:44:09] [Netty Epoll IO #2/INFO]: Grim » tysooon failed PacketOrderO* (x63) type=PLAYER_INPUT
[15:44:09] [Netty Epoll IO #2/INFO]: Grim » tysooon failed PacketOrderO* (x64) type=PLAYER_INPUT
[15:44:09] [Netty Epoll IO #2/INFO]: Grim » tysooon failed PacketOrderO* (x65) type=PLAYER_BLOCK_PLACEMENT
[15:44:09] [Netty Epoll IO #2/INFO]: Grim » tysooon failed PacketOrderO* (x66) type=USE_ITEM
[15:44:09] [Netty Epoll IO #2/INFO]: Grim » tysooon failed Post (x17) player block placement v1.21.11
[15:44:09] [Netty Epoll IO #2/INFO]: Grim » tysooon failed BadPacketsJ (x14) 
[15:44:09] [Netty Epoll IO #2/INFO]: Grim » tysooon failed PacketOrderO* (x67) type=PLAYER_INPUT
[15:44:09] [Netty Epoll IO #2/INFO]: Grim » tysooon failed PacketOrderO* (x68) type=PLAYER_INPUT
[15:44:09] [Netty Epoll IO #2/INFO]: Grim » tysooon failed RotationPlace (x17) pre-flying
[15:44:09] [Netty Epoll IO #2/INFO]: Grim » tysooon failed PacketOrderO* (x69) type=PLAYER_BLOCK_PLACEMENT
[15:44:09] [Netty Epoll IO #2/INFO]: Grim » tysooon failed PacketOrderO* (x70) type=USE_ITEM
[15:44:09] [Netty Epoll IO #2/INFO]: Grim » tysooon failed Post (x18) player block placement v1.21.11
[15:44:09] [Netty Epoll IO #2/INFO]: Grim » tysooon failed PacketOrderO* (x71) type=PLAYER_INPUT
[15:44:09] [Netty Epoll IO #2/INFO]: Grim » tysooon failed PacketOrderO* (x72) type=PLAYER_INPUT
[15:44:09] [Netty Epoll IO #2/INFO]: Grim » tysooon failed RotationPlace (x18) pre-flying
[15:44:10] [Netty Epoll IO #2/INFO]: Grim » tysooon failed RotationPlace (x19) pre-flying
[15:44:10] [Netty Epoll IO #2/INFO]: Grim » tysooon failed RotationPlace (x20) pre-flying
[15:44:10] [Netty Epoll IO #2/INFO]: Grim » tysooon failed PacketOrderO* (x73) type=PLAYER_INPUT
[15:44:10] [Netty Epoll IO #2/INFO]: Grim » tysooon failed PacketOrderO* (x74) type=PLAYER_INPUT
[15:44:10] [Netty Epoll IO #2/INFO]: Grim » tysooon failed RotationPlace (x21) pre-flying
[15:44:10] [Netty Epoll IO #2/INFO]: Grim » tysooon failed PacketOrderO* (x75) type=PLAYER_BLOCK_PLACEMENT
[15:44:10] [Netty Epoll IO #2/INFO]: Grim » tysooon failed PacketOrderO* (x75) type=USE_ITEM
[15:44:10] [Netty Epoll IO #2/INFO]: Grim » tysooon failed Post (x19) player block placement v1.21.11
[15:44:11] [Netty Epoll IO #2/INFO]: Grim » tysooon failed RotationPlace (x22) pre-flying
[15:44:11] [Netty Epoll IO #2/INFO]: Grim » tysooon failed RotationPlace (x23) pre-flying
[15:44:11] [Netty Epoll IO #2/INFO]: Grim » tysooon failed BadPacketsZ* (x11) 
[15:44:11] [Netty Epoll IO #2/INFO]: Grim » tysooon failed PacketOrderO* (x76) type=PLAYER_INPUT
[15:44:11] [Netty Epoll IO #2/INFO]: Grim » tysooon failed PacketOrderO* (x77) type=PLAYER_INPUT
[15:44:11] [Netty Epoll IO #2/INFO]: Grim » tysooon failed RotationPlace (x24) pre-flying
[15:44:11] [Netty Epoll IO #2/INFO]: Grim » tysooon failed PacketOrderO* (x78) type=PLAYER_BLOCK_PLACEMENT
[15:44:11] [Netty Epoll IO #2/INFO]: Grim » tysooon failed PacketOrderO* (x79) type=USE_ITEM
[15:44:11] [Netty Epoll IO #2/INFO]: Grim » tysooon failed Post (x20) player block placement v1.21.11
[15:44:11] [Netty Epoll IO #2/INFO]: Grim » tysooon failed BadPacketsJ (x15) 
[15:44:11] [Netty Epoll IO #2/INFO]: Grim » tysooon failed PacketOrderO* (x80) type=PLAYER_INPUT
[15:44:11] [Netty Epoll IO #2/INFO]: Grim » tysooon failed PacketOrderO* (x81) type=PLAYER_INPUT
[15:44:11] [Netty Epoll IO #2/INFO]: Grim » tysooon failed RotationPlace (x25) pre-flying
[15:44:11] [Netty Epoll IO #2/INFO]: Grim » tysooon failed PacketOrderO* (x82) type=PLAYER_BLOCK_PLACEMENT
[15:44:11] [Netty Epoll IO #2/INFO]: Grim » tysooon failed PacketOrderO* (x83) type=USE_ITEM
[15:44:11] [Netty Epoll IO #2/INFO]: Grim » tysooon failed Post (x21) player block placement v1.21.11
[15:44:11] [Netty Epoll IO #2/INFO]: Grim » tysooon failed BadPacketsJ (x16) 
[15:44:17] [Netty Epoll IO #2/INFO]: Grim » tysooon failed BadPacketsZ* (x12) 
[15:44:17] [Netty Epoll IO #2/INFO]: Grim » tysooon failed PacketOrderO* (x84) type=PLAYER_INPUT
[15:44:17] [Netty Epoll IO #2/INFO]: Grim » tysooon failed PacketOrderO* (x85) type=PLAYER_INPUT
[15:44:18] [Netty Epoll IO #2/INFO]: Grim » tysooon failed RotationPlace (x26) pre-flying
[15:44:18] [Netty Epoll IO #2/INFO]: Grim » tysooon failed PacketOrderO* (x86) type=PLAYER_BLOCK_PLACEMENT
[15:44:18] [Netty Epoll IO #2/INFO]: Grim » tysooon failed PacketOrderO* (x87) type=USE_ITEM
[15:44:18] [Netty Epoll IO #2/INFO]: Grim » tysooon failed Post (x22) player block placement v1.21.11
[15:44:18] [Netty Epoll IO #2/INFO]: Grim » tysooon failed PacketOrderO* (x88) type=PLAYER_INPUT
[15:44:18] [Netty Epoll IO #2/INFO]: Grim » tysooon failed PacketOrderO* (x89) type=PLAYER_INPUT
[15:44:18] [Netty Epoll IO #2/INFO]: Grim » tysooon failed RotationPlace (x27) pre-flying
[15:44:18] [Netty Epoll IO #2/INFO]: Grim » tysooon failed PacketOrderO* (x90) type=PLAYER_BLOCK_PLACEMENT
[15:44:18] [Netty Epoll IO #2/INFO]: Grim » tysooon failed PacketOrderO* (x90) type=USE_ITEM
[15:44:18] [Netty Epoll IO #2/INFO]: Grim » tysooon failed Post (x23) player block placement v1.21.11
[15:44:18] [Netty Epoll IO #2/INFO]: Grim » tysooon failed BadPacketsJ (x17) 
[15:44:18] [Netty Epoll IO #2/INFO]: Grim » tysooon failed BadPacketsZ* (x12) 
[15:44:18] [Netty Epoll IO #2/INFO]: Grim » tysooon failed PacketOrderO* (x91) type=PLAYER_INPUT
[15:44:18] [Netty Epoll IO #2/INFO]: Grim » tysooon failed BadPacketsZ* (x13) 
[15:44:18] [Netty Epoll IO #2/INFO]: Grim » tysooon failed PacketOrderO* (x92) type=PLAYER_INPUT
[15:44:18] [Netty Epoll IO #2/INFO]: Grim » tysooon failed RotationPlace (x28) pre-flying
[15:44:18] [Netty Epoll IO #2/INFO]: Grim » tysooon failed PacketOrderO* (x93) type=PLAYER_BLOCK_PLACEMENT
[15:44:18] [Netty Epoll IO #2/INFO]: Grim » tysooon failed PacketOrderO* (x94) type=USE_ITEM
[15:44:18] [Netty Epoll IO #2/INFO]: Grim » tysooon failed Post (x24) player block placement v1.21.11
[15:44:18] [Netty Epoll IO #2/INFO]: Grim » tysooon failed BadPacketsJ (x17) 
[15:44:18] [Netty Epoll IO #2/INFO]: Grim » tysooon failed PacketOrderO* (x95) type=PLAYER_INPUT
[15:44:18] [Netty Epoll IO #2/INFO]: Grim » tysooon failed PacketOrderO* (x96) type=PLAYER_INPUT
[15:44:18] [Netty Epoll IO #2/INFO]: Grim » tysooon failed RotationPlace (x29) pre-flying
[15:44:18] [Netty Epoll IO #2/INFO]: Grim » tysooon failed PacketOrderO* (x97) type=PLAYER_BLOCK_PLACEMENT
[15:44:18] [Netty Epoll IO #2/INFO]: Grim » tysooon failed PacketOrderO* (x98) type=USE_ITEM
[15:44:18] [Netty Epoll IO #2/INFO]: Grim » tysooon failed BadPacketsJ (x18) 
[15:44:18] [Netty Epoll IO #2/INFO]: Grim » tysooon failed PacketOrderO* (x99) type=PLAYER_INPUT
[15:44:18] [Netty Epoll IO #2/INFO]: Grim » tysooon failed BadPacketsZ* (x14) 
[15:44:18] [Netty Epoll IO #2/INFO]: Grim » tysooon failed PacketOrderO* (x100) type=PLAYER_INPUT
[15:44:19] [Netty Epoll IO #2/INFO]: Grim » tysooon failed RotationPlace (x30) pre-flying
[15:44:19] [Netty Epoll IO #2/INFO]: Grim » tysooon failed PacketOrderO* (x101) type=PLAYER_BLOCK_PLACEMENT
[15:44:19] [Netty Epoll IO #2/INFO]: Grim » tysooon failed PacketOrderO* (x102) type=USE_ITEM
[15:44:19] [Netty Epoll IO #2/INFO]: Grim » tysooon failed Post (x25) player block placement v1.21.11
[15:44:19] [Netty Epoll IO #2/INFO]: Grim » tysooon failed PacketOrderO* (x103) type=PLAYER_INPUT
[15:44:19] [Netty Epoll IO #2/INFO]: Grim » tysooon failed PacketOrderO* (x104) type=PLAYER_INPUT
[15:44:19] [Netty Epoll IO #2/INFO]: Grim » tysooon failed RotationPlace (x31) pre-flying
[15:44:19] [Netty Epoll IO #2/INFO]: Grim » tysooon failed PacketOrderO* (x105) type=PLAYER_BLOCK_PLACEMENT
[15:44:19] [Netty Epoll IO #2/INFO]: Grim » tysooon failed PacketOrderO* (x106) type=PLAYER_INPUT
[15:44:19] [Netty Epoll IO #2/INFO]: Grim » tysooon failed RotationPlace (x32) pre-flying
[15:44:19] [Netty Epoll IO #2/INFO]: Grim » tysooon failed RotationPlace (x33) pre-flying
[15:44:19] [Netty Epoll IO #2/INFO]: Grim » tysooon failed RotationPlace (x34) pre-flying
[15:44:19] [Netty Epoll IO #2/INFO]: Grim » tysooon failed RotationPlace (x35) pre-flying
[15:44:20] [Netty Epoll IO #2/INFO]: Grim » tysooon failed RotationPlace (x36) pre-flying
[15:44:20] [Netty Epoll IO #2/INFO]: Grim » tysooon failed Post (x26) player block placement v1.21.11
[15:44:20] [Netty Epoll IO #2/INFO]: Grim » tysooon failed PacketOrderO* (x107) type=PLAYER_INPUT
[15:44:20] [Netty Epoll IO #2/INFO]: Grim » tysooon failed RotationPlace (x37) pre-flying
[15:44:20] [Netty Epoll IO #2/INFO]: Grim » tysooon failed RotationPlace (x38) pre-flying
[15:44:20] [Netty Epoll IO #2/INFO]: Grim » tysooon failed RotationPlace (x39) pre-flying
[15:44:20] [Netty Epoll IO #2/INFO]: Grim » tysooon failed RotationPlace (x40) pre-flying
[15:44:20] [Netty Epoll IO #2/INFO]: Grim » tysooon failed PacketOrderO* (x108) type=PLAYER_INPUT
[15:44:20] [Netty Epoll IO #2/INFO]: Grim » tysooon failed RotationPlace (x41) pre-flying
[15:44:20] [Netty Epoll IO #2/INFO]: Grim » tysooon failed PacketOrderO* (x109) type=PLAYER_BLOCK_PLACEMENT
[15:44:20] [Netty Epoll IO #2/INFO]: Grim » tysooon failed PacketOrderO* (x110) type=USE_ITEM
[15:44:21] [Netty Epoll IO #2/INFO]: Grim » tysooon failed BadPacketsJ (x19) 
[15:44:21] [Netty Epoll IO #2/INFO]: Grim » tysooon failed PacketOrderO* (x111) type=PLAYER_INPUT
[15:44:21] [Netty Epoll IO #2/INFO]: Grim » tysooon failed Post (x27) player block placement v1.21.11
[15:44:21] [Netty Epoll IO #2/INFO]: Grim » tysooon failed BadPacketsZ* (x15) 
[15:44:21] [Netty Epoll IO #2/INFO]: Grim » tysooon failed PacketOrderO* (x112) type=PLAYER_INPUT
[15:44:21] [Netty Epoll IO #2/INFO]: Grim » tysooon failed RotationPlace (x42) pre-flying
[15:44:21] [Netty Epoll IO #2/INFO]: Grim » tysooon failed PacketOrderO* (x113) type=PLAYER_BLOCK_PLACEMENT
[15:44:21] [Netty Epoll IO #2/INFO]: Grim » tysooon failed PacketOrderO* (x114) type=USE_ITEM
[15:44:21] [Netty Epoll IO #2/INFO]: Grim » tysooon failed Post (x28) player block placement v1.21.11
[15:44:21] [Netty Epoll IO #2/INFO]: Grim » tysooon failed BadPacketsJ (x20) 
[15:45:01] [Netty Epoll IO #2/INFO]: Grim » tysooon failed PacketOrderO* (x115) type=PLAYER_INPUT
[15:45:01] [Netty Epoll IO #2/INFO]: Grim » tysooon failed PositionPlace (x1) 
[15:45:01] [Netty Epoll IO #2/INFO]: Grim » tysooon failed PositionPlace (x2) 
[15:45:01] [Netty Epoll IO #2/INFO]: Grim » tysooon failed PositionPlace (x3) 
[15:45:01] [Netty Epoll IO #2/INFO]: Grim » tysooon failed PositionPlace (x4) 
[15:45:13] [Server thread/INFO]: danhz issued server command: /back
[15:45:17] [Server thread/INFO]: danhz issued server command: /home house
[15:45:33] [Netty Epoll IO #3/INFO]: Grim » danhz failed Simulation (x1) .013013 /gl 226
[15:45:33] [Netty Epoll IO #3/INFO]: Grim » danhz failed Simulation (x2) .016597 /gl 227
[15:45:33] [Netty Epoll IO #3/INFO]: Grim » danhz failed Simulation (x3) .019715 /gl 228
[15:45:33] [Netty Epoll IO #3/INFO]: Grim » danhz failed Simulation (x4) .021270 /gl 229
[15:45:33] [Netty Epoll IO #3/INFO]: Grim » danhz failed Simulation (x5) .017016 /gl 230
[15:45:33] [Netty Epoll IO #3/INFO]: Grim » danhz failed Simulation (x6) .013613 /gl 231
[15:45:33] [Netty Epoll IO #3/INFO]: Grim » danhz failed Simulation (x7) .010890 /gl 232
[15:47:00] [Netty Epoll IO #2/INFO]: Grim » tysooon failed DuplicateRotPlace* (x1) x=0.0 xdots=0.0 y=4.270347595214844
[15:48:29] [Async Chat Thread - #1512/INFO]: [Not Secure]  danhz  : kho 1
[15:48:30] [Server thread/INFO]: danhz issued server command: /kho 1
[15:48:30] [Server thread/INFO]: danhz issued mycmd (kho) command /kho 1
[15:48:30] [Server thread/INFO]: danhz issued server command: /axvault 1
[15:49:33] [Server thread/INFO]: danhz issued server command: /kho 1
[15:49:33] [Server thread/INFO]: danhz issued mycmd (kho) command /kho 1
[15:49:33] [Server thread/INFO]: danhz issued server command: /axvault 1
[15:50:41] [Server thread/INFO]: danhz issued server command: /kho 2
[15:50:41] [Server thread/INFO]: danhz issued mycmd (kho) command /kho 2
[15:50:41] [Server thread/INFO]: danhz issued server command: /axvault 2
[15:50:46] [Server thread/INFO]: danhz issued server command: /kho 1
[15:50:46] [Server thread/INFO]: danhz issued mycmd (kho) command /kho 1
[15:50:46] [Server thread/INFO]: danhz issued server command: /axvault 1
[15:50:53] [Server thread/INFO]: danhz issued server command: /kho 2
[15:50:53] [Server thread/INFO]: danhz issued mycmd (kho) command /kho 2
[15:50:53] [Server thread/INFO]: danhz issued server command: /axvault 2
[15:51:06] [Server thread/INFO]: danhz issued server command: /kho 2
[15:51:06] [Server thread/INFO]: danhz issued mycmd (kho) command /kho 2
[15:51:06] [Server thread/INFO]: danhz issued server command: /axvault 2
[15:51:39] [Server thread/INFO]: tysooon issued server command: /home farm
[15:52:17] [Server thread/INFO]: tysooon issued server command: /home home
[15:52:24] [Server thread/INFO]: danhz issued server command: /home house
[15:52:36] [Server thread/INFO]: tysooon issued server command: /kho 1
[15:52:36] [Server thread/INFO]: tysooon issued mycmd (kho) command /kho 1
[15:52:36] [Server thread/INFO]: tysooon issued server command: /axvault 1
[15:52:37] [Server thread/INFO]: danhz issued server command: /kho 2
[15:52:37] [Server thread/INFO]: danhz issued mycmd (kho) command /kho 2
[15:52:37] [Server thread/INFO]: danhz issued server command: /axvault 2
[15:52:47] [Server thread/INFO]: tysooon issued server command: /home farm
[15:52:52] [Server thread/INFO]: danhz issued server command: /kho 2
[15:52:52] [Server thread/INFO]: danhz issued mycmd (kho) command /kho 2
[15:52:52] [Server thread/INFO]: danhz issued server command: /axvault 2
[15:53:30] [Server thread/INFO]: tysooon issued server command: /home home
[15:53:43] [Server thread/INFO]: tysooon issued server command: /home farm
[15:53:56] [Server thread/INFO]: danhz issued server command: /kho 2
[15:53:56] [Server thread/INFO]: danhz issued mycmd (kho) command /kho 2
[15:53:56] [Server thread/INFO]: danhz issued server command: /axvault 2
[15:53:58] [Server thread/INFO]: danhz issued server command: /kho 1
[15:53:58] [Server thread/INFO]: danhz issued mycmd (kho) command /kho 1
[15:53:58] [Server thread/INFO]: danhz issued server command: /axvault 1
[15:53:59] [Server thread/INFO]: tysooon issued server command: /home home
[15:54:10] [Server thread/INFO]: tysooon issued server command: /home farm
[15:54:11] [Server thread/INFO]: danhz issued server command: /hko 2
[15:54:13] [Server thread/INFO]: danhz issued server command: /kho 2
[15:54:13] [Server thread/INFO]: danhz issued mycmd (kho) command /kho 2
[15:54:13] [Server thread/INFO]: danhz issued server command: /axvault 2
[15:54:35] [Server thread/INFO]: danhz issued server command: /kho 2
[15:54:35] [Server thread/INFO]: danhz issued mycmd (kho) command /kho 2
[15:54:35] [Server thread/INFO]: danhz issued server command: /axvault 2
[15:54:37] [Server thread/INFO]: danhz issued server command: /kho 3
[15:54:37] [Server thread/INFO]: danhz issued mycmd (kho) command /kho 3
[15:54:37] [Server thread/INFO]: danhz issued server command: /axvault 3
[15:55:02] [Server thread/INFO]: danhz issued server command: /kho 2
[15:55:02] [Server thread/INFO]: danhz issued mycmd (kho) command /kho 2
[15:55:02] [Server thread/INFO]: danhz issued server command: /axvault 2
[15:55:05] [Server thread/INFO]: danhz issued server command: /kho 3
[15:55:05] [Server thread/INFO]: danhz issued mycmd (kho) command /kho 3
[15:55:05] [Server thread/INFO]: danhz issued server command: /axvault 3
[15:55:10] [Server thread/INFO]: danhz issued server command: /home farm
[15:55:12] [Server thread/INFO]: tysooon issued server command: /sellall ender_pearl
[15:55:12] [Server thread/INFO]: Cửa hàng >> tysooon sold 121 x Ender Pearl(PVP.page1.items.2) vì $1,815.00 với sell all command.
[15:55:18] [Server thread/INFO]: tysooon issued server command: /home home
[15:55:24] [Server thread/INFO]: danhz issued server command: /home house
[15:55:25] [Server thread/INFO]: danhz issued server command: /kho 2
[15:55:25] [Server thread/INFO]: danhz issued mycmd (kho) command /kho 2
[15:55:25] [Server thread/INFO]: danhz issued server command: /axvault 2
[15:55:33] [Server thread/INFO]: tysooon issued server command: /home home
[15:55:37] [Server thread/INFO]: tysooon issued server command: /home farm
[15:55:48] [Server thread/INFO]: danhz issued server command: /kho 2
[15:55:48] [Server thread/INFO]: danhz issued mycmd (kho) command /kho 2
[15:55:48] [Server thread/INFO]: danhz issued server command: /axvault 2
[15:55:54] [Server thread/INFO]: danhz issued server command: /kho 2
[15:55:54] [Server thread/INFO]: danhz issued mycmd (kho) command /kho 2
[15:55:54] [Server thread/INFO]: danhz issued server command: /axvault 2
[15:56:00] [Server thread/INFO]: danhz issued server command: /kho 2
[15:56:00] [Server thread/INFO]: danhz issued mycmd (kho) command /kho 2
[15:56:00] [Server thread/INFO]: danhz issued server command: /axvault 2
[15:56:07] [Server thread/INFO]: danhz issued server command: /kho 2
[15:56:07] [Server thread/INFO]: danhz issued mycmd (kho) command /kho 2
[15:56:07] [Server thread/INFO]: danhz issued server command: /axvault 2
[15:56:10] [Server thread/INFO]: danhz issued server command: /kho 3
[15:56:10] [Server thread/INFO]: danhz issued mycmd (kho) command /kho 3
[15:56:10] [Server thread/INFO]: danhz issued server command: /axvault 3
[15:56:16] [Server thread/INFO]: tysooon issued server command: /home home
[15:56:28] [Server thread/INFO]: danhz issued server command: /kho 2
[15:56:28] [Server thread/INFO]: danhz issued mycmd (kho) command /kho 2
[15:56:28] [Server thread/INFO]: danhz issued server command: /axvault 2
[15:56:33] [Netty Epoll IO #3/INFO]: Grim » danhz failed BadPacketsR* (x1) time=2044ms, lst=2314ms, positions=0
[15:56:35] [Server thread/INFO]: danhz issued server command: /home house
[15:56:37] [Server thread/INFO]: tysooon issued server command: /home farm
[15:56:38] [Server thread/INFO]: danhz issued server command: /home farm
[15:58:08] [Server thread/INFO]: danhz issued server command: /home house
[15:58:34] [Server thread/INFO]: danhz issued server command: /sellall ENDER_PEARL
[15:58:34] [Server thread/INFO]: Cửa hàng >> danhz sold 81 x Ender Pearl(PVP.page1.items.2) vì $1,215.00 với sell all command.
[15:58:40] [Server thread/INFO]: danhz issued server command: /kho 2
[15:58:40] [Server thread/INFO]: danhz issued mycmd (kho) command /kho 2
[15:58:40] [Server thread/INFO]: danhz issued server command: /axvault 2
[15:58:42] [Server thread/INFO]: danhz issued server command: /jkho 1
[15:58:43] [Server thread/INFO]: danhz issued server command: /kho 1
[15:58:43] [Server thread/INFO]: danhz issued mycmd (kho) command /kho 1
[15:58:43] [Server thread/INFO]: danhz issued server command: /axvault 1
[15:59:38] [Server thread/INFO]: tysooon issued server command: /home home
[15:59:45] [Server thread/INFO]: danhz issued server command: /kho 2
[15:59:45] [Server thread/INFO]: danhz issued mycmd (kho) command /kho 2
[15:59:45] [Server thread/INFO]: danhz issued server command: /axvault 2
[15:59:48] [Server thread/INFO]: tysooon issued server command: /kho 1
[15:59:48] [Server thread/INFO]: tysooon issued mycmd (kho) command /kho 1
[15:59:48] [Server thread/INFO]: tysooon issued server command: /axvault 1
[15:59:51] [Server thread/INFO]: danhz issued server command: /kho 2
[15:59:51] [Server thread/INFO]: danhz issued mycmd (kho) command /kho 2
[15:59:51] [Server thread/INFO]: danhz issued server command: /axvault 2
[15:59:52] [Server thread/INFO]: tysooon issued server command: /kho 2
[15:59:52] [Server thread/INFO]: tysooon issued mycmd (kho) command /kho 2
[15:59:52] [Server thread/INFO]: tysooon issued server command: /axvault 2
[15:59:53] [Server thread/INFO]: danhz issued server command: /kho 1
[15:59:53] [Server thread/INFO]: danhz issued mycmd (kho) command /kho 1
[15:59:53] [Server thread/INFO]: danhz issued server command: /axvault 1
[15:59:55] [Server thread/INFO]: tysooon issued server command: /kho 3
[15:59:55] [Server thread/INFO]: tysooon issued mycmd (kho) command /kho 3
[15:59:55] [Server thread/INFO]: tysooon issued server command: /axvault 3
[15:59:59] [Server thread/INFO]: tysooon issued server command: /kho 3
[15:59:59] [Server thread/INFO]: tysooon issued mycmd (kho) command /kho 3
[15:59:59] [Server thread/INFO]: tysooon issued server command: /axvault 3
[16:00:01] [Server thread/INFO]: tysooon issued server command: /kho 4
[16:00:01] [Server thread/INFO]: tysooon issued mycmd (kho) command /kho 4
[16:00:01] [Server thread/INFO]: tysooon issued server command: /axvault 4
[16:00:29] [Server thread/INFO]: danhz issued server command: /home farm
[16:00:43] [Server thread/INFO]: tysooon issued server command: /home farm
[16:01:00] [Server thread/INFO]: danhz issued server command: /kho 2
[16:01:00] [Server thread/INFO]: danhz issued mycmd (kho) command /kho 2
[16:01:00] [Server thread/INFO]: danhz issued server command: /axvault 2
[16:01:02] [Server thread/INFO]: danhz issued server command: /kho 1
[16:01:02] [Server thread/INFO]: danhz issued mycmd (kho) command /kho 1
[16:01:02] [Server thread/INFO]: danhz issued server command: /axvault 1
[16:01:11] [Server thread/INFO]: danhz issued server command: /kho 2
[16:01:11] [Server thread/INFO]: danhz issued mycmd (kho) command /kho 2
[16:01:11] [Server thread/INFO]: danhz issued server command: /axvault 2
[16:01:13] [Server thread/INFO]: danhz issued server command: /kho 1
[16:01:13] [Server thread/INFO]: danhz issued mycmd (kho) command /kho 1
[16:01:13] [Server thread/INFO]: danhz issued server command: /axvault 1
[16:01:39] [Server thread/INFO]: danhz issued server command: /kho 2
[16:01:39] [Server thread/INFO]: danhz issued mycmd (kho) command /kho 2
[16:01:39] [Server thread/INFO]: danhz issued server command: /axvault 2
[16:01:41] [Server thread/INFO]: danhz issued server command: /kho 3
[16:01:41] [Server thread/INFO]: danhz issued mycmd (kho) command /kho 3
[16:01:41] [Server thread/INFO]: danhz issued server command: /axvault 3
[16:01:42] [Server thread/INFO]: tysooon issued server command: /home home
[16:01:48] [Server thread/INFO]: danhz issued server command: /sellall ENDER_PEARL
[16:01:48] [Server thread/INFO]: Cửa hàng >> danhz sold 15 x Ender Pearl(PVP.page1.items.2) vì $225.00 với sell all command.
[16:02:00] [Server thread/INFO]: danhz was slain by Enderman
[16:02:05] [Server thread/INFO]: danhz issued server command: /home house
[16:02:07] [Server thread/INFO]: tysooon issued server command: /home home
[16:02:09] [Server thread/INFO]: danhz issued server command: /kho 3
[16:02:09] [Server thread/INFO]: danhz issued mycmd (kho) command /kho 3
[16:02:09] [Server thread/INFO]: danhz issued server command: /axvault 3
[16:02:09] [Server thread/INFO]: tysooon issued server command: /home farm
[16:02:19] [Server thread/INFO]: danhz issued server command: /kho 2
[16:02:19] [Server thread/INFO]: danhz issued mycmd (kho) command /kho 2
[16:02:19] [Server thread/INFO]: danhz issued server command: /axvault 2
[16:02:24] [Server thread/INFO]: tysooon issued server command: /home home
[16:02:25] [Server thread/INFO]: danhz issued server command: /kho 3
[16:02:25] [Server thread/INFO]: danhz issued mycmd (kho) command /kho 3
[16:02:25] [Server thread/INFO]: danhz issued server command: /axvault 3
[16:02:44] [Server thread/INFO]: danhz lost connection: Disconnected
[16:02:44] [Server thread/INFO]: [voicechat] Disconnecting client danhz
[16:02:44] [Server thread/INFO]: danhz left the game
[16:02:47] [Server thread/INFO]: tysooon issued server command: /home farm
[16:02:51] [User Authenticator #727/INFO]: UUID of player danhz is fe798653-6820-3155-a1d7-257e95e16756
[16:02:56] [Server thread/INFO]: tysooon issued server command: /home home
[16:02:59] [Server thread/INFO]: danhz joined the game
[16:02:59] [Server thread/INFO]: danhz[/42.117.21.183:53203] logged in with entity id 8592588 at ([WORLD]-5029.454626085294, 120.0, -8225.544409028149)
[16:02:59] [Craft Scheduler Thread - 15280 - AuthMe/INFO]: [AuthMe] danhz logged in 42.117.21.183
[16:02:59] [Server thread/INFO]: [voicechat] Received secret request of danhz (20)
[16:02:59] [Server thread/INFO]: [voicechat] Sent secret to danhz
[16:02:59] [VoiceChatPacketProcessingThread/INFO]: [voicechat] Successfully authenticated player fe798653-6820-3155-a1d7-257e95e16756
[16:03:00] [VoiceChatPacketProcessingThread/INFO]: [voicechat] Successfully validated connection of player fe798653-6820-3155-a1d7-257e95e16756
[16:03:00] [VoiceChatPacketProcessingThread/INFO]: [voicechat] Player danhz (fe798653-6820-3155-a1d7-257e95e16756) successfully connected to voice chat
[16:03:13] [Server thread/INFO]: danhz issued server command: /kho 3
[16:03:13] [Server thread/INFO]: danhz issued mycmd (kho) command /kho 3
[16:03:13] [Server thread/INFO]: danhz issued server command: /axvault 3
[16:03:38] [Server thread/INFO]: tysooon issued server command: /home farm
[16:03:42] [Server thread/INFO]: danhz issued server command: /home farm
[16:04:11] [Server thread/INFO]: danhz issued server command: /kho 2
[16:04:11] [Server thread/INFO]: danhz issued mycmd (kho) command /kho 2
[16:04:11] [Server thread/INFO]: danhz issued server command: /axvault 2
[16:04:21] [Server thread/INFO]: danhz issued server command: /kho 2
[16:04:21] [Server thread/INFO]: danhz issued mycmd (kho) command /kho 2
[16:04:21] [Server thread/INFO]: danhz issued server command: /axvault 2
[16:04:43] [Server thread/INFO]: Unknown or incomplete command. See below for error
ls<--[HERE]
[16:04:44] [Server thread/INFO]: [Essentials] CONSOLE issued server command: /list 
[16:04:44] [Server thread/INFO]: Có 2 trong tối đa 200 người chơi trực tuyến.
[16:04:44] [Server thread/INFO]: non: danhz, tysooon
[16:06:05] [Server thread/INFO]: danhz issued server command: /kho 2
[16:06:05] [Server thread/INFO]: danhz issued mycmd (kho) command /kho 2
[16:06:05] [Server thread/INFO]: danhz issued server command: /axvault 2
[16:06:09] [Server thread/INFO]: danhz issued server command: /kho 3
[16:06:09] [Server thread/INFO]: danhz issued mycmd (kho) command /kho 3
[16:06:09] [Server thread/INFO]: danhz issued server command: /axvault 3
[16:06:11] [Server thread/INFO]: danhz issued server command: /kho 1
[16:06:11] [Server thread/INFO]: danhz issued mycmd (kho) command /kho 1
[16:06:11] [Server thread/INFO]: danhz issued server command: /axvault 1
[16:07:00] [Server thread/INFO]: danhz issued server command: /sellall ender_pearl
[16:07:00] [Server thread/INFO]: Cửa hàng >> danhz sold 306 x Ender Pearl(PVP.page1.items.2) vì $4,590.00 với sell all command.
[16:07:22] [Server thread/INFO]: danhz issued server command: /home house
[16:07:36] [Server thread/INFO]: danhz issued server command: /sellall ENDER_PEARL
[16:07:36] [Server thread/INFO]: Cửa hàng >> danhz sold 14 x Ender Pearl(PVP.page1.items.2) vì $210.00 với sell all command.
[16:07:39] [Server thread/INFO]: danhz issued server command: /kho 12
[16:07:39] [Server thread/INFO]: danhz issued mycmd (kho) command /kho 12
[16:07:39] [Server thread/INFO]: danhz issued server command: /axvault 12
[16:07:41] [Server thread/INFO]: danhz issued server command: /kho 3
[16:07:41] [Server thread/INFO]: danhz issued mycmd (kho) command /kho 3
[16:07:41] [Server thread/INFO]: danhz issued server command: /axvault 3
[16:07:42] [Server thread/INFO]: Showing new title for 2 players
[16:07:52] [Async Chat Thread - #1514/INFO]: [Not Secure]  tysooon  : update clmmm
[16:08:02] [Async Chat Thread - #1514/INFO]: [Not Secure]  tysooon  : xD
[16:08:33] [Server thread/INFO]: tysooon issued server command: /home home
[16:08:47] [Server thread/INFO]: tysooon issued server command: /home farm
[16:09:33] [Server thread/INFO]: tysooon issued server command: /home farm
[16:09:36] [Server thread/INFO]: tysooon issued server command: /home home
[16:09:56] [Server thread/INFO]: tysooon issued server command: /home farm
[16:10:15] [Server thread/INFO]: tysooon issued server command: /home home
[16:10:26] [Server thread/INFO]: tysooon issued server command: /home farm
[16:10:47] [Server thread/INFO]: tysooon issued server command: /sellall ender_pearl
[16:10:47] [Server thread/INFO]: Cửa hàng >> tysooon sold 173 x Ender Pearl(PVP.page1.items.2) vì $2,595.00 với sell all command.
[16:10:47] [Server thread/INFO]: danhz issued server command: /kho 3
[16:10:47] [Server thread/INFO]: danhz issued mycmd (kho) command /kho 3
[16:10:47] [Server thread/INFO]: danhz issued server command: /axvault 3
[16:10:48] [Server thread/INFO]: tysooon issued server command: /home farm
[16:11:04] [Server thread/INFO]: Stopping the server
[16:11:04] [Server thread/INFO]: Stopping server
[16:11:04] [Server thread/INFO]: [ExcellentCrates] Disabling ExcellentCrates v6.6.1
[16:11:04] [Server thread/INFO]: [com.zaxxer.hikari.HikariDataSource] ExcellentCratesPool - Shutdown initiated...
[16:11:04] [Server thread/INFO]: [com.zaxxer.hikari.HikariDataSource] ExcellentCratesPool - Shutdown completed.
[16:11:04] [Server thread/INFO]: [AxVaults] Disabling AxVaults v2.15.2
[16:11:14] [Netty Epoll IO #1/INFO]: danhz issued server command: /kho 3
[16:11:14] [Netty Epoll IO #1/INFO]: danhz issued mycmd (kho) command /kho 3
[16:11:14] [Netty Epoll IO #1/INFO]: danhz issued server command: /axvault 3
[16:11:14] [Netty Epoll IO #1/ERROR]: Thread Netty Epoll IO #1 failed main thread check: Cannot perform command async
java.lang.Throwable
	at org.spigotmc.AsyncCatcher.catchOp(AsyncCatcher.java:9) ~[paper-1.21.11.jar:1.21.11-132-c5eb079]
	at net.minecraft.commands.Commands.performCommand(Commands.java:366) ~[paper-1.21.11.jar:1.21.11-132-c5eb079]
	at net.minecraft.commands.Commands.performCommand(Commands.java:362) ~[paper-1.21.11.jar:1.21.11-132-c5eb079]
	at net.minecraft.server.network.ServerGamePacketListenerImpl.performUnsignedChatCommand(ServerGamePacketListenerImpl.java:2375) ~[paper-1.21.11.jar:1.21.11-132-c5eb079]
	at net.minecraft.server.network.ServerGamePacketListenerImpl.handleCommand(ServerGamePacketListenerImpl.java:2571) ~[paper-1.21.11.jar:1.21.11-132-c5eb079]
	at org.bukkit.craftbukkit.entity.CraftPlayer.chat(CraftPlayer.java:749) ~[paper-1.21.11.jar:1.21.11-132-c5eb079]
	at MyCommand.jar//it.emmerrei.mycommand.execute.types.AliasType.ExecuteAliasForPlayer(AliasType.java:48) ~[?:?]
	at MyCommand.jar//it.emmerrei.mycommand.execute.DispatchCommands.ExecuteMyCommandCommands(DispatchCommands.java:547) ~[?:?]
	at MyCommand.jar//it.emmerrei.mycommand.listener.PreprocessEvent.onPlayerCommandPreprocess(PreprocessEvent.java:283) ~[?:?]
	at co.aikar.timings.TimedEventExecutor.execute(TimedEventExecutor.java:80) ~[paper-api-1.21.11-R0.1-SNAPSHOT.jar:?]
	at org.bukkit.plugin.RegisteredListener.callEvent(RegisteredListener.java:71) ~[paper-api-1.21.11-R0.1-SNAPSHOT.jar:?]
	at PerWorldPlugins-1.6.2.jar//dev.tonimatas.perworldplugins.api.PerWorldRegisteredListener.callEvent(PerWorldRegisteredListener.java:29) ~[?:?]
	at io.papermc.paper.plugin.manager.PaperEventManager.callEvent(PaperEventManager.java:54) ~[paper-1.21.11.jar:1.21.11-132-c5eb079]
	at io.papermc.paper.plugin.manager.PaperPluginManagerImpl.callEvent(PaperPluginManagerImpl.java:131) ~[paper-1.21.11.jar:1.21.11-132-c5eb079]
	at org.bukkit.plugin.SimplePluginManager.callEvent(SimplePluginManager.java:628) ~[paper-api-1.21.11-R0.1-SNAPSHOT.jar:?]
	at net.minecraft.server.network.ServerGamePacketListenerImpl.performUnsignedChatCommand(ServerGamePacketListenerImpl.java:2361) ~[paper-1.21.11.jar:1.21.11-132-c5eb079]
	at net.minecraft.server.network.ServerGamePacketListenerImpl.lambda$handleChatCommand$12(ServerGamePacketListenerImpl.java:2348) ~[paper-1.21.11.jar:1.21.11-132-c5eb079]
	at net.minecraft.server.TickTask.run(TickTask.java:18) ~[paper-1.21.11.jar:1.21.11-132-c5eb079]
	at net.minecraft.util.thread.BlockableEventLoop.doRunTask(BlockableEventLoop.java:177) ~[paper-1.21.11.jar:1.21.11-132-c5eb079]
	at net.minecraft.util.thread.ReentrantBlockableEventLoop.doRunTask(ReentrantBlockableEventLoop.java:24) ~[paper-1.21.11.jar:1.21.11-132-c5eb079]
	at net.minecraft.server.MinecraftServer.doRunTask(MinecraftServer.java:1525) ~[paper-1.21.11.jar:1.21.11-132-c5eb079]
	at net.minecraft.server.MinecraftServer.doRunTask(MinecraftServer.java:188) ~[paper-1.21.11.jar:1.21.11-132-c5eb079]
	at net.minecraft.util.thread.BlockableEventLoop.execute(BlockableEventLoop.java:123) ~[paper-1.21.11.jar:1.21.11-132-c5eb079]
	at net.minecraft.server.network.ServerGamePacketListenerImpl.tryHandleChat(ServerGamePacketListenerImpl.java:2507) ~[paper-1.21.11.jar:1.21.11-132-c5eb079]
	at net.minecraft.server.network.ServerGamePacketListenerImpl.handleChatCommand(ServerGamePacketListenerImpl.java:2342) ~[paper-1.21.11.jar:1.21.11-132-c5eb079]
	at net.minecraft.network.protocol.game.ServerboundChatCommandPacket.handle(ServerboundChatCommandPacket.java:29) ~[paper-1.21.11.jar:1.21.11-132-c5eb079]
	at net.minecraft.network.protocol.game.ServerboundChatCommandPacket.handle(ServerboundChatCommandPacket.java:8) ~[paper-1.21.11.jar:1.21.11-132-c5eb079]
	at net.minecraft.network.Connection.genericsFtw(Connection.java:288) ~[paper-1.21.11.jar:1.21.11-132-c5eb079]
	at net.minecraft.network.Connection.channelRead0(Connection.java:271) ~[paper-1.21.11.jar:1.21.11-132-c5eb079]
	at net.minecraft.network.Connection.channelRead0(Connection.java:58) ~[paper-1.21.11.jar:1.21.11-132-c5eb079]
	at io.netty.channel.SimpleChannelInboundHandler.channelRead(SimpleChannelInboundHandler.java:99) ~[netty-transport-4.2.7.Final.jar:4.2.7.Final]
	at io.netty.channel.AbstractChannelHandlerContext.fireChannelRead(AbstractChannelHandlerContext.java:356) ~[netty-transport-4.2.7.Final.jar:4.2.7.Final]
	at io.netty.channel.ChannelInboundHandlerAdapter.channelRead(ChannelInboundHandlerAdapter.java:93) ~[netty-transport-4.2.7.Final.jar:4.2.7.Final]
	at images-2.5.10.jar//com.andavin.images.v1_21_R7.PlayerConnectionProxy.channelRead(PlayerConnectionProxy.java:64) ~[?:?]
	at io.netty.channel.AbstractChannelHandlerContext.fireChannelRead(AbstractChannelHandlerContext.java:356) ~[netty-transport-4.2.7.Final.jar:4.2.7.Final]
	at io.netty.channel.ChannelInboundHandlerAdapter.channelRead(ChannelInboundHandlerAdapter.java:93) ~[netty-transport-4.2.7.Final.jar:4.2.7.Final]
	at BetterStructures.jar//com.magmaguy.betterstructures.easyminecraftgoals.v1_21_R7_paper.packets.PacketInteractionListener$PacketHandler.channelRead(PacketInteractionListener.java:263) ~[?:?]
	at io.netty.channel.AbstractChannelHandlerContext.fireChannelRead(AbstractChannelHandlerContext.java:354) ~[netty-transport-4.2.7.Final.jar:4.2.7.Final]
	at io.netty.channel.ChannelInboundHandlerAdapter.channelRead(ChannelInboundHandlerAdapter.java:93) ~[netty-transport-4.2.7.Final.jar:4.2.7.Final]
	at DecentHolograms-2.10.1.jar//eu.decentsoftware.holograms.nms.paper_v1_21_R7.InboundPacketHandler.channelRead(InboundPacketHandler.java:38) ~[?:?]
	at io.netty.channel.AbstractChannelHandlerContext.fireChannelRead(AbstractChannelHandlerContext.java:356) ~[netty-transport-4.2.7.Final.jar:4.2.7.Final]
	at ProtocolLib.jar//com.comphenix.protocol.injector.netty.channel.InboundPacketInterceptor.channelRead(InboundPacketInterceptor.java:42) ~[?:?]
	at io.netty.channel.AbstractChannelHandlerContext.fireChannelRead(AbstractChannelHandlerContext.java:356) ~[netty-transport-4.2.7.Final.jar:4.2.7.Final]
	at io.netty.handler.codec.ByteToMessageDecoder.fireChannelRead(ByteToMessageDecoder.java:346) ~[netty-codec-base-4.2.7.Final.jar:4.2.7.Final]
	at io.netty.handler.codec.ByteToMessageDecoder.channelRead(ByteToMessageDecoder.java:318) ~[netty-codec-base-4.2.7.Final.jar:4.2.7.Final]
	at io.netty.channel.AbstractChannelHandlerContext.fireChannelRead(AbstractChannelHandlerContext.java:356) ~[netty-transport-4.2.7.Final.jar:4.2.7.Final]
	at io.netty.handler.codec.MessageToMessageDecoder.channelRead(MessageToMessageDecoder.java:107) ~[netty-codec-base-4.2.7.Final.jar:4.2.7.Final]
	at io.netty.channel.AbstractChannelHandlerContext.fireChannelRead(AbstractChannelHandlerContext.java:356) ~[netty-transport-4.2.7.Final.jar:4.2.7.Final]
	at ProtocolLib.jar//com.comphenix.protocol.injector.netty.channel.InboundProtocolReader.channelRead(InboundProtocolReader.java:25) ~[?:?]
	at io.netty.channel.AbstractChannelHandlerContext.fireChannelRead(AbstractChannelHandlerContext.java:356) ~[netty-transport-4.2.7.Final.jar:4.2.7.Final]
	at io.netty.handler.codec.MessageToMessageDecoder.channelRead(MessageToMessageDecoder.java:107) ~[netty-codec-base-4.2.7.Final.jar:4.2.7.Final]
	at io.netty.channel.AbstractChannelHandlerContext.fireChannelRead(AbstractChannelHandlerContext.java:356) ~[netty-transport-4.2.7.Final.jar:4.2.7.Final]
	at io.netty.handler.flow.FlowControlHandler.dequeue(FlowControlHandler.java:201) ~[netty-handler-4.2.7.Final.jar:4.2.7.Final]
	at io.netty.handler.flow.FlowControlHandler.channelRead(FlowControlHandler.java:163) ~[netty-handler-4.2.7.Final.jar:4.2.7.Final]
	at io.netty.channel.AbstractChannelHandlerContext.fireChannelRead(AbstractChannelHandlerContext.java:354) ~[netty-transport-4.2.7.Final.jar:4.2.7.Final]
	at io.netty.handler.codec.ByteToMessageDecoder.fireChannelRead(ByteToMessageDecoder.java:346) ~[netty-codec-base-4.2.7.Final.jar:4.2.7.Final]
	at io.netty.handler.codec.ByteToMessageDecoder.channelRead(ByteToMessageDecoder.java:318) ~[netty-codec-base-4.2.7.Final.jar:4.2.7.Final]
	at io.netty.channel.AbstractChannelHandlerContext.fireChannelRead(AbstractChannelHandlerContext.java:356) ~[netty-transport-4.2.7.Final.jar:4.2.7.Final]
	at io.netty.handler.codec.ByteToMessageDecoder.fireChannelRead(ByteToMessageDecoder.java:346) ~[netty-codec-base-4.2.7.Final.jar:4.2.7.Final]
	at io.netty.handler.codec.ByteToMessageDecoder.channelRead(ByteToMessageDecoder.java:318) ~[netty-codec-base-4.2.7.Final.jar:4.2.7.Final]
	at io.netty.channel.AbstractChannelHandlerContext.fireChannelRead(AbstractChannelHandlerContext.java:356) ~[netty-transport-4.2.7.Final.jar:4.2.7.Final]
	at io.netty.handler.timeout.IdleStateHandler.channelRead(IdleStateHandler.java:293) ~[netty-handler-4.2.7.Final.jar:4.2.7.Final]
	at io.netty.channel.AbstractChannelHandlerContext.fireChannelRead(AbstractChannelHandlerContext.java:354) ~[netty-transport-4.2.7.Final.jar:4.2.7.Final]
	at io.netty.handler.flush.FlushConsolidationHandler.channelRead(FlushConsolidationHandler.java:152) ~[netty-handler-4.2.7.Final.jar:4.2.7.Final]
	at io.netty.channel.AbstractChannelHandlerContext.fireChannelRead(AbstractChannelHandlerContext.java:354) ~[netty-transport-4.2.7.Final.jar:4.2.7.Final]
	at io.netty.channel.DefaultChannelPipeline$HeadContext.channelRead(DefaultChannelPipeline.java:1429) ~[netty-transport-4.2.7.Final.jar:4.2.7.Final]
	at io.netty.channel.DefaultChannelPipeline.fireChannelRead(DefaultChannelPipeline.java:918) ~[netty-transport-4.2.7.Final.jar:4.2.7.Final]
	at io.netty.channel.epoll.AbstractEpollStreamChannel$EpollStreamUnsafe.epollInReady(AbstractEpollStreamChannel.java:794) ~[netty-transport-classes-epoll-4.2.7.Final.jar:4.2.7.Final]
	at io.netty.channel.epoll.AbstractEpollChannel$AbstractEpollUnsafe.handle(AbstractEpollChannel.java:482) ~[netty-transport-classes-epoll-4.2.7.Final.jar:4.2.7.Final]
	at io.netty.channel.epoll.EpollIoHandler$DefaultEpollIoRegistration.handle(EpollIoHandler.java:317) ~[netty-transport-classes-epoll-4.2.7.Final.jar:4.2.7.Final]
	at io.netty.channel.epoll.EpollIoHandler.processReady(EpollIoHandler.java:515) ~[netty-transport-classes-epoll-4.2.7.Final.jar:4.2.7.Final]
	at io.netty.channel.epoll.EpollIoHandler.run(EpollIoHandler.java:460) ~[netty-transport-classes-epoll-4.2.7.Final.jar:4.2.7.Final]
	at io.netty.channel.SingleThreadIoEventLoop.runIo(SingleThreadIoEventLoop.java:225) ~[netty-transport-4.2.7.Final.jar:4.2.7.Final]
	at io.netty.channel.SingleThreadIoEventLoop.run(SingleThreadIoEventLoop.java:196) ~[netty-transport-4.2.7.Final.jar:4.2.7.Final]
	at io.netty.util.concurrent.SingleThreadEventExecutor$5.run(SingleThreadEventExecutor.java:1193) ~[netty-common-4.2.7.Final.jar:4.2.7.Final]
	at io.netty.util.internal.ThreadExecutorMap$2.run(ThreadExecutorMap.java:74) ~[netty-common-4.2.7.Final.jar:4.2.7.Final]
	at java.base/java.lang.Thread.run(Thread.java:1474) ~[?:?]
[16:11:14] [Netty Epoll IO #1/INFO]: [Mycmd] An error occurred on command kho
[16:11:16] [Netty Epoll IO #1/INFO]: danhz issued server command: /kho 3
[16:11:16] [Netty Epoll IO #1/INFO]: danhz issued mycmd (kho) command /kho 3
[16:11:16] [Netty Epoll IO #1/INFO]: danhz issued server command: /axvault 3
[16:11:16] [Netty Epoll IO #1/ERROR]: Thread Netty Epoll IO #1 failed main thread check: Cannot perform command async
java.lang.Throwable
	at org.spigotmc.AsyncCatcher.catchOp(AsyncCatcher.java:9) ~[paper-1.21.11.jar:1.21.11-132-c5eb079]
	at net.minecraft.commands.Commands.performCommand(Commands.java:366) ~[paper-1.21.11.jar:1.21.11-132-c5eb079]
	at net.minecraft.commands.Commands.performCommand(Commands.java:362) ~[paper-1.21.11.jar:1.21.11-132-c5eb079]
	at net.minecraft.server.network.ServerGamePacketListenerImpl.performUnsignedChatCommand(ServerGamePacketListenerImpl.java:2375) ~[paper-1.21.11.jar:1.21.11-132-c5eb079]
	at net.minecraft.server.network.ServerGamePacketListenerImpl.handleCommand(ServerGamePacketListenerImpl.java:2571) ~[paper-1.21.11.jar:1.21.11-132-c5eb079]
	at org.bukkit.craftbukkit.entity.CraftPlayer.chat(CraftPlayer.java:749) ~[paper-1.21.11.jar:1.21.11-132-c5eb079]
	at MyCommand.jar//it.emmerrei.mycommand.execute.types.AliasType.ExecuteAliasForPlayer(AliasType.java:48) ~[?:?]
	at MyCommand.jar//it.emmerrei.mycommand.execute.DispatchCommands.ExecuteMyCommandCommands(DispatchCommands.java:547) ~[?:?]
	at MyCommand.jar//it.emmerrei.mycommand.listener.PreprocessEvent.onPlayerCommandPreprocess(PreprocessEvent.java:283) ~[?:?]
	at co.aikar.timings.TimedEventExecutor.execute(TimedEventExecutor.java:80) ~[paper-api-1.21.11-R0.1-SNAPSHOT.jar:?]
	at org.bukkit.plugin.RegisteredListener.callEvent(RegisteredListener.java:71) ~[paper-api-1.21.11-R0.1-SNAPSHOT.jar:?]
	at PerWorldPlugins-1.6.2.jar//dev.tonimatas.perworldplugins.api.PerWorldRegisteredListener.callEvent(PerWorldRegisteredListener.java:29) ~[?:?]
	at io.papermc.paper.plugin.manager.PaperEventManager.callEvent(PaperEventManager.java:54) ~[paper-1.21.11.jar:1.21.11-132-c5eb079]
	at io.papermc.paper.plugin.manager.PaperPluginManagerImpl.callEvent(PaperPluginManagerImpl.java:131) ~[paper-1.21.11.jar:1.21.11-132-c5eb079]
	at org.bukkit.plugin.SimplePluginManager.callEvent(SimplePluginManager.java:628) ~[paper-api-1.21.11-R0.1-SNAPSHOT.jar:?]
	at net.minecraft.server.network.ServerGamePacketListenerImpl.performUnsignedChatCommand(ServerGamePacketListenerImpl.java:2361) ~[paper-1.21.11.jar:1.21.11-132-c5eb079]
	at net.minecraft.server.network.ServerGamePacketListenerImpl.lambda$handleChatCommand$12(ServerGamePacketListenerImpl.java:2348) ~[paper-1.21.11.jar:1.21.11-132-c5eb079]
	at net.minecraft.server.TickTask.run(TickTask.java:18) ~[paper-1.21.11.jar:1.21.11-132-c5eb079]
	at net.minecraft.util.thread.BlockableEventLoop.doRunTask(BlockableEventLoop.java:177) ~[paper-1.21.11.jar:1.21.11-132-c5eb079]
	at net.minecraft.util.thread.ReentrantBlockableEventLoop.doRunTask(ReentrantBlockableEventLoop.java:24) ~[paper-1.21.11.jar:1.21.11-132-c5eb079]
	at net.minecraft.server.MinecraftServer.doRunTask(MinecraftServer.java:1525) ~[paper-1.21.11.jar:1.21.11-132-c5eb079]
	at net.minecraft.server.MinecraftServer.doRunTask(MinecraftServer.java:188) ~[paper-1.21.11.jar:1.21.11-132-c5eb079]
	at net.minecraft.util.thread.BlockableEventLoop.execute(BlockableEventLoop.java:123) ~[paper-1.21.11.jar:1.21.11-132-c5eb079]
	at net.minecraft.server.network.ServerGamePacketListenerImpl.tryHandleChat(ServerGamePacketListenerImpl.java:2507) ~[paper-1.21.11.jar:1.21.11-132-c5eb079]
	at net.minecraft.server.network.ServerGamePacketListenerImpl.handleChatCommand(ServerGamePacketListenerImpl.java:2342) ~[paper-1.21.11.jar:1.21.11-132-c5eb079]
	at net.minecraft.network.protocol.game.ServerboundChatCommandPacket.handle(ServerboundChatCommandPacket.java:29) ~[paper-1.21.11.jar:1.21.11-132-c5eb079]
	at net.minecraft.network.protocol.game.ServerboundChatCommandPacket.handle(ServerboundChatCommandPacket.java:8) ~[paper-1.21.11.jar:1.21.11-132-c5eb079]
	at net.minecraft.network.Connection.genericsFtw(Connection.java:288) ~[paper-1.21.11.jar:1.21.11-132-c5eb079]
	at net.minecraft.network.Connection.channelRead0(Connection.java:271) ~[paper-1.21.11.jar:1.21.11-132-c5eb079]
	at net.minecraft.network.Connection.channelRead0(Connection.java:58) ~[paper-1.21.11.jar:1.21.11-132-c5eb079]
	at io.netty.channel.SimpleChannelInboundHandler.channelRead(SimpleChannelInboundHandler.java:99) ~[netty-transport-4.2.7.Final.jar:4.2.7.Final]
	at io.netty.channel.AbstractChannelHandlerContext.fireChannelRead(AbstractChannelHandlerContext.java:356) ~[netty-transport-4.2.7.Final.jar:4.2.7.Final]
	at io.netty.channel.ChannelInboundHandlerAdapter.channelRead(ChannelInboundHandlerAdapter.java:93) ~[netty-transport-4.2.7.Final.jar:4.2.7.Final]
	at images-2.5.10.jar//com.andavin.images.v1_21_R7.PlayerConnectionProxy.channelRead(PlayerConnectionProxy.java:64) ~[?:?]
	at io.netty.channel.AbstractChannelHandlerContext.fireChannelRead(AbstractChannelHandlerContext.java:356) ~[netty-transport-4.2.7.Final.jar:4.2.7.Final]
	at io.netty.channel.ChannelInboundHandlerAdapter.channelRead(ChannelInboundHandlerAdapter.java:93) ~[netty-transport-4.2.7.Final.jar:4.2.7.Final]
	at BetterStructures.jar//com.magmaguy.betterstructures.easyminecraftgoals.v1_21_R7_paper.packets.PacketInteractionListener$PacketHandler.channelRead(PacketInteractionListener.java:263) ~[?:?]
	at io.netty.channel.AbstractChannelHandlerContext.fireChannelRead(AbstractChannelHandlerContext.java:354) ~[netty-transport-4.2.7.Final.jar:4.2.7.Final]
	at io.netty.channel.ChannelInboundHandlerAdapter.channelRead(ChannelInboundHandlerAdapter.java:93) ~[netty-transport-4.2.7.Final.jar:4.2.7.Final]
	at DecentHolograms-2.10.1.jar//eu.decentsoftware.holograms.nms.paper_v1_21_R7.InboundPacketHandler.channelRead(InboundPacketHandler.java:38) ~[?:?]
	at io.netty.channel.AbstractChannelHandlerContext.fireChannelRead(AbstractChannelHandlerContext.java:356) ~[netty-transport-4.2.7.Final.jar:4.2.7.Final]
	at ProtocolLib.jar//com.comphenix.protocol.injector.netty.channel.InboundPacketInterceptor.channelRead(InboundPacketInterceptor.java:42) ~[?:?]
	at io.netty.channel.AbstractChannelHandlerContext.fireChannelRead(AbstractChannelHandlerContext.java:356) ~[netty-transport-4.2.7.Final.jar:4.2.7.Final]
	at io.netty.handler.codec.ByteToMessageDecoder.fireChannelRead(ByteToMessageDecoder.java:346) ~[netty-codec-base-4.2.7.Final.jar:4.2.7.Final]
	at io.netty.handler.codec.ByteToMessageDecoder.channelRead(ByteToMessageDecoder.java:318) ~[netty-codec-base-4.2.7.Final.jar:4.2.7.Final]
	at io.netty.channel.AbstractChannelHandlerContext.fireChannelRead(AbstractChannelHandlerContext.java:356) ~[netty-transport-4.2.7.Final.jar:4.2.7.Final]
	at io.netty.handler.codec.MessageToMessageDecoder.channelRead(MessageToMessageDecoder.java:107) ~[netty-codec-base-4.2.7.Final.jar:4.2.7.Final]
	at io.netty.channel.AbstractChannelHandlerContext.fireChannelRead(AbstractChannelHandlerContext.java:356) ~[netty-transport-4.2.7.Final.jar:4.2.7.Final]
	at ProtocolLib.jar//com.comphenix.protocol.injector.netty.channel.InboundProtocolReader.channelRead(InboundProtocolReader.java:25) ~[?:?]
	at io.netty.channel.AbstractChannelHandlerContext.fireChannelRead(AbstractChannelHandlerContext.java:356) ~[netty-transport-4.2.7.Final.jar:4.2.7.Final]
	at io.netty.handler.codec.MessageToMessageDecoder.channelRead(MessageToMessageDecoder.java:107) ~[netty-codec-base-4.2.7.Final.jar:4.2.7.Final]
	at io.netty.channel.AbstractChannelHandlerContext.fireChannelRead(AbstractChannelHandlerContext.java:356) ~[netty-transport-4.2.7.Final.jar:4.2.7.Final]
	at io.netty.handler.flow.FlowControlHandler.dequeue(FlowControlHandler.java:201) ~[netty-handler-4.2.7.Final.jar:4.2.7.Final]
	at io.netty.handler.flow.FlowControlHandler.channelRead(FlowControlHandler.java:163) ~[netty-handler-4.2.7.Final.jar:4.2.7.Final]
	at io.netty.channel.AbstractChannelHandlerContext.fireChannelRead(AbstractChannelHandlerContext.java:354) ~[netty-transport-4.2.7.Final.jar:4.2.7.Final]
	at io.netty.handler.codec.ByteToMessageDecoder.fireChannelRead(ByteToMessageDecoder.java:346) ~[netty-codec-base-4.2.7.Final.jar:4.2.7.Final]
	at io.netty.handler.codec.ByteToMessageDecoder.channelRead(ByteToMessageDecoder.java:318) ~[netty-codec-base-4.2.7.Final.jar:4.2.7.Final]
	at io.netty.channel.AbstractChannelHandlerContext.fireChannelRead(AbstractChannelHandlerContext.java:356) ~[netty-transport-4.2.7.Final.jar:4.2.7.Final]
	at io.netty.handler.codec.ByteToMessageDecoder.fireChannelRead(ByteToMessageDecoder.java:346) ~[netty-codec-base-4.2.7.Final.jar:4.2.7.Final]
	at io.netty.handler.codec.ByteToMessageDecoder.channelRead(ByteToMessageDecoder.java:318) ~[netty-codec-base-4.2.7.Final.jar:4.2.7.Final]
	at io.netty.channel.AbstractChannelHandlerContext.fireChannelRead(AbstractChannelHandlerContext.java:356) ~[netty-transport-4.2.7.Final.jar:4.2.7.Final]
	at io.netty.handler.timeout.IdleStateHandler.channelRead(IdleStateHandler.java:293) ~[netty-handler-4.2.7.Final.jar:4.2.7.Final]
	at io.netty.channel.AbstractChannelHandlerContext.fireChannelRead(AbstractChannelHandlerContext.java:354) ~[netty-transport-4.2.7.Final.jar:4.2.7.Final]
	at io.netty.handler.flush.FlushConsolidationHandler.channelRead(FlushConsolidationHandler.java:152) ~[netty-handler-4.2.7.Final.jar:4.2.7.Final]
	at io.netty.channel.AbstractChannelHandlerContext.fireChannelRead(AbstractChannelHandlerContext.java:354) ~[netty-transport-4.2.7.Final.jar:4.2.7.Final]
	at io.netty.channel.DefaultChannelPipeline$HeadContext.channelRead(DefaultChannelPipeline.java:1429) ~[netty-transport-4.2.7.Final.jar:4.2.7.Final]
	at io.netty.channel.DefaultChannelPipeline.fireChannelRead(DefaultChannelPipeline.java:918) ~[netty-transport-4.2.7.Final.jar:4.2.7.Final]
	at io.netty.channel.epoll.AbstractEpollStreamChannel$EpollStreamUnsafe.epollInReady(AbstractEpollStreamChannel.java:794) ~[netty-transport-classes-epoll-4.2.7.Final.jar:4.2.7.Final]
	at io.netty.channel.epoll.AbstractEpollChannel$AbstractEpollUnsafe.handle(AbstractEpollChannel.java:482) ~[netty-transport-classes-epoll-4.2.7.Final.jar:4.2.7.Final]
	at io.netty.channel.epoll.EpollIoHandler$DefaultEpollIoRegistration.handle(EpollIoHandler.java:317) ~[netty-transport-classes-epoll-4.2.7.Final.jar:4.2.7.Final]
	at io.netty.channel.epoll.EpollIoHandler.processReady(EpollIoHandler.java:515) ~[netty-transport-classes-epoll-4.2.7.Final.jar:4.2.7.Final]
	at io.netty.channel.epoll.EpollIoHandler.run(EpollIoHandler.java:460) ~[netty-transport-classes-epoll-4.2.7.Final.jar:4.2.7.Final]
	at io.netty.channel.SingleThreadIoEventLoop.runIo(SingleThreadIoEventLoop.java:225) ~[netty-transport-4.2.7.Final.jar:4.2.7.Final]
	at io.netty.channel.SingleThreadIoEventLoop.run(SingleThreadIoEventLoop.java:196) ~[netty-transport-4.2.7.Final.jar:4.2.7.Final]
	at io.netty.util.concurrent.SingleThreadEventExecutor$5.run(SingleThreadEventExecutor.java:1193) ~[netty-common-4.2.7.Final.jar:4.2.7.Final]
	at io.netty.util.internal.ThreadExecutorMap$2.run(ThreadExecutorMap.java:74) ~[netty-common-4.2.7.Final.jar:4.2.7.Final]
	at java.base/java.lang.Thread.run(Thread.java:1474) ~[?:?]
[16:11:16] [Netty Epoll IO #1/INFO]: [Mycmd] An error occurred on command kho
[16:11:17] [Netty Epoll IO #1/INFO]: danhz issued server command: /kho 3
[16:11:17] [Netty Epoll IO #1/INFO]: danhz issued mycmd (kho) command /kho 3
[16:11:17] [Netty Epoll IO #1/INFO]: danhz issued server command: /axvault 3
[16:11:17] [Netty Epoll IO #1/ERROR]: Thread Netty Epoll IO #1 failed main thread check: Cannot perform command async
java.lang.Throwable
	at org.spigotmc.AsyncCatcher.catchOp(AsyncCatcher.java:9) ~[paper-1.21.11.jar:1.21.11-132-c5eb079]
	at net.minecraft.commands.Commands.performCommand(Commands.java:366) ~[paper-1.21.11.jar:1.21.11-132-c5eb079]
	at net.minecraft.commands.Commands.performCommand(Commands.java:362) ~[paper-1.21.11.jar:1.21.11-132-c5eb079]
	at net.minecraft.server.network.ServerGamePacketListenerImpl.performUnsignedChatCommand(ServerGamePacketListenerImpl.java:2375) ~[paper-1.21.11.jar:1.21.11-132-c5eb079]
	at net.minecraft.server.network.ServerGamePacketListenerImpl.handleCommand(ServerGamePacketListenerImpl.java:2571) ~[paper-1.21.11.jar:1.21.11-132-c5eb079]
	at org.bukkit.craftbukkit.entity.CraftPlayer.chat(CraftPlayer.java:749) ~[paper-1.21.11.jar:1.21.11-132-c5eb079]
	at MyCommand.jar//it.emmerrei.mycommand.execute.types.AliasType.ExecuteAliasForPlayer(AliasType.java:48) ~[?:?]
	at MyCommand.jar//it.emmerrei.mycommand.execute.DispatchCommands.ExecuteMyCommandCommands(DispatchCommands.java:547) ~[?:?]
	at MyCommand.jar//it.emmerrei.mycommand.listener.PreprocessEvent.onPlayerCommandPreprocess(PreprocessEvent.java:283) ~[?:?]
	at co.aikar.timings.TimedEventExecutor.execute(TimedEventExecutor.java:80) ~[paper-api-1.21.11-R0.1-SNAPSHOT.jar:?]
	at org.bukkit.plugin.RegisteredListener.callEvent(RegisteredListener.java:71) ~[paper-api-1.21.11-R0.1-SNAPSHOT.jar:?]
	at PerWorldPlugins-1.6.2.jar//dev.tonimatas.perworldplugins.api.PerWorldRegisteredListener.callEvent(PerWorldRegisteredListener.java:29) ~[?:?]
	at io.papermc.paper.plugin.manager.PaperEventManager.callEvent(PaperEventManager.java:54) ~[paper-1.21.11.jar:1.21.11-132-c5eb079]
	at io.papermc.paper.plugin.manager.PaperPluginManagerImpl.callEvent(PaperPluginManagerImpl.java:131) ~[paper-1.21.11.jar:1.21.11-132-c5eb079]
	at org.bukkit.plugin.SimplePluginManager.callEvent(SimplePluginManager.java:628) ~[paper-api-1.21.11-R0.1-SNAPSHOT.jar:?]
	at net.minecraft.server.network.ServerGamePacketListenerImpl.performUnsignedChatCommand(ServerGamePacketListenerImpl.java:2361) ~[paper-1.21.11.jar:1.21.11-132-c5eb079]
	at net.minecraft.server.network.ServerGamePacketListenerImpl.lambda$handleChatCommand$12(ServerGamePacketListenerImpl.java:2348) ~[paper-1.21.11.jar:1.21.11-132-c5eb079]
	at net.minecraft.server.TickTask.run(TickTask.java:18) ~[paper-1.21.11.jar:1.21.11-132-c5eb079]
	at net.minecraft.util.thread.BlockableEventLoop.doRunTask(BlockableEventLoop.java:177) ~[paper-1.21.11.jar:1.21.11-132-c5eb079]
	at net.minecraft.util.thread.ReentrantBlockableEventLoop.doRunTask(ReentrantBlockableEventLoop.java:24) ~[paper-1.21.11.jar:1.21.11-132-c5eb079]
	at net.minecraft.server.MinecraftServer.doRunTask(MinecraftServer.java:1525) ~[paper-1.21.11.jar:1.21.11-132-c5eb079]
	at net.minecraft.server.MinecraftServer.doRunTask(MinecraftServer.java:188) ~[paper-1.21.11.jar:1.21.11-132-c5eb079]
	at net.minecraft.util.thread.BlockableEventLoop.execute(BlockableEventLoop.java:123) ~[paper-1.21.11.jar:1.21.11-132-c5eb079]
	at net.minecraft.server.network.ServerGamePacketListenerImpl.tryHandleChat(ServerGamePacketListenerImpl.java:2507) ~[paper-1.21.11.jar:1.21.11-132-c5eb079]
	at net.minecraft.server.network.ServerGamePacketListenerImpl.handleChatCommand(ServerGamePacketListenerImpl.java:2342) ~[paper-1.21.11.jar:1.21.11-132-c5eb079]
	at net.minecraft.network.protocol.game.ServerboundChatCommandPacket.handle(ServerboundChatCommandPacket.java:29) ~[paper-1.21.11.jar:1.21.11-132-c5eb079]
	at net.minecraft.network.protocol.game.ServerboundChatCommandPacket.handle(ServerboundChatCommandPacket.java:8) ~[paper-1.21.11.jar:1.21.11-132-c5eb079]
	at net.minecraft.network.Connection.genericsFtw(Connection.java:288) ~[paper-1.21.11.jar:1.21.11-132-c5eb079]
	at net.minecraft.network.Connection.channelRead0(Connection.java:271) ~[paper-1.21.11.jar:1.21.11-132-c5eb079]
	at net.minecraft.network.Connection.channelRead0(Connection.java:58) ~[paper-1.21.11.jar:1.21.11-132-c5eb079]
	at io.netty.channel.SimpleChannelInboundHandler.channelRead(SimpleChannelInboundHandler.java:99) ~[netty-transport-4.2.7.Final.jar:4.2.7.Final]
	at io.netty.channel.AbstractChannelHandlerContext.fireChannelRead(AbstractChannelHandlerContext.java:356) ~[netty-transport-4.2.7.Final.jar:4.2.7.Final]
	at io.netty.channel.ChannelInboundHandlerAdapter.channelRead(ChannelInboundHandlerAdapter.java:93) ~[netty-transport-4.2.7.Final.jar:4.2.7.Final]
	at images-2.5.10.jar//com.andavin.images.v1_21_R7.PlayerConnectionProxy.channelRead(PlayerConnectionProxy.java:64) ~[?:?]
	at io.netty.channel.AbstractChannelHandlerContext.fireChannelRead(AbstractChannelHandlerContext.java:356) ~[netty-transport-4.2.7.Final.jar:4.2.7.Final]
	at io.netty.channel.ChannelInboundHandlerAdapter.channelRead(ChannelInboundHandlerAdapter.java:93) ~[netty-transport-4.2.7.Final.jar:4.2.7.Final]
	at BetterStructures.jar//com.magmaguy.betterstructures.easyminecraftgoals.v1_21_R7_paper.packets.PacketInteractionListener$PacketHandler.channelRead(PacketInteractionListener.java:263) ~[?:?]
	at io.netty.channel.AbstractChannelHandlerContext.fireChannelRead(AbstractChannelHandlerContext.java:354) ~[netty-transport-4.2.7.Final.jar:4.2.7.Final]
	at io.netty.channel.ChannelInboundHandlerAdapter.channelRead(ChannelInboundHandlerAdapter.java:93) ~[netty-transport-4.2.7.Final.jar:4.2.7.Final]
	at DecentHolograms-2.10.1.jar//eu.decentsoftware.holograms.nms.paper_v1_21_R7.InboundPacketHandler.channelRead(InboundPacketHandler.java:38) ~[?:?]
	at io.netty.channel.AbstractChannelHandlerContext.fireChannelRead(AbstractChannelHandlerContext.java:356) ~[netty-transport-4.2.7.Final.jar:4.2.7.Final]
	at ProtocolLib.jar//com.comphenix.protocol.injector.netty.channel.InboundPacketInterceptor.channelRead(InboundPacketInterceptor.java:42) ~[?:?]
	at io.netty.channel.AbstractChannelHandlerContext.fireChannelRead(AbstractChannelHandlerContext.java:356) ~[netty-transport-4.2.7.Final.jar:4.2.7.Final]
	at io.netty.handler.codec.ByteToMessageDecoder.fireChannelRead(ByteToMessageDecoder.java:346) ~[netty-codec-base-4.2.7.Final.jar:4.2.7.Final]
	at io.netty.handler.codec.ByteToMessageDecoder.channelRead(ByteToMessageDecoder.java:318) ~[netty-codec-base-4.2.7.Final.jar:4.2.7.Final]
	at io.netty.channel.AbstractChannelHandlerContext.fireChannelRead(AbstractChannelHandlerContext.java:356) ~[netty-transport-4.2.7.Final.jar:4.2.7.Final]
	at io.netty.handler.codec.MessageToMessageDecoder.channelRead(MessageToMessageDecoder.java:107) ~[netty-codec-base-4.2.7.Final.jar:4.2.7.Final]
	at io.netty.channel.AbstractChannelHandlerContext.fireChannelRead(AbstractChannelHandlerContext.java:356) ~[netty-transport-4.2.7.Final.jar:4.2.7.Final]
	at ProtocolLib.jar//com.comphenix.protocol.injector.netty.channel.InboundProtocolReader.channelRead(InboundProtocolReader.java:25) ~[?:?]
	at io.netty.channel.AbstractChannelHandlerContext.fireChannelRead(AbstractChannelHandlerContext.java:356) ~[netty-transport-4.2.7.Final.jar:4.2.7.Final]
	at io.netty.handler.codec.MessageToMessageDecoder.channelRead(MessageToMessageDecoder.java:107) ~[netty-codec-base-4.2.7.Final.jar:4.2.7.Final]
	at io.netty.channel.AbstractChannelHandlerContext.fireChannelRead(AbstractChannelHandlerContext.java:356) ~[netty-transport-4.2.7.Final.jar:4.2.7.Final]
	at io.netty.handler.flow.FlowControlHandler.dequeue(FlowControlHandler.java:201) ~[netty-handler-4.2.7.Final.jar:4.2.7.Final]
	at io.netty.handler.flow.FlowControlHandler.channelRead(FlowControlHandler.java:163) ~[netty-handler-4.2.7.Final.jar:4.2.7.Final]
	at io.netty.channel.AbstractChannelHandlerContext.fireChannelRead(AbstractChannelHandlerContext.java:354) ~[netty-transport-4.2.7.Final.jar:4.2.7.Final]
	at io.netty.handler.codec.ByteToMessageDecoder.fireChannelRead(ByteToMessageDecoder.java:346) ~[netty-codec-base-4.2.7.Final.jar:4.2.7.Final]
	at io.netty.handler.codec.ByteToMessageDecoder.channelRead(ByteToMessageDecoder.java:318) ~[netty-codec-base-4.2.7.Final.jar:4.2.7.Final]
	at io.netty.channel.AbstractChannelHandlerContext.fireChannelRead(AbstractChannelHandlerContext.java:356) ~[netty-transport-4.2.7.Final.jar:4.2.7.Final]
	at io.netty.handler.codec.ByteToMessageDecoder.fireChannelRead(ByteToMessageDecoder.java:346) ~[netty-codec-base-4.2.7.Final.jar:4.2.7.Final]
	at io.netty.handler.codec.ByteToMessageDecoder.channelRead(ByteToMessageDecoder.java:318) ~[netty-codec-base-4.2.7.Final.jar:4.2.7.Final]
	at io.netty.channel.AbstractChannelHandlerContext.fireChannelRead(AbstractChannelHandlerContext.java:356) ~[netty-transport-4.2.7.Final.jar:4.2.7.Final]
	at io.netty.handler.timeout.IdleStateHandler.channelRead(IdleStateHandler.java:293) ~[netty-handler-4.2.7.Final.jar:4.2.7.Final]
	at io.netty.channel.AbstractChannelHandlerContext.fireChannelRead(AbstractChannelHandlerContext.java:354) ~[netty-transport-4.2.7.Final.jar:4.2.7.Final]
	at io.netty.handler.flush.FlushConsolidationHandler.channelRead(FlushConsolidationHandler.java:152) ~[netty-handler-4.2.7.Final.jar:4.2.7.Final]
	at io.netty.channel.AbstractChannelHandlerContext.fireChannelRead(AbstractChannelHandlerContext.java:354) ~[netty-transport-4.2.7.Final.jar:4.2.7.Final]
	at io.netty.channel.DefaultChannelPipeline$HeadContext.channelRead(DefaultChannelPipeline.java:1429) ~[netty-transport-4.2.7.Final.jar:4.2.7.Final]
	at io.netty.channel.DefaultChannelPipeline.fireChannelRead(DefaultChannelPipeline.java:918) ~[netty-transport-4.2.7.Final.jar:4.2.7.Final]
	at io.netty.channel.epoll.AbstractEpollStreamChannel$EpollStreamUnsafe.epollInReady(AbstractEpollStreamChannel.java:794) ~[netty-transport-classes-epoll-4.2.7.Final.jar:4.2.7.Final]
	at io.netty.channel.epoll.AbstractEpollChannel$AbstractEpollUnsafe.handle(AbstractEpollChannel.java:482) ~[netty-transport-classes-epoll-4.2.7.Final.jar:4.2.7.Final]
	at io.netty.channel.epoll.EpollIoHandler$DefaultEpollIoRegistration.handle(EpollIoHandler.java:317) ~[netty-transport-classes-epoll-4.2.7.Final.jar:4.2.7.Final]
	at io.netty.channel.epoll.EpollIoHandler.processReady(EpollIoHandler.java:515) ~[netty-transport-classes-epoll-4.2.7.Final.jar:4.2.7.Final]
	at io.netty.channel.epoll.EpollIoHandler.run(EpollIoHandler.java:460) ~[netty-transport-classes-epoll-4.2.7.Final.jar:4.2.7.Final]
	at io.netty.channel.SingleThreadIoEventLoop.runIo(SingleThreadIoEventLoop.java:225) ~[netty-transport-4.2.7.Final.jar:4.2.7.Final]
	at io.netty.channel.SingleThreadIoEventLoop.run(SingleThreadIoEventLoop.java:196) ~[netty-transport-4.2.7.Final.jar:4.2.7.Final]
	at io.netty.util.concurrent.SingleThreadEventExecutor$5.run(SingleThreadEventExecutor.java:1193) ~[netty-common-4.2.7.Final.jar:4.2.7.Final]
	at io.netty.util.internal.ThreadExecutorMap$2.run(ThreadExecutorMap.java:74) ~[netty-common-4.2.7.Final.jar:4.2.7.Final]
	at java.base/java.lang.Thread.run(Thread.java:1474) ~[?:?]
[16:11:17] [Netty Epoll IO #1/INFO]: [Mycmd] An error occurred on command kho
[16:11:20] [Netty Epoll IO #1/INFO]: danhz issued server command: /kho 2
[16:11:20] [Netty Epoll IO #1/INFO]: danhz issued mycmd (kho) command /kho 2
[16:11:20] [Netty Epoll IO #1/INFO]: danhz issued server command: /axvault 2
[16:11:20] [Netty Epoll IO #1/ERROR]: Thread Netty Epoll IO #1 failed main thread check: Cannot perform command async
java.lang.Throwable
	at org.spigotmc.AsyncCatcher.catchOp(AsyncCatcher.java:9) ~[paper-1.21.11.jar:1.21.11-132-c5eb079]
	at net.minecraft.commands.Commands.performCommand(Commands.java:366) ~[paper-1.21.11.jar:1.21.11-132-c5eb079]
	at net.minecraft.commands.Commands.performCommand(Commands.java:362) ~[paper-1.21.11.jar:1.21.11-132-c5eb079]
	at net.minecraft.server.network.ServerGamePacketListenerImpl.performUnsignedChatCommand(ServerGamePacketListenerImpl.java:2375) ~[paper-1.21.11.jar:1.21.11-132-c5eb079]
	at net.minecraft.server.network.ServerGamePacketListenerImpl.handleCommand(ServerGamePacketListenerImpl.java:2571) ~[paper-1.21.11.jar:1.21.11-132-c5eb079]
	at org.bukkit.craftbukkit.entity.CraftPlayer.chat(CraftPlayer.java:749) ~[paper-1.21.11.jar:1.21.11-132-c5eb079]
	at MyCommand.jar//it.emmerrei.mycommand.execute.types.AliasType.ExecuteAliasForPlayer(AliasType.java:48) ~[?:?]
	at MyCommand.jar//it.emmerrei.mycommand.execute.DispatchCommands.ExecuteMyCommandCommands(DispatchCommands.java:547) ~[?:?]
	at MyCommand.jar//it.emmerrei.mycommand.listener.PreprocessEvent.onPlayerCommandPreprocess(PreprocessEvent.java:283) ~[?:?]
	at co.aikar.timings.TimedEventExecutor.execute(TimedEventExecutor.java:80) ~[paper-api-1.21.11-R0.1-SNAPSHOT.jar:?]
	at org.bukkit.plugin.RegisteredListener.callEvent(RegisteredListener.java:71) ~[paper-api-1.21.11-R0.1-SNAPSHOT.jar:?]
	at PerWorldPlugins-1.6.2.jar//dev.tonimatas.perworldplugins.api.PerWorldRegisteredListener.callEvent(PerWorldRegisteredListener.java:29) ~[?:?]
	at io.papermc.paper.plugin.manager.PaperEventManager.callEvent(PaperEventManager.java:54) ~[paper-1.21.11.jar:1.21.11-132-c5eb079]
	at io.papermc.paper.plugin.manager.PaperPluginManagerImpl.callEvent(PaperPluginManagerImpl.java:131) ~[paper-1.21.11.jar:1.21.11-132-c5eb079]
	at org.bukkit.plugin.SimplePluginManager.callEvent(SimplePluginManager.java:628) ~[paper-api-1.21.11-R0.1-SNAPSHOT.jar:?]
	at net.minecraft.server.network.ServerGamePacketListenerImpl.performUnsignedChatCommand(ServerGamePacketListenerImpl.java:2361) ~[paper-1.21.11.jar:1.21.11-132-c5eb079]
	at net.minecraft.server.network.ServerGamePacketListenerImpl.lambda$handleChatCommand$12(ServerGamePacketListenerImpl.java:2348) ~[paper-1.21.11.jar:1.21.11-132-c5eb079]
	at net.minecraft.server.TickTask.run(TickTask.java:18) ~[paper-1.21.11.jar:1.21.11-132-c5eb079]
	at net.minecraft.util.thread.BlockableEventLoop.doRunTask(BlockableEventLoop.java:177) ~[paper-1.21.11.jar:1.21.11-132-c5eb079]
	at net.minecraft.util.thread.ReentrantBlockableEventLoop.doRunTask(ReentrantBlockableEventLoop.java:24) ~[paper-1.21.11.jar:1.21.11-132-c5eb079]
	at net.minecraft.server.MinecraftServer.doRunTask(MinecraftServer.java:1525) ~[paper-1.21.11.jar:1.21.11-132-c5eb079]
	at net.minecraft.server.MinecraftServer.doRunTask(MinecraftServer.java:188) ~[paper-1.21.11.jar:1.21.11-132-c5eb079]
	at net.minecraft.util.thread.BlockableEventLoop.execute(BlockableEventLoop.java:123) ~[paper-1.21.11.jar:1.21.11-132-c5eb079]
	at net.minecraft.server.network.ServerGamePacketListenerImpl.tryHandleChat(ServerGamePacketListenerImpl.java:2507) ~[paper-1.21.11.jar:1.21.11-132-c5eb079]
	at net.minecraft.server.network.ServerGamePacketListenerImpl.handleChatCommand(ServerGamePacketListenerImpl.java:2342) ~[paper-1.21.11.jar:1.21.11-132-c5eb079]
	at net.minecraft.network.protocol.game.ServerboundChatCommandPacket.handle(ServerboundChatCommandPacket.java:29) ~[paper-1.21.11.jar:1.21.11-132-c5eb079]
	at net.minecraft.network.protocol.game.ServerboundChatCommandPacket.handle(ServerboundChatCommandPacket.java:8) ~[paper-1.21.11.jar:1.21.11-132-c5eb079]
	at net.minecraft.network.Connection.genericsFtw(Connection.java:288) ~[paper-1.21.11.jar:1.21.11-132-c5eb079]
	at net.minecraft.network.Connection.channelRead0(Connection.java:271) ~[paper-1.21.11.jar:1.21.11-132-c5eb079]
	at net.minecraft.network.Connection.channelRead0(Connection.java:58) ~[paper-1.21.11.jar:1.21.11-132-c5eb079]
	at io.netty.channel.SimpleChannelInboundHandler.channelRead(SimpleChannelInboundHandler.java:99) ~[netty-transport-4.2.7.Final.jar:4.2.7.Final]
	at io.netty.channel.AbstractChannelHandlerContext.fireChannelRead(AbstractChannelHandlerContext.java:356) ~[netty-transport-4.2.7.Final.jar:4.2.7.Final]
	at io.netty.channel.ChannelInboundHandlerAdapter.channelRead(ChannelInboundHandlerAdapter.java:93) ~[netty-transport-4.2.7.Final.jar:4.2.7.Final]
	at images-2.5.10.jar//com.andavin.images.v1_21_R7.PlayerConnectionProxy.channelRead(PlayerConnectionProxy.java:64) ~[?:?]
	at io.netty.channel.AbstractChannelHandlerContext.fireChannelRead(AbstractChannelHandlerContext.java:356) ~[netty-transport-4.2.7.Final.jar:4.2.7.Final]
	at io.netty.channel.ChannelInboundHandlerAdapter.channelRead(ChannelInboundHandlerAdapter.java:93) ~[netty-transport-4.2.7.Final.jar:4.2.7.Final]
	at BetterStructures.jar//com.magmaguy.betterstructures.easyminecraftgoals.v1_21_R7_paper.packets.PacketInteractionListener$PacketHandler.channelRead(PacketInteractionListener.java:263) ~[?:?]
	at io.netty.channel.AbstractChannelHandlerContext.fireChannelRead(AbstractChannelHandlerContext.java:354) ~[netty-transport-4.2.7.Final.jar:4.2.7.Final]
	at io.netty.channel.ChannelInboundHandlerAdapter.channelRead(ChannelInboundHandlerAdapter.java:93) ~[netty-transport-4.2.7.Final.jar:4.2.7.Final]
	at DecentHolograms-2.10.1.jar//eu.decentsoftware.holograms.nms.paper_v1_21_R7.InboundPacketHandler.channelRead(InboundPacketHandler.java:38) ~[?:?]
	at io.netty.channel.AbstractChannelHandlerContext.fireChannelRead(AbstractChannelHandlerContext.java:356) ~[netty-transport-4.2.7.Final.jar:4.2.7.Final]
	at ProtocolLib.jar//com.comphenix.protocol.injector.netty.channel.InboundPacketInterceptor.channelRead(InboundPacketInterceptor.java:42) ~[?:?]
	at io.netty.channel.AbstractChannelHandlerContext.fireChannelRead(AbstractChannelHandlerContext.java:356) ~[netty-transport-4.2.7.Final.jar:4.2.7.Final]
	at io.netty.handler.codec.ByteToMessageDecoder.fireChannelRead(ByteToMessageDecoder.java:346) ~[netty-codec-base-4.2.7.Final.jar:4.2.7.Final]
	at io.netty.handler.codec.ByteToMessageDecoder.channelRead(ByteToMessageDecoder.java:318) ~[netty-codec-base-4.2.7.Final.jar:4.2.7.Final]
	at io.netty.channel.AbstractChannelHandlerContext.fireChannelRead(AbstractChannelHandlerContext.java:356) ~[netty-transport-4.2.7.Final.jar:4.2.7.Final]
	at io.netty.handler.codec.MessageToMessageDecoder.channelRead(MessageToMessageDecoder.java:107) ~[netty-codec-base-4.2.7.Final.jar:4.2.7.Final]
	at io.netty.channel.AbstractChannelHandlerContext.fireChannelRead(AbstractChannelHandlerContext.java:356) ~[netty-transport-4.2.7.Final.jar:4.2.7.Final]
	at ProtocolLib.jar//com.comphenix.protocol.injector.netty.channel.InboundProtocolReader.channelRead(InboundProtocolReader.java:25) ~[?:?]
	at io.netty.channel.AbstractChannelHandlerContext.fireChannelRead(AbstractChannelHandlerContext.java:356) ~[netty-transport-4.2.7.Final.jar:4.2.7.Final]
	at io.netty.handler.codec.MessageToMessageDecoder.channelRead(MessageToMessageDecoder.java:107) ~[netty-codec-base-4.2.7.Final.jar:4.2.7.Final]
	at io.netty.channel.AbstractChannelHandlerContext.fireChannelRead(AbstractChannelHandlerContext.java:356) ~[netty-transport-4.2.7.Final.jar:4.2.7.Final]
	at io.netty.handler.flow.FlowControlHandler.dequeue(FlowControlHandler.java:201) ~[netty-handler-4.2.7.Final.jar:4.2.7.Final]
	at io.netty.handler.flow.FlowControlHandler.channelRead(FlowControlHandler.java:163) ~[netty-handler-4.2.7.Final.jar:4.2.7.Final]
	at io.netty.channel.AbstractChannelHandlerContext.fireChannelRead(AbstractChannelHandlerContext.java:354) ~[netty-transport-4.2.7.Final.jar:4.2.7.Final]
	at io.netty.handler.codec.ByteToMessageDecoder.fireChannelRead(ByteToMessageDecoder.java:346) ~[netty-codec-base-4.2.7.Final.jar:4.2.7.Final]
	at io.netty.handler.codec.ByteToMessageDecoder.channelRead(ByteToMessageDecoder.java:318) ~[netty-codec-base-4.2.7.Final.jar:4.2.7.Final]
	at io.netty.channel.AbstractChannelHandlerContext.fireChannelRead(AbstractChannelHandlerContext.java:356) ~[netty-transport-4.2.7.Final.jar:4.2.7.Final]
	at io.netty.handler.codec.ByteToMessageDecoder.fireChannelRead(ByteToMessageDecoder.java:346) ~[netty-codec-base-4.2.7.Final.jar:4.2.7.Final]
	at io.netty.handler.codec.ByteToMessageDecoder.channelRead(ByteToMessageDecoder.java:318) ~[netty-codec-base-4.2.7.Final.jar:4.2.7.Final]
	at io.netty.channel.AbstractChannelHandlerContext.fireChannelRead(AbstractChannelHandlerContext.java:356) ~[netty-transport-4.2.7.Final.jar:4.2.7.Final]
	at io.netty.handler.timeout.IdleStateHandler.channelRead(IdleStateHandler.java:293) ~[netty-handler-4.2.7.Final.jar:4.2.7.Final]
	at io.netty.channel.AbstractChannelHandlerContext.fireChannelRead(AbstractChannelHandlerContext.java:354) ~[netty-transport-4.2.7.Final.jar:4.2.7.Final]
	at io.netty.handler.flush.FlushConsolidationHandler.channelRead(FlushConsolidationHandler.java:152) ~[netty-handler-4.2.7.Final.jar:4.2.7.Final]
	at io.netty.channel.AbstractChannelHandlerContext.fireChannelRead(AbstractChannelHandlerContext.java:354) ~[netty-transport-4.2.7.Final.jar:4.2.7.Final]
	at io.netty.channel.DefaultChannelPipeline$HeadContext.channelRead(DefaultChannelPipeline.java:1429) ~[netty-transport-4.2.7.Final.jar:4.2.7.Final]
	at io.netty.channel.DefaultChannelPipeline.fireChannelRead(DefaultChannelPipeline.java:918) ~[netty-transport-4.2.7.Final.jar:4.2.7.Final]
	at io.netty.channel.epoll.AbstractEpollStreamChannel$EpollStreamUnsafe.epollInReady(AbstractEpollStreamChannel.java:794) ~[netty-transport-classes-epoll-4.2.7.Final.jar:4.2.7.Final]
	at io.netty.channel.epoll.AbstractEpollChannel$AbstractEpollUnsafe.handle(AbstractEpollChannel.java:482) ~[netty-transport-classes-epoll-4.2.7.Final.jar:4.2.7.Final]
	at io.netty.channel.epoll.EpollIoHandler$DefaultEpollIoRegistration.handle(EpollIoHandler.java:317) ~[netty-transport-classes-epoll-4.2.7.Final.jar:4.2.7.Final]
	at io.netty.channel.epoll.EpollIoHandler.processReady(EpollIoHandler.java:515) ~[netty-transport-classes-epoll-4.2.7.Final.jar:4.2.7.Final]
	at io.netty.channel.epoll.EpollIoHandler.run(EpollIoHandler.java:460) ~[netty-transport-classes-epoll-4.2.7.Final.jar:4.2.7.Final]
	at io.netty.channel.SingleThreadIoEventLoop.runIo(SingleThreadIoEventLoop.java:225) ~[netty-transport-4.2.7.Final.jar:4.2.7.Final]
	at io.netty.channel.SingleThreadIoEventLoop.run(SingleThreadIoEventLoop.java:196) ~[netty-transport-4.2.7.Final.jar:4.2.7.Final]
	at io.netty.util.concurrent.SingleThreadEventExecutor$5.run(SingleThreadEventExecutor.java:1193) ~[netty-common-4.2.7.Final.jar:4.2.7.Final]
	at io.netty.util.internal.ThreadExecutorMap$2.run(ThreadExecutorMap.java:74) ~[netty-common-4.2.7.Final.jar:4.2.7.Final]
	at java.base/java.lang.Thread.run(Thread.java:1474) ~[?:?]
[16:11:20] [Netty Epoll IO #1/INFO]: [Mycmd] An error occurred on command kho
[16:11:22] [Netty Epoll IO #1/INFO]: danhz issued server command: /kho 3
[16:11:22] [Netty Epoll IO #1/INFO]: danhz issued mycmd (kho) command /kho 3
[16:11:22] [Netty Epoll IO #1/INFO]: danhz issued server command: /axvault 3
[16:11:22] [Netty Epoll IO #1/ERROR]: Thread Netty Epoll IO #1 failed main thread check: Cannot perform command async
java.lang.Throwable
	at org.spigotmc.AsyncCatcher.catchOp(AsyncCatcher.java:9) ~[paper-1.21.11.jar:1.21.11-132-c5eb079]
	at net.minecraft.commands.Commands.performCommand(Commands.java:366) ~[paper-1.21.11.jar:1.21.11-132-c5eb079]
	at net.minecraft.commands.Commands.performCommand(Commands.java:362) ~[paper-1.21.11.jar:1.21.11-132-c5eb079]
	at net.minecraft.server.network.ServerGamePacketListenerImpl.performUnsignedChatCommand(ServerGamePacketListenerImpl.java:2375) ~[paper-1.21.11.jar:1.21.11-132-c5eb079]
	at net.minecraft.server.network.ServerGamePacketListenerImpl.handleCommand(ServerGamePacketListenerImpl.java:2571) ~[paper-1.21.11.jar:1.21.11-132-c5eb079]
	at org.bukkit.craftbukkit.entity.CraftPlayer.chat(CraftPlayer.java:749) ~[paper-1.21.11.jar:1.21.11-132-c5eb079]
	at MyCommand.jar//it.emmerrei.mycommand.execute.types.AliasType.ExecuteAliasForPlayer(AliasType.java:48) ~[?:?]
	at MyCommand.jar//it.emmerrei.mycommand.execute.DispatchCommands.ExecuteMyCommandCommands(DispatchCommands.java:547) ~[?:?]
	at MyCommand.jar//it.emmerrei.mycommand.listener.PreprocessEvent.onPlayerCommandPreprocess(PreprocessEvent.java:283) ~[?:?]
	at co.aikar.timings.TimedEventExecutor.execute(TimedEventExecutor.java:80) ~[paper-api-1.21.11-R0.1-SNAPSHOT.jar:?]
	at org.bukkit.plugin.RegisteredListener.callEvent(RegisteredListener.java:71) ~[paper-api-1.21.11-R0.1-SNAPSHOT.jar:?]
	at PerWorldPlugins-1.6.2.jar//dev.tonimatas.perworldplugins.api.PerWorldRegisteredListener.callEvent(PerWorldRegisteredListener.java:29) ~[?:?]
	at io.papermc.paper.plugin.manager.PaperEventManager.callEvent(PaperEventManager.java:54) ~[paper-1.21.11.jar:1.21.11-132-c5eb079]
	at io.papermc.paper.plugin.manager.PaperPluginManagerImpl.callEvent(PaperPluginManagerImpl.java:131) ~[paper-1.21.11.jar:1.21.11-132-c5eb079]
	at org.bukkit.plugin.SimplePluginManager.callEvent(SimplePluginManager.java:628) ~[paper-api-1.21.11-R0.1-SNAPSHOT.jar:?]
	at net.minecraft.server.network.ServerGamePacketListenerImpl.performUnsignedChatCommand(ServerGamePacketListenerImpl.java:2361) ~[paper-1.21.11.jar:1.21.11-132-c5eb079]
	at net.minecraft.server.network.ServerGamePacketListenerImpl.lambda$handleChatCommand$12(ServerGamePacketListenerImpl.java:2348) ~[paper-1.21.11.jar:1.21.11-132-c5eb079]
	at net.minecraft.server.TickTask.run(TickTask.java:18) ~[paper-1.21.11.jar:1.21.11-132-c5eb079]
	at net.minecraft.util.thread.BlockableEventLoop.doRunTask(BlockableEventLoop.java:177) ~[paper-1.21.11.jar:1.21.11-132-c5eb079]
	at net.minecraft.util.thread.ReentrantBlockableEventLoop.doRunTask(ReentrantBlockableEventLoop.java:24) ~[paper-1.21.11.jar:1.21.11-132-c5eb079]
	at net.minecraft.server.MinecraftServer.doRunTask(MinecraftServer.java:1525) ~[paper-1.21.11.jar:1.21.11-132-c5eb079]
	at net.minecraft.server.MinecraftServer.doRunTask(MinecraftServer.java:188) ~[paper-1.21.11.jar:1.21.11-132-c5eb079]
	at net.minecraft.util.thread.BlockableEventLoop.execute(BlockableEventLoop.java:123) ~[paper-1.21.11.jar:1.21.11-132-c5eb079]
	at net.minecraft.server.network.ServerGamePacketListenerImpl.tryHandleChat(ServerGamePacketListenerImpl.java:2507) ~[paper-1.21.11.jar:1.21.11-132-c5eb079]
	at net.minecraft.server.network.ServerGamePacketListenerImpl.handleChatCommand(ServerGamePacketListenerImpl.java:2342) ~[paper-1.21.11.jar:1.21.11-132-c5eb079]
	at net.minecraft.network.protocol.game.ServerboundChatCommandPacket.handle(ServerboundChatCommandPacket.java:29) ~[paper-1.21.11.jar:1.21.11-132-c5eb079]
	at net.minecraft.network.protocol.game.ServerboundChatCommandPacket.handle(ServerboundChatCommandPacket.java:8) ~[paper-1.21.11.jar:1.21.11-132-c5eb079]
	at net.minecraft.network.Connection.genericsFtw(Connection.java:288) ~[paper-1.21.11.jar:1.21.11-132-c5eb079]
	at net.minecraft.network.Connection.channelRead0(Connection.java:271) ~[paper-1.21.11.jar:1.21.11-132-c5eb079]
	at net.minecraft.network.Connection.channelRead0(Connection.java:58) ~[paper-1.21.11.jar:1.21.11-132-c5eb079]
	at io.netty.channel.SimpleChannelInboundHandler.channelRead(SimpleChannelInboundHandler.java:99) ~[netty-transport-4.2.7.Final.jar:4.2.7.Final]
	at io.netty.channel.AbstractChannelHandlerContext.fireChannelRead(AbstractChannelHandlerContext.java:356) ~[netty-transport-4.2.7.Final.jar:4.2.7.Final]
	at io.netty.channel.ChannelInboundHandlerAdapter.channelRead(ChannelInboundHandlerAdapter.java:93) ~[netty-transport-4.2.7.Final.jar:4.2.7.Final]
	at images-2.5.10.jar//com.andavin.images.v1_21_R7.PlayerConnectionProxy.channelRead(PlayerConnectionProxy.java:64) ~[?:?]
	at io.netty.channel.AbstractChannelHandlerContext.fireChannelRead(AbstractChannelHandlerContext.java:356) ~[netty-transport-4.2.7.Final.jar:4.2.7.Final]
	at io.netty.channel.ChannelInboundHandlerAdapter.channelRead(ChannelInboundHandlerAdapter.java:93) ~[netty-transport-4.2.7.Final.jar:4.2.7.Final]
	at BetterStructures.jar//com.magmaguy.betterstructures.easyminecraftgoals.v1_21_R7_paper.packets.PacketInteractionListener$PacketHandler.channelRead(PacketInteractionListener.java:263) ~[?:?]
	at io.netty.channel.AbstractChannelHandlerContext.fireChannelRead(AbstractChannelHandlerContext.java:354) ~[netty-transport-4.2.7.Final.jar:4.2.7.Final]
	at io.netty.channel.ChannelInboundHandlerAdapter.channelRead(ChannelInboundHandlerAdapter.java:93) ~[netty-transport-4.2.7.Final.jar:4.2.7.Final]
	at DecentHolograms-2.10.1.jar//eu.decentsoftware.holograms.nms.paper_v1_21_R7.InboundPacketHandler.channelRead(InboundPacketHandler.java:38) ~[?:?]
	at io.netty.channel.AbstractChannelHandlerContext.fireChannelRead(AbstractChannelHandlerContext.java:356) ~[netty-transport-4.2.7.Final.jar:4.2.7.Final]
	at ProtocolLib.jar//com.comphenix.protocol.injector.netty.channel.InboundPacketInterceptor.channelRead(InboundPacketInterceptor.java:42) ~[?:?]
	at io.netty.channel.AbstractChannelHandlerContext.fireChannelRead(AbstractChannelHandlerContext.java:356) ~[netty-transport-4.2.7.Final.jar:4.2.7.Final]
	at io.netty.handler.codec.ByteToMessageDecoder.fireChannelRead(ByteToMessageDecoder.java:346) ~[netty-codec-base-4.2.7.Final.jar:4.2.7.Final]
	at io.netty.handler.codec.ByteToMessageDecoder.channelRead(ByteToMessageDecoder.java:318) ~[netty-codec-base-4.2.7.Final.jar:4.2.7.Final]
	at io.netty.channel.AbstractChannelHandlerContext.fireChannelRead(AbstractChannelHandlerContext.java:356) ~[netty-transport-4.2.7.Final.jar:4.2.7.Final]
	at io.netty.handler.codec.MessageToMessageDecoder.channelRead(MessageToMessageDecoder.java:107) ~[netty-codec-base-4.2.7.Final.jar:4.2.7.Final]
	at io.netty.channel.AbstractChannelHandlerContext.fireChannelRead(AbstractChannelHandlerContext.java:356) ~[netty-transport-4.2.7.Final.jar:4.2.7.Final]
	at ProtocolLib.jar//com.comphenix.protocol.injector.netty.channel.InboundProtocolReader.channelRead(InboundProtocolReader.java:25) ~[?:?]
	at io.netty.channel.AbstractChannelHandlerContext.fireChannelRead(AbstractChannelHandlerContext.java:356) ~[netty-transport-4.2.7.Final.jar:4.2.7.Final]
	at io.netty.handler.codec.MessageToMessageDecoder.channelRead(MessageToMessageDecoder.java:107) ~[netty-codec-base-4.2.7.Final.jar:4.2.7.Final]
	at io.netty.channel.AbstractChannelHandlerContext.fireChannelRead(AbstractChannelHandlerContext.java:356) ~[netty-transport-4.2.7.Final.jar:4.2.7.Final]
	at io.netty.handler.flow.FlowControlHandler.dequeue(FlowControlHandler.java:201) ~[netty-handler-4.2.7.Final.jar:4.2.7.Final]
	at io.netty.handler.flow.FlowControlHandler.channelRead(FlowControlHandler.java:163) ~[netty-handler-4.2.7.Final.jar:4.2.7.Final]
	at io.netty.channel.AbstractChannelHandlerContext.fireChannelRead(AbstractChannelHandlerContext.java:354) ~[netty-transport-4.2.7.Final.jar:4.2.7.Final]
	at io.netty.handler.codec.ByteToMessageDecoder.fireChannelRead(ByteToMessageDecoder.java:346) ~[netty-codec-base-4.2.7.Final.jar:4.2.7.Final]
	at io.netty.handler.codec.ByteToMessageDecoder.channelRead(ByteToMessageDecoder.java:318) ~[netty-codec-base-4.2.7.Final.jar:4.2.7.Final]
	at io.netty.channel.AbstractChannelHandlerContext.fireChannelRead(AbstractChannelHandlerContext.java:356) ~[netty-transport-4.2.7.Final.jar:4.2.7.Final]
	at io.netty.handler.codec.ByteToMessageDecoder.fireChannelRead(ByteToMessageDecoder.java:346) ~[netty-codec-base-4.2.7.Final.jar:4.2.7.Final]
	at io.netty.handler.codec.ByteToMessageDecoder.channelRead(ByteToMessageDecoder.java:318) ~[netty-codec-base-4.2.7.Final.jar:4.2.7.Final]
	at io.netty.channel.AbstractChannelHandlerContext.fireChannelRead(AbstractChannelHandlerContext.java:356) ~[netty-transport-4.2.7.Final.jar:4.2.7.Final]
	at io.netty.handler.timeout.IdleStateHandler.channelRead(IdleStateHandler.java:293) ~[netty-handler-4.2.7.Final.jar:4.2.7.Final]
	at io.netty.channel.AbstractChannelHandlerContext.fireChannelRead(AbstractChannelHandlerContext.java:354) ~[netty-transport-4.2.7.Final.jar:4.2.7.Final]
	at io.netty.handler.flush.FlushConsolidationHandler.channelRead(FlushConsolidationHandler.java:152) ~[netty-handler-4.2.7.Final.jar:4.2.7.Final]
	at io.netty.channel.AbstractChannelHandlerContext.fireChannelRead(AbstractChannelHandlerContext.java:354) ~[netty-transport-4.2.7.Final.jar:4.2.7.Final]
	at io.netty.channel.DefaultChannelPipeline$HeadContext.channelRead(DefaultChannelPipeline.java:1429) ~[netty-transport-4.2.7.Final.jar:4.2.7.Final]
	at io.netty.channel.DefaultChannelPipeline.fireChannelRead(DefaultChannelPipeline.java:918) ~[netty-transport-4.2.7.Final.jar:4.2.7.Final]
	at io.netty.channel.epoll.AbstractEpollStreamChannel$EpollStreamUnsafe.epollInReady(AbstractEpollStreamChannel.java:794) ~[netty-transport-classes-epoll-4.2.7.Final.jar:4.2.7.Final]
	at io.netty.channel.epoll.AbstractEpollChannel$AbstractEpollUnsafe.handle(AbstractEpollChannel.java:482) ~[netty-transport-classes-epoll-4.2.7.Final.jar:4.2.7.Final]
	at io.netty.channel.epoll.EpollIoHandler$DefaultEpollIoRegistration.handle(EpollIoHandler.java:317) ~[netty-transport-classes-epoll-4.2.7.Final.jar:4.2.7.Final]
	at io.netty.channel.epoll.EpollIoHandler.processReady(EpollIoHandler.java:515) ~[netty-transport-classes-epoll-4.2.7.Final.jar:4.2.7.Final]
	at io.netty.channel.epoll.EpollIoHandler.run(EpollIoHandler.java:460) ~[netty-transport-classes-epoll-4.2.7.Final.jar:4.2.7.Final]
	at io.netty.channel.SingleThreadIoEventLoop.runIo(SingleThreadIoEventLoop.java:225) ~[netty-transport-4.2.7.Final.jar:4.2.7.Final]
	at io.netty.channel.SingleThreadIoEventLoop.run(SingleThreadIoEventLoop.java:196) ~[netty-transport-4.2.7.Final.jar:4.2.7.Final]
	at io.netty.util.concurrent.SingleThreadEventExecutor$5.run(SingleThreadEventExecutor.java:1193) ~[netty-common-4.2.7.Final.jar:4.2.7.Final]
	at io.netty.util.internal.ThreadExecutorMap$2.run(ThreadExecutorMap.java:74) ~[netty-common-4.2.7.Final.jar:4.2.7.Final]
	at java.base/java.lang.Thread.run(Thread.java:1474) ~[?:?]
[16:11:22] [Netty Epoll IO #1/INFO]: [Mycmd] An error occurred on command kho
[16:11:22] [Netty Epoll IO #2/INFO]: tysooon issued server command: /kho 3
[16:11:22] [Netty Epoll IO #2/INFO]: tysooon issued mycmd (kho) command /kho 3
[16:11:22] [Netty Epoll IO #2/INFO]: tysooon issued server command: /axvault 3
[16:11:22] [Netty Epoll IO #2/ERROR]: Thread Netty Epoll IO #2 failed main thread check: Cannot perform command async
java.lang.Throwable
	at org.spigotmc.AsyncCatcher.catchOp(AsyncCatcher.java:9) ~[paper-1.21.11.jar:1.21.11-132-c5eb079]
	at net.minecraft.commands.Commands.performCommand(Commands.java:366) ~[paper-1.21.11.jar:1.21.11-132-c5eb079]
	at net.minecraft.commands.Commands.performCommand(Commands.java:362) ~[paper-1.21.11.jar:1.21.11-132-c5eb079]
	at net.minecraft.server.network.ServerGamePacketListenerImpl.performUnsignedChatCommand(ServerGamePacketListenerImpl.java:2375) ~[paper-1.21.11.jar:1.21.11-132-c5eb079]
	at net.minecraft.server.network.ServerGamePacketListenerImpl.handleCommand(ServerGamePacketListenerImpl.java:2571) ~[paper-1.21.11.jar:1.21.11-132-c5eb079]
	at org.bukkit.craftbukkit.entity.CraftPlayer.chat(CraftPlayer.java:749) ~[paper-1.21.11.jar:1.21.11-132-c5eb079]
	at MyCommand.jar//it.emmerrei.mycommand.execute.types.AliasType.ExecuteAliasForPlayer(AliasType.java:48) ~[?:?]
	at MyCommand.jar//it.emmerrei.mycommand.execute.DispatchCommands.ExecuteMyCommandCommands(DispatchCommands.java:547) ~[?:?]
	at MyCommand.jar//it.emmerrei.mycommand.listener.PreprocessEvent.onPlayerCommandPreprocess(PreprocessEvent.java:283) ~[?:?]
	at co.aikar.timings.TimedEventExecutor.execute(TimedEventExecutor.java:80) ~[paper-api-1.21.11-R0.1-SNAPSHOT.jar:?]
	at org.bukkit.plugin.RegisteredListener.callEvent(RegisteredListener.java:71) ~[paper-api-1.21.11-R0.1-SNAPSHOT.jar:?]
	at PerWorldPlugins-1.6.2.jar//dev.tonimatas.perworldplugins.api.PerWorldRegisteredListener.callEvent(PerWorldRegisteredListener.java:29) ~[?:?]
	at io.papermc.paper.plugin.manager.PaperEventManager.callEvent(PaperEventManager.java:54) ~[paper-1.21.11.jar:1.21.11-132-c5eb079]
	at io.papermc.paper.plugin.manager.PaperPluginManagerImpl.callEvent(PaperPluginManagerImpl.java:131) ~[paper-1.21.11.jar:1.21.11-132-c5eb079]
	at org.bukkit.plugin.SimplePluginManager.callEvent(SimplePluginManager.java:628) ~[paper-api-1.21.11-R0.1-SNAPSHOT.jar:?]
	at net.minecraft.server.network.ServerGamePacketListenerImpl.performUnsignedChatCommand(ServerGamePacketListenerImpl.java:2361) ~[paper-1.21.11.jar:1.21.11-132-c5eb079]
	at net.minecraft.server.network.ServerGamePacketListenerImpl.lambda$handleChatCommand$12(ServerGamePacketListenerImpl.java:2348) ~[paper-1.21.11.jar:1.21.11-132-c5eb079]
	at net.minecraft.server.TickTask.run(TickTask.java:18) ~[paper-1.21.11.jar:1.21.11-132-c5eb079]
	at net.minecraft.util.thread.BlockableEventLoop.doRunTask(BlockableEventLoop.java:177) ~[paper-1.21.11.jar:1.21.11-132-c5eb079]
	at net.minecraft.util.thread.ReentrantBlockableEventLoop.doRunTask(ReentrantBlockableEventLoop.java:24) ~[paper-1.21.11.jar:1.21.11-132-c5eb079]
	at net.minecraft.server.MinecraftServer.doRunTask(MinecraftServer.java:1525) ~[paper-1.21.11.jar:1.21.11-132-c5eb079]
	at net.minecraft.server.MinecraftServer.doRunTask(MinecraftServer.java:188) ~[paper-1.21.11.jar:1.21.11-132-c5eb079]
	at net.minecraft.util.thread.BlockableEventLoop.execute(BlockableEventLoop.java:123) ~[paper-1.21.11.jar:1.21.11-132-c5eb079]
	at net.minecraft.server.network.ServerGamePacketListenerImpl.tryHandleChat(ServerGamePacketListenerImpl.java:2507) ~[paper-1.21.11.jar:1.21.11-132-c5eb079]
	at net.minecraft.server.network.ServerGamePacketListenerImpl.handleChatCommand(ServerGamePacketListenerImpl.java:2342) ~[paper-1.21.11.jar:1.21.11-132-c5eb079]
	at net.minecraft.network.protocol.game.ServerboundChatCommandPacket.handle(ServerboundChatCommandPacket.java:29) ~[paper-1.21.11.jar:1.21.11-132-c5eb079]
	at net.minecraft.network.protocol.game.ServerboundChatCommandPacket.handle(ServerboundChatCommandPacket.java:8) ~[paper-1.21.11.jar:1.21.11-132-c5eb079]
	at net.minecraft.network.Connection.genericsFtw(Connection.java:288) ~[paper-1.21.11.jar:1.21.11-132-c5eb079]
	at net.minecraft.network.Connection.channelRead0(Connection.java:271) ~[paper-1.21.11.jar:1.21.11-132-c5eb079]
	at net.minecraft.network.Connection.channelRead0(Connection.java:58) ~[paper-1.21.11.jar:1.21.11-132-c5eb079]
	at io.netty.channel.SimpleChannelInboundHandler.channelRead(SimpleChannelInboundHandler.java:99) ~[netty-transport-4.2.7.Final.jar:4.2.7.Final]
	at io.netty.channel.AbstractChannelHandlerContext.fireChannelRead(AbstractChannelHandlerContext.java:356) ~[netty-transport-4.2.7.Final.jar:4.2.7.Final]
	at io.netty.channel.ChannelInboundHandlerAdapter.channelRead(ChannelInboundHandlerAdapter.java:93) ~[netty-transport-4.2.7.Final.jar:4.2.7.Final]
	at images-2.5.10.jar//com.andavin.images.v1_21_R7.PlayerConnectionProxy.channelRead(PlayerConnectionProxy.java:64) ~[?:?]
	at io.netty.channel.AbstractChannelHandlerContext.fireChannelRead(AbstractChannelHandlerContext.java:356) ~[netty-transport-4.2.7.Final.jar:4.2.7.Final]
	at io.netty.channel.ChannelInboundHandlerAdapter.channelRead(ChannelInboundHandlerAdapter.java:93) ~[netty-transport-4.2.7.Final.jar:4.2.7.Final]
	at BetterStructures.jar//com.magmaguy.betterstructures.easyminecraftgoals.v1_21_R7_paper.packets.PacketInteractionListener$PacketHandler.channelRead(PacketInteractionListener.java:263) ~[?:?]
	at io.netty.channel.AbstractChannelHandlerContext.fireChannelRead(AbstractChannelHandlerContext.java:354) ~[netty-transport-4.2.7.Final.jar:4.2.7.Final]
	at io.netty.channel.ChannelInboundHandlerAdapter.channelRead(ChannelInboundHandlerAdapter.java:93) ~[netty-transport-4.2.7.Final.jar:4.2.7.Final]
	at DecentHolograms-2.10.1.jar//eu.decentsoftware.holograms.nms.paper_v1_21_R7.InboundPacketHandler.channelRead(InboundPacketHandler.java:38) ~[?:?]
	at io.netty.channel.AbstractChannelHandlerContext.fireChannelRead(AbstractChannelHandlerContext.java:356) ~[netty-transport-4.2.7.Final.jar:4.2.7.Final]
	at ProtocolLib.jar//com.comphenix.protocol.injector.netty.channel.InboundPacketInterceptor.channelRead(InboundPacketInterceptor.java:42) ~[?:?]
	at io.netty.channel.AbstractChannelHandlerContext.fireChannelRead(AbstractChannelHandlerContext.java:356) ~[netty-transport-4.2.7.Final.jar:4.2.7.Final]
	at io.netty.handler.codec.ByteToMessageDecoder.fireChannelRead(ByteToMessageDecoder.java:346) ~[netty-codec-base-4.2.7.Final.jar:4.2.7.Final]
	at io.netty.handler.codec.ByteToMessageDecoder.channelRead(ByteToMessageDecoder.java:318) ~[netty-codec-base-4.2.7.Final.jar:4.2.7.Final]
	at io.netty.channel.AbstractChannelHandlerContext.fireChannelRead(AbstractChannelHandlerContext.java:356) ~[netty-transport-4.2.7.Final.jar:4.2.7.Final]
	at io.netty.handler.codec.MessageToMessageDecoder.channelRead(MessageToMessageDecoder.java:107) ~[netty-codec-base-4.2.7.Final.jar:4.2.7.Final]
	at io.netty.channel.AbstractChannelHandlerContext.fireChannelRead(AbstractChannelHandlerContext.java:356) ~[netty-transport-4.2.7.Final.jar:4.2.7.Final]
	at ProtocolLib.jar//com.comphenix.protocol.injector.netty.channel.InboundProtocolReader.channelRead(InboundProtocolReader.java:25) ~[?:?]
	at io.netty.channel.AbstractChannelHandlerContext.fireChannelRead(AbstractChannelHandlerContext.java:356) ~[netty-transport-4.2.7.Final.jar:4.2.7.Final]
	at io.netty.handler.codec.MessageToMessageDecoder.channelRead(MessageToMessageDecoder.java:107) ~[netty-codec-base-4.2.7.Final.jar:4.2.7.Final]
	at io.netty.channel.AbstractChannelHandlerContext.fireChannelRead(AbstractChannelHandlerContext.java:356) ~[netty-transport-4.2.7.Final.jar:4.2.7.Final]
	at io.netty.handler.flow.FlowControlHandler.dequeue(FlowControlHandler.java:201) ~[netty-handler-4.2.7.Final.jar:4.2.7.Final]
	at io.netty.handler.flow.FlowControlHandler.channelRead(FlowControlHandler.java:163) ~[netty-handler-4.2.7.Final.jar:4.2.7.Final]
	at io.netty.channel.AbstractChannelHandlerContext.fireChannelRead(AbstractChannelHandlerContext.java:354) ~[netty-transport-4.2.7.Final.jar:4.2.7.Final]
	at io.netty.handler.codec.ByteToMessageDecoder.fireChannelRead(ByteToMessageDecoder.java:346) ~[netty-codec-base-4.2.7.Final.jar:4.2.7.Final]
	at io.netty.handler.codec.ByteToMessageDecoder.channelRead(ByteToMessageDecoder.java:318) ~[netty-codec-base-4.2.7.Final.jar:4.2.7.Final]
	at io.netty.channel.AbstractChannelHandlerContext.fireChannelRead(AbstractChannelHandlerContext.java:356) ~[netty-transport-4.2.7.Final.jar:4.2.7.Final]
	at io.netty.handler.codec.ByteToMessageDecoder.fireChannelRead(ByteToMessageDecoder.java:346) ~[netty-codec-base-4.2.7.Final.jar:4.2.7.Final]
	at io.netty.handler.codec.ByteToMessageDecoder.channelRead(ByteToMessageDecoder.java:318) ~[netty-codec-base-4.2.7.Final.jar:4.2.7.Final]
	at io.netty.channel.AbstractChannelHandlerContext.fireChannelRead(AbstractChannelHandlerContext.java:356) ~[netty-transport-4.2.7.Final.jar:4.2.7.Final]
	at io.netty.handler.timeout.IdleStateHandler.channelRead(IdleStateHandler.java:293) ~[netty-handler-4.2.7.Final.jar:4.2.7.Final]
	at io.netty.channel.AbstractChannelHandlerContext.fireChannelRead(AbstractChannelHandlerContext.java:354) ~[netty-transport-4.2.7.Final.jar:4.2.7.Final]
	at io.netty.handler.flush.FlushConsolidationHandler.channelRead(FlushConsolidationHandler.java:152) ~[netty-handler-4.2.7.Final.jar:4.2.7.Final]
	at io.netty.channel.AbstractChannelHandlerContext.fireChannelRead(AbstractChannelHandlerContext.java:354) ~[netty-transport-4.2.7.Final.jar:4.2.7.Final]
	at io.netty.channel.DefaultChannelPipeline$HeadContext.channelRead(DefaultChannelPipeline.java:1429) ~[netty-transport-4.2.7.Final.jar:4.2.7.Final]
	at io.netty.channel.DefaultChannelPipeline.fireChannelRead(DefaultChannelPipeline.java:918) ~[netty-transport-4.2.7.Final.jar:4.2.7.Final]
	at io.netty.channel.epoll.AbstractEpollStreamChannel$EpollStreamUnsafe.epollInReady(AbstractEpollStreamChannel.java:794) ~[netty-transport-classes-epoll-4.2.7.Final.jar:4.2.7.Final]
	at io.netty.channel.epoll.AbstractEpollChannel$AbstractEpollUnsafe.handle(AbstractEpollChannel.java:482) ~[netty-transport-classes-epoll-4.2.7.Final.jar:4.2.7.Final]
	at io.netty.channel.epoll.EpollIoHandler$DefaultEpollIoRegistration.handle(EpollIoHandler.java:317) ~[netty-transport-classes-epoll-4.2.7.Final.jar:4.2.7.Final]
	at io.netty.channel.epoll.EpollIoHandler.processReady(EpollIoHandler.java:515) ~[netty-transport-classes-epoll-4.2.7.Final.jar:4.2.7.Final]
	at io.netty.channel.epoll.EpollIoHandler.run(EpollIoHandler.java:460) ~[netty-transport-classes-epoll-4.2.7.Final.jar:4.2.7.Final]
	at io.netty.channel.SingleThreadIoEventLoop.runIo(SingleThreadIoEventLoop.java:225) ~[netty-transport-4.2.7.Final.jar:4.2.7.Final]
	at io.netty.channel.SingleThreadIoEventLoop.run(SingleThreadIoEventLoop.java:196) ~[netty-transport-4.2.7.Final.jar:4.2.7.Final]
	at io.netty.util.concurrent.SingleThreadEventExecutor$5.run(SingleThreadEventExecutor.java:1193) ~[netty-common-4.2.7.Final.jar:4.2.7.Final]
	at io.netty.util.internal.ThreadExecutorMap$2.run(ThreadExecutorMap.java:74) ~[netty-common-4.2.7.Final.jar:4.2.7.Final]
	at java.base/java.lang.Thread.run(Thread.java:1474) ~[?:?]
[16:11:22] [Netty Epoll IO #2/INFO]: [Mycmd] An error occurred on command kho
[16:11:23] [Netty Epoll IO #2/INFO]: tysooon issued server command: /kho 2
[16:11:23] [Netty Epoll IO #2/INFO]: tysooon issued mycmd (kho) command /kho 2
[16:11:23] [Netty Epoll IO #2/INFO]: tysooon issued server command: /axvault 2
[16:11:23] [Netty Epoll IO #2/ERROR]: Thread Netty Epoll IO #2 failed main thread check: Cannot perform command async
java.lang.Throwable
	at org.spigotmc.AsyncCatcher.catchOp(AsyncCatcher.java:9) ~[paper-1.21.11.jar:1.21.11-132-c5eb079]
	at net.minecraft.commands.Commands.performCommand(Commands.java:366) ~[paper-1.21.11.jar:1.21.11-132-c5eb079]
	at net.minecraft.commands.Commands.performCommand(Commands.java:362) ~[paper-1.21.11.jar:1.21.11-132-c5eb079]
	at net.minecraft.server.network.ServerGamePacketListenerImpl.performUnsignedChatCommand(ServerGamePacketListenerImpl.java:2375) ~[paper-1.21.11.jar:1.21.11-132-c5eb079]
	at net.minecraft.server.network.ServerGamePacketListenerImpl.handleCommand(ServerGamePacketListenerImpl.java:2571) ~[paper-1.21.11.jar:1.21.11-132-c5eb079]
	at org.bukkit.craftbukkit.entity.CraftPlayer.chat(CraftPlayer.java:749) ~[paper-1.21.11.jar:1.21.11-132-c5eb079]
	at MyCommand.jar//it.emmerrei.mycommand.execute.types.AliasType.ExecuteAliasForPlayer(AliasType.java:48) ~[?:?]
	at MyCommand.jar//it.emmerrei.mycommand.execute.DispatchCommands.ExecuteMyCommandCommands(DispatchCommands.java:547) ~[?:?]
	at MyCommand.jar//it.emmerrei.mycommand.listener.PreprocessEvent.onPlayerCommandPreprocess(PreprocessEvent.java:283) ~[?:?]
	at co.aikar.timings.TimedEventExecutor.execute(TimedEventExecutor.java:80) ~[paper-api-1.21.11-R0.1-SNAPSHOT.jar:?]
	at org.bukkit.plugin.RegisteredListener.callEvent(RegisteredListener.java:71) ~[paper-api-1.21.11-R0.1-SNAPSHOT.jar:?]
	at PerWorldPlugins-1.6.2.jar//dev.tonimatas.perworldplugins.api.PerWorldRegisteredListener.callEvent(PerWorldRegisteredListener.java:29) ~[?:?]
	at io.papermc.paper.plugin.manager.PaperEventManager.callEvent(PaperEventManager.java:54) ~[paper-1.21.11.jar:1.21.11-132-c5eb079]
	at io.papermc.paper.plugin.manager.PaperPluginManagerImpl.callEvent(PaperPluginManagerImpl.java:131) ~[paper-1.21.11.jar:1.21.11-132-c5eb079]
	at org.bukkit.plugin.SimplePluginManager.callEvent(SimplePluginManager.java:628) ~[paper-api-1.21.11-R0.1-SNAPSHOT.jar:?]
	at net.minecraft.server.network.ServerGamePacketListenerImpl.performUnsignedChatCommand(ServerGamePacketListenerImpl.java:2361) ~[paper-1.21.11.jar:1.21.11-132-c5eb079]
	at net.minecraft.server.network.ServerGamePacketListenerImpl.lambda$handleChatCommand$12(ServerGamePacketListenerImpl.java:2348) ~[paper-1.21.11.jar:1.21.11-132-c5eb079]
	at net.minecraft.server.TickTask.run(TickTask.java:18) ~[paper-1.21.11.jar:1.21.11-132-c5eb079]
	at net.minecraft.util.thread.BlockableEventLoop.doRunTask(BlockableEventLoop.java:177) ~[paper-1.21.11.jar:1.21.11-132-c5eb079]
	at net.minecraft.util.thread.ReentrantBlockableEventLoop.doRunTask(ReentrantBlockableEventLoop.java:24) ~[paper-1.21.11.jar:1.21.11-132-c5eb079]
	at net.minecraft.server.MinecraftServer.doRunTask(MinecraftServer.java:1525) ~[paper-1.21.11.jar:1.21.11-132-c5eb079]
	at net.minecraft.server.MinecraftServer.doRunTask(MinecraftServer.java:188) ~[paper-1.21.11.jar:1.21.11-132-c5eb079]
	at net.minecraft.util.thread.BlockableEventLoop.execute(BlockableEventLoop.java:123) ~[paper-1.21.11.jar:1.21.11-132-c5eb079]
	at net.minecraft.server.network.ServerGamePacketListenerImpl.tryHandleChat(ServerGamePacketListenerImpl.java:2507) ~[paper-1.21.11.jar:1.21.11-132-c5eb079]
	at net.minecraft.server.network.ServerGamePacketListenerImpl.handleChatCommand(ServerGamePacketListenerImpl.java:2342) ~[paper-1.21.11.jar:1.21.11-132-c5eb079]
	at net.minecraft.network.protocol.game.ServerboundChatCommandPacket.handle(ServerboundChatCommandPacket.java:29) ~[paper-1.21.11.jar:1.21.11-132-c5eb079]
	at net.minecraft.network.protocol.game.ServerboundChatCommandPacket.handle(ServerboundChatCommandPacket.java:8) ~[paper-1.21.11.jar:1.21.11-132-c5eb079]
	at net.minecraft.network.Connection.genericsFtw(Connection.java:288) ~[paper-1.21.11.jar:1.21.11-132-c5eb079]
	at net.minecraft.network.Connection.channelRead0(Connection.java:271) ~[paper-1.21.11.jar:1.21.11-132-c5eb079]
	at net.minecraft.network.Connection.channelRead0(Connection.java:58) ~[paper-1.21.11.jar:1.21.11-132-c5eb079]
	at io.netty.channel.SimpleChannelInboundHandler.channelRead(SimpleChannelInboundHandler.java:99) ~[netty-transport-4.2.7.Final.jar:4.2.7.Final]
	at io.netty.channel.AbstractChannelHandlerContext.fireChannelRead(AbstractChannelHandlerContext.java:356) ~[netty-transport-4.2.7.Final.jar:4.2.7.Final]
	at io.netty.channel.ChannelInboundHandlerAdapter.channelRead(ChannelInboundHandlerAdapter.java:93) ~[netty-transport-4.2.7.Final.jar:4.2.7.Final]
	at images-2.5.10.jar//com.andavin.images.v1_21_R7.PlayerConnectionProxy.channelRead(PlayerConnectionProxy.java:64) ~[?:?]
	at io.netty.channel.AbstractChannelHandlerContext.fireChannelRead(AbstractChannelHandlerContext.java:356) ~[netty-transport-4.2.7.Final.jar:4.2.7.Final]
	at io.netty.channel.ChannelInboundHandlerAdapter.channelRead(ChannelInboundHandlerAdapter.java:93) ~[netty-transport-4.2.7.Final.jar:4.2.7.Final]
	at BetterStructures.jar//com.magmaguy.betterstructures.easyminecraftgoals.v1_21_R7_paper.packets.PacketInteractionListener$PacketHandler.channelRead(PacketInteractionListener.java:263) ~[?:?]
	at io.netty.channel.AbstractChannelHandlerContext.fireChannelRead(AbstractChannelHandlerContext.java:354) ~[netty-transport-4.2.7.Final.jar:4.2.7.Final]
	at io.netty.channel.ChannelInboundHandlerAdapter.channelRead(ChannelInboundHandlerAdapter.java:93) ~[netty-transport-4.2.7.Final.jar:4.2.7.Final]
	at DecentHolograms-2.10.1.jar//eu.decentsoftware.holograms.nms.paper_v1_21_R7.InboundPacketHandler.channelRead(InboundPacketHandler.java:38) ~[?:?]
	at io.netty.channel.AbstractChannelHandlerContext.fireChannelRead(AbstractChannelHandlerContext.java:356) ~[netty-transport-4.2.7.Final.jar:4.2.7.Final]
	at ProtocolLib.jar//com.comphenix.protocol.injector.netty.channel.InboundPacketInterceptor.channelRead(InboundPacketInterceptor.java:42) ~[?:?]
	at io.netty.channel.AbstractChannelHandlerContext.fireChannelRead(AbstractChannelHandlerContext.java:356) ~[netty-transport-4.2.7.Final.jar:4.2.7.Final]
	at io.netty.handler.codec.ByteToMessageDecoder.fireChannelRead(ByteToMessageDecoder.java:346) ~[netty-codec-base-4.2.7.Final.jar:4.2.7.Final]
	at io.netty.handler.codec.ByteToMessageDecoder.channelRead(ByteToMessageDecoder.java:318) ~[netty-codec-base-4.2.7.Final.jar:4.2.7.Final]
	at io.netty.channel.AbstractChannelHandlerContext.fireChannelRead(AbstractChannelHandlerContext.java:356) ~[netty-transport-4.2.7.Final.jar:4.2.7.Final]
	at io.netty.handler.codec.MessageToMessageDecoder.channelRead(MessageToMessageDecoder.java:107) ~[netty-codec-base-4.2.7.Final.jar:4.2.7.Final]
	at io.netty.channel.AbstractChannelHandlerContext.fireChannelRead(AbstractChannelHandlerContext.java:356) ~[netty-transport-4.2.7.Final.jar:4.2.7.Final]
	at ProtocolLib.jar//com.comphenix.protocol.injector.netty.channel.InboundProtocolReader.channelRead(InboundProtocolReader.java:25) ~[?:?]
	at io.netty.channel.AbstractChannelHandlerContext.fireChannelRead(AbstractChannelHandlerContext.java:356) ~[netty-transport-4.2.7.Final.jar:4.2.7.Final]
	at io.netty.handler.codec.MessageToMessageDecoder.channelRead(MessageToMessageDecoder.java:107) ~[netty-codec-base-4.2.7.Final.jar:4.2.7.Final]
	at io.netty.channel.AbstractChannelHandlerContext.fireChannelRead(AbstractChannelHandlerContext.java:356) ~[netty-transport-4.2.7.Final.jar:4.2.7.Final]
	at io.netty.handler.flow.FlowControlHandler.dequeue(FlowControlHandler.java:201) ~[netty-handler-4.2.7.Final.jar:4.2.7.Final]
	at io.netty.handler.flow.FlowControlHandler.channelRead(FlowControlHandler.java:163) ~[netty-handler-4.2.7.Final.jar:4.2.7.Final]
	at io.netty.channel.AbstractChannelHandlerContext.fireChannelRead(AbstractChannelHandlerContext.java:354) ~[netty-transport-4.2.7.Final.jar:4.2.7.Final]
	at io.netty.handler.codec.ByteToMessageDecoder.fireChannelRead(ByteToMessageDecoder.java:346) ~[netty-codec-base-4.2.7.Final.jar:4.2.7.Final]
	at io.netty.handler.codec.ByteToMessageDecoder.channelRead(ByteToMessageDecoder.java:318) ~[netty-codec-base-4.2.7.Final.jar:4.2.7.Final]
	at io.netty.channel.AbstractChannelHandlerContext.fireChannelRead(AbstractChannelHandlerContext.java:356) ~[netty-transport-4.2.7.Final.jar:4.2.7.Final]
	at io.netty.handler.codec.ByteToMessageDecoder.fireChannelRead(ByteToMessageDecoder.java:346) ~[netty-codec-base-4.2.7.Final.jar:4.2.7.Final]
	at io.netty.handler.codec.ByteToMessageDecoder.channelRead(ByteToMessageDecoder.java:318) ~[netty-codec-base-4.2.7.Final.jar:4.2.7.Final]
	at io.netty.channel.AbstractChannelHandlerContext.fireChannelRead(AbstractChannelHandlerContext.java:356) ~[netty-transport-4.2.7.Final.jar:4.2.7.Final]
	at io.netty.handler.timeout.IdleStateHandler.channelRead(IdleStateHandler.java:293) ~[netty-handler-4.2.7.Final.jar:4.2.7.Final]
	at io.netty.channel.AbstractChannelHandlerContext.fireChannelRead(AbstractChannelHandlerContext.java:354) ~[netty-transport-4.2.7.Final.jar:4.2.7.Final]
	at io.netty.handler.flush.FlushConsolidationHandler.channelRead(FlushConsolidationHandler.java:152) ~[netty-handler-4.2.7.Final.jar:4.2.7.Final]
	at io.netty.channel.AbstractChannelHandlerContext.fireChannelRead(AbstractChannelHandlerContext.java:354) ~[netty-transport-4.2.7.Final.jar:4.2.7.Final]
	at io.netty.channel.DefaultChannelPipeline$HeadContext.channelRead(DefaultChannelPipeline.java:1429) ~[netty-transport-4.2.7.Final.jar:4.2.7.Final]
	at io.netty.channel.DefaultChannelPipeline.fireChannelRead(DefaultChannelPipeline.java:918) ~[netty-transport-4.2.7.Final.jar:4.2.7.Final]
	at io.netty.channel.epoll.AbstractEpollStreamChannel$EpollStreamUnsafe.epollInReady(AbstractEpollStreamChannel.java:794) ~[netty-transport-classes-epoll-4.2.7.Final.jar:4.2.7.Final]
	at io.netty.channel.epoll.AbstractEpollChannel$AbstractEpollUnsafe.handle(AbstractEpollChannel.java:482) ~[netty-transport-classes-epoll-4.2.7.Final.jar:4.2.7.Final]
	at io.netty.channel.epoll.EpollIoHandler$DefaultEpollIoRegistration.handle(EpollIoHandler.java:317) ~[netty-transport-classes-epoll-4.2.7.Final.jar:4.2.7.Final]
	at io.netty.channel.epoll.EpollIoHandler.processReady(EpollIoHandler.java:515) ~[netty-transport-classes-epoll-4.2.7.Final.jar:4.2.7.Final]
	at io.netty.channel.epoll.EpollIoHandler.run(EpollIoHandler.java:460) ~[netty-transport-classes-epoll-4.2.7.Final.jar:4.2.7.Final]
	at io.netty.channel.SingleThreadIoEventLoop.runIo(SingleThreadIoEventLoop.java:225) ~[netty-transport-4.2.7.Final.jar:4.2.7.Final]
	at io.netty.channel.SingleThreadIoEventLoop.run(SingleThreadIoEventLoop.java:196) ~[netty-transport-4.2.7.Final.jar:4.2.7.Final]
	at io.netty.util.concurrent.SingleThreadEventExecutor$5.run(SingleThreadEventExecutor.java:1193) ~[netty-common-4.2.7.Final.jar:4.2.7.Final]
	at io.netty.util.internal.ThreadExecutorMap$2.run(ThreadExecutorMap.java:74) ~[netty-common-4.2.7.Final.jar:4.2.7.Final]
	at java.base/java.lang.Thread.run(Thread.java:1474) ~[?:?]
[16:11:23] [Netty Epoll IO #2/INFO]: [Mycmd] An error occurred on command kho
[16:11:34] [Server thread/INFO]: [BetterRTP] Disabling BetterRTP v3.6.13
[16:11:34] [Server thread/INFO]: [AuthMeUI] Disabling AuthMeUI v1.3.4
[16:11:34] [Server thread/INFO]: [AuthMeUI] AuthMeUI has been disabled. Goodbye!
[16:11:34] [Server thread/INFO]: [EconomyShopGUI] Disabling EconomyShopGUI v7.1.1
[16:11:35] [Server thread/INFO]: [LPC] Disabling LPC v3.7.2
[16:11:35] [Server thread/INFO]: [TAB] Disabling TAB v6.1.0
[16:11:35] [Server thread/INFO]: [TAB] Disabled in 3ms
[16:11:35] [Server thread/INFO]: [TimeManager] Disabling TimeManager v2.1.0
[16:11:35] [Server thread/INFO]: [TimeManager] The plugin is now disabled.
[16:11:35] [Server thread/INFO]: [DeluxeMenus] Disabling DeluxeMenus v1.14.1-Release
[16:11:35] [Server thread/INFO]: [JumpPads] Disabling JumpPads v1.26.1
[16:11:35] [Server thread/INFO]: [PerWorldPlugins] Disabling PerWorldPlugins v1.6.2
[16:11:35] [Server thread/INFO]: [SimpleClans] Disabling SimpleClans v2.19.2-${git.commit.id.describe-short}
[16:11:35] [Server thread/INFO]: [EnderChest] Disabling EnderChest v2.2.1
[16:11:35] [Server thread/INFO]: ________________________________________________________
[16:11:35] [Server thread/INFO]:   EnderChest Plugin - Shutting Down
[16:11:35] [Server thread/INFO]: ________________________________________________________
[16:11:35] [Server thread/INFO]: [MySqlPlayerBridge] Disabling MySqlPlayerBridge v3.7.6
[16:11:35] [Server thread/WARN]: [MySqlPlayerBridge] Stopping MySqlPlayerBridge plugin v3.7.6
[16:11:35] [Server thread/INFO]: [MySqlPlayerBridge] Closing MySql connection...
[16:11:35] [Server thread/INFO]: [MySqlPlayerBridge] Stopping running scheduler tasks...
[16:11:35] [Server thread/INFO]: [Chunky] Disabling Chunky v1.4.40
[16:11:35] [Server thread/INFO]: [FarmProtection] Disabling FarmProtection v1.0
[16:11:35] [Server thread/INFO]: [InvSee++] Disabling InvSeePlusPlus v0.31.15
[16:11:35] [Server thread/INFO]: [Autorank] Disabling Autorank v5.2.4
[16:11:35] [Server thread/INFO]: [Autorank] Autorank 5.2.4 has been disabled!
[16:11:35] [Server thread/INFO]: [VeinMiner] Disabling VeinMiner v2.4.0
[16:11:35] [Server thread/INFO]: [VeinMiner] Clearing localized data
[16:11:35] [Server thread/INFO]: [PlayerStats] Disabling PlayerStats v2.5
[16:11:35] [Server thread/INFO]: [PlaceholderAPI] Unregistered placeholder expansion playerstats
[16:11:35] [Server thread/INFO]: [PlaceholderAPI] Reason: required plugin PlayerStats was disabled.
[16:11:35] [Server thread/INFO]: [PlayerStats] Disabled PlayerStats!
[16:11:35] [Server thread/INFO]: [Images] Disabling Images v2.5.10
[16:11:35] [Server thread/INFO]: [MyCommand] Disabling MyCommand v5.7.4
[16:11:35] [Server thread/INFO]: *-=-=-=-=-=-=-=-=-* MyCommand v.5.7.4*-=-=-=-=-=-=-=-=-=-*
[16:11:35] [Server thread/INFO]: | Tasks : Stopped all tasks.
[16:11:35] [Server thread/INFO]: *-=-=-=-=-=-=-=-=-=-*    Bye!   *-=-=-=-=-=-=-=-=-=-=-*
[16:11:35] [Server thread/INFO]: [GSit] Disabling GSit v3.5.1
[16:11:35] [Server thread/INFO]: [WorldGuard] Unregistering session handler dev.geco.gsit.link.worldguard.RegionFlagHandler
[16:11:35] [Server thread/INFO]: [GSit] The plugin was successfully disabled.
[16:11:35] [Server thread/INFO]: [AuctionHouse] Disabling AuctionHouse v1.5.3
[16:11:35] [Server thread/INFO]: [AdvancedRedeem] Disabling AdvancedRedeem v3.3.0
[16:11:35] [Server thread/INFO]: [AdvancedRedeem] AdvancedRedeem plugin has been disabled
[16:11:35] [Server thread/INFO]: [voicechat] Disabling voicechat v2.6.21
[16:11:35] [Server thread/INFO]: [ExcellentEnchants] Disabling ExcellentEnchants v5.4.3
[16:11:36] [Server thread/INFO]: [CombatLog] Disabling CombatLog v1.18
[16:11:36] [Server thread/INFO]: [FakeSeed] Disabling FakeSeed v1.0.0
[16:11:36] [Server thread/INFO]: [FakeSeed] FakeSeed has been disabled!
[16:11:36] [Server thread/INFO]: [ServerMOTD] Disabling ServerMOTD v2.3.6
[16:11:36] [Server thread/INFO]: [ServerMOTD] ServerMOTD disabled.
[16:11:36] [Server thread/INFO]: [CommandCost] Disabling CommandCost v1.0
[16:11:36] [Server thread/INFO]: [GravesX] Disabling GravesX v2026.4.9.1
[16:11:36] [Server thread/INFO]: [GravesX] [Modules] Disabling modules...
[16:11:36] [Server thread/INFO]: [GravesX] [Modules] All modules have been disabled. Running remaining shutdown tasks.
[16:11:36] [Server thread/INFO]: [GravesX] Saving Grave inventories before shutting down...
[16:11:36] [Server thread/INFO]: [GravesX] Grave inventories saved.
[16:11:36] [Server thread/INFO]: [GravesX] Shutting Down GravesX...
[16:11:36] [Server thread/INFO]: [GravesX] Unloading and Shutting Down DataManager...
[16:11:36] [Server thread/INFO]: [com.ranull.graves.libraries.hikari.HikariDataSource] GravesX h2 - Shutdown initiated...
[16:11:36] [Server thread/INFO]: [com.ranull.graves.libraries.hikari.HikariDataSource] GravesX h2 - Shutdown completed.
[16:11:36] [Server thread/INFO]: [GravesX] Unloaded DataManager Successfully.
[16:11:36] [Server thread/INFO]: [GravesX] Unloading GraveManager...
[16:11:36] [Server thread/INFO]: [GravesX] Unloaded GraveManager Successfully.
[16:11:36] [Server thread/INFO]: [GravesX] Unloading IntegrationManager...
[16:11:36] [Server thread/INFO]: [GravesX] Unloaded IntegrationManager Successfully.
[16:11:36] [Server thread/INFO]: [GravesX] Unloading RecipeManager...
[16:11:36] [Server thread/INFO]: [GravesX] Unloaded RecipeManager Successfully.
[16:11:36] [Server thread/INFO]: [GravesX] Unloading DebugManager...
[16:11:36] [Server thread/INFO]: [GravesX] Unloaded DebugManager Successfully.
[16:11:36] [Server thread/INFO]: [GravesX] Shutting down SchedulerManager...
[16:11:36] [Server thread/INFO]: [GravesX] Shutting down SchedulerManager Successfully.
[16:11:36] [Server thread/INFO]: [GravesX] Shutdown Completed :)
[16:11:36] [Server thread/INFO]: [BetterStructures] Disabling BetterStructures v2.6.3
[16:11:36] [Server thread/INFO]: [BetterStructures] Shutdown!
[16:11:36] [Server thread/INFO]: [ImageEmojis] Disabling ImageEmojis v1.7.1
[16:11:36] [Server thread/INFO]: [Xshards] Disabling Xshards v1.2.9
[16:11:36] [Server thread/INFO]: [Xshards] Xshards has been disabled.
[16:11:36] [Server thread/INFO]: [ClearLag] Disabling ClearLag v1.12.5
[16:11:36] [Server thread/INFO]: [ClearLag] ClearLag has been disabled!
[16:11:36] [Server thread/INFO]: [AuthMe] Disabling AuthMe v6.0.0-b2734
[16:11:36] [Server thread/INFO]: [AuthMe] Waiting for 0 tasks to finish
[16:11:36] [Server thread/INFO]: [com.zaxxer.hikari.HikariDataSource] AuthMeMYSQLPool - Shutdown initiated...
[16:11:36] [Server thread/INFO]: [com.zaxxer.hikari.HikariDataSource] AuthMeMYSQLPool - Shutdown completed.
[16:11:36] [Server thread/INFO]: [AuthMe] AuthMe 6.0.0-b2734 disabled!
[16:11:36] [Server thread/INFO]: [EssentialsChat] Disabling EssentialsChat v2.22.0
[16:11:36] [Server thread/INFO]: [DiscordSRV] Disabling DiscordSRV v1.30.5
[16:11:37] [DiscordSRV - Shutdown/INFO]: [DiscordSRV] Shutdown completed in 819ms
[16:11:37] [Server thread/INFO]: [WorldBorder] Disabling WorldBorder v2.1.5
[16:11:37] [Server thread/INFO]: [WorldBorder] [CONFIG] Border-checking timed task stopped.
[16:11:37] [Server thread/INFO]: [GrimAC] Disabling GrimAC v2.3.74-7ae1d8f
[16:11:37] [Server thread/INFO]: [GrimAC] Terminating PacketEvents...
[16:11:37] [Server thread/INFO]: [nightcore] Disabling nightcore v2.16.4
[16:11:37] [Server thread/INFO]: [com.zaxxer.hikari.HikariDataSource] nightcorePool - Shutdown initiated...
[16:11:37] [Server thread/INFO]: [com.zaxxer.hikari.HikariDataSource] nightcorePool - Shutdown completed.
[16:11:37] [Server thread/INFO]: [CoreProtect] Disabling CoreProtect v24.0
[16:11:37] [Server thread/INFO]: [CoreProtect] Finishing up data logging. Please wait...
[16:11:38] [User Authenticator #728/INFO]: UUID of player danhz is fe798653-6820-3155-a1d7-257e95e16756
[16:11:38] [Server thread/INFO]: [CoreProtect] Success! Disabled CoreProtect v24.0
[16:11:38] [Server thread/INFO]: [NBTAPI] Disabling NBTAPI v2.16.0
[16:11:38] [Server thread/INFO]: [DecentHolograms] Disabling DecentHolograms v2.10.1
[16:11:38] [Server thread/INFO]: [Citizens] Disabling Citizens v2.0.43-SNAPSHOT (build 4220)
[16:11:38] [Server thread/INFO]: [EssentialsSpawn] Disabling EssentialsSpawn v2.22.0
[16:11:38] [Server thread/INFO]: [SuperVanish] Disabling SuperVanish v6.3.0
[16:11:38] [Server thread/INFO]: [packetevents] Disabling packetevents v2.13.0
[16:11:38] [Server thread/INFO]: [dynmap] Disabling dynmap v3.7-SNAPSHOT-1015
[16:11:38] [Server thread/INFO]: [dynmap] Unloaded 11 components.
[16:11:38] [Server thread/INFO]: [dynmap] Stopping map renderer...
[16:11:38] [Server thread/INFO]: [dynmap] Saved 7930186 pending tile renders in world 'WORLD'
[16:11:39] [Server thread/INFO]: [dynmap] Saved 779414 pending tile renders in world 'WORLD_nether'
[16:11:39] [Server thread/INFO]: [dynmap] Saved 2898780 pending tile renders in world 'WORLD_the_end'
[16:11:44] [Server thread/INFO]: [dynmap] Disabled
[16:11:44] [Server thread/INFO]: [Essentials] Disabling Essentials v2.22.0
[16:11:44] [Server thread/INFO]: [Vault] [Economy] Essentials Economy unhooked.
[16:11:44] [Server thread/INFO]: [SkinsRestorer] Disabling SkinsRestorer v15.12.5
[16:11:44] [Server thread/INFO]: [My_Worlds] Disabling My_Worlds v2.0.0
[16:11:44] [Server thread/INFO]: [My_Worlds] My_Worlds disabled!
[16:11:44] [Server thread/INFO]: [BKCommonLib] Disabling BKCommonLib v2.0.1
[16:11:44] [Server thread/INFO]: [PlaceholderAPI] Disabling PlaceholderAPI v2.12.3
[16:11:44] [Server thread/INFO]: [WorldGuard] Disabling WorldGuard v7.0.17+2370-e42d8bc
[16:11:44] [Server thread/INFO]: [WorldGuard] Shutting down executor and cancelling any pending tasks...
[16:11:44] [Server thread/INFO]: [ProtocolLib] Disabling ProtocolLib v5.4.0
[16:11:44] [Server thread/INFO]: [WorldEdit] Disabling WorldEdit v7.4.4+7546-f9e033f
[16:11:44] [Server thread/INFO]: Unregistering com.sk89q.worldedit.bukkit.BukkitServerInterface from WorldEdit
[16:11:44] [Server thread/INFO]: [Vault] Disabling Vault v1.7.3-b131
[16:11:44] [Server thread/INFO]: [LuckPerms] Disabling LuckPerms v5.5.0
[16:11:44] [Server thread/INFO]: [LuckPerms] Starting shutdown process...
[16:11:44] [Server thread/INFO]: [LuckPerms] Closing messaging service...
[16:11:44] [Server thread/INFO]: [LuckPerms] Closing storage...
[16:11:44] [Server thread/INFO]: [me.lucko.luckperms.lib.hikari.HikariDataSource] luckperms-hikari - Shutdown initiated...
[16:11:44] [Server thread/INFO]: [me.lucko.luckperms.lib.hikari.HikariDataSource] luckperms-hikari - Shutdown completed.
[16:11:44] [Server thread/INFO]: [LuckPerms] Goodbye!
[16:11:44] [Server thread/INFO]: Saving players
[16:11:44] [Server thread/INFO]: tysooon lost connection: Chủ server bị má gọi đi ăn cơm
[16:11:44] [Server thread/INFO]: tysooon left the game
[16:11:44] [Server thread/INFO]: danhz lost connection: Chủ server bị má gọi đi ăn cơm
[16:11:44] [Server thread/INFO]: danhz left the game
[16:11:44] [Server thread/INFO]: Saving worlds
[16:11:44] [Server thread/INFO]: Saving chunks for level 'ServerLevel[WORLD]'/minecraft:overworld
[16:11:45] [Server thread/INFO]: [ChunkHolderManager] Waiting 60s for chunk system to halt for world 'WORLD'
[16:11:45] [Server thread/INFO]: [ChunkHolderManager] Halted chunk system for world 'WORLD'
[16:11:45] [Server thread/INFO]: [ChunkHolderManager] Saving all chunkholders for world 'WORLD'
[16:11:47] [Server thread/INFO]: [ChunkHolderManager] Saved 4899 block chunks, 4899 entity chunks, 0 poi chunks in world 'WORLD' in 2.84s
[16:11:47] [Server thread/INFO]: [ChunkHolderManager] Waiting 60s for chunk I/O to halt for world 'WORLD'
[16:11:47] [Server thread/INFO]: [ChunkHolderManager] Halted I/O scheduler for world 'WORLD'
[16:11:49] [Server thread/INFO]: Saving chunks for level 'ServerLevel[WORLD_nether]'/minecraft:the_nether
[16:11:49] [Server thread/INFO]: [ChunkHolderManager] Waiting 60s for chunk system to halt for world 'WORLD_nether'
[16:11:49] [Server thread/INFO]: [ChunkHolderManager] Halted chunk system for world 'WORLD_nether'
[16:11:49] [Server thread/INFO]: [ChunkHolderManager] Saving all chunkholders for world 'WORLD_nether'
[16:11:49] [Server thread/INFO]: [ChunkHolderManager] Saved 0 block chunks, 0 entity chunks, 0 poi chunks in world 'WORLD_nether' in 0.00s
[16:11:49] [Server thread/INFO]: [ChunkHolderManager] Waiting 60s for chunk I/O to halt for world 'WORLD_nether'
[16:11:49] [Server thread/INFO]: [ChunkHolderManager] Halted I/O scheduler for world 'WORLD_nether'
[16:11:51] [Server thread/INFO]: Saving chunks for level 'ServerLevel[WORLD_the_end]'/minecraft:the_end
[16:11:51] [Server thread/INFO]: [ChunkHolderManager] Waiting 60s for chunk system to halt for world 'WORLD_the_end'
[16:11:51] [Server thread/INFO]: [ChunkHolderManager] Halted chunk system for world 'WORLD_the_end'
[16:11:51] [Server thread/INFO]: [ChunkHolderManager] Saving all chunkholders for world 'WORLD_the_end'
[16:11:52] [Server thread/INFO]: [ChunkHolderManager] Saved 3840 block chunks, 3840 entity chunks, 0 poi chunks in world 'WORLD_the_end' in 0.44s
[16:11:52] [Server thread/INFO]: [ChunkHolderManager] Waiting 60s for chunk I/O to halt for world 'WORLD_the_end'
[16:11:52] [Server thread/INFO]: [ChunkHolderManager] Halted I/O scheduler for world 'WORLD_the_end'
[16:11:54] [Server thread/INFO]: Saving chunks for level 'ServerLevel[lobby]'/minecraft:lobby
[16:11:54] [Server thread/INFO]: [ChunkHolderManager] Waiting 60s for chunk system to halt for world 'lobby'
[16:11:54] [Server thread/INFO]: [ChunkHolderManager] Halted chunk system for world 'lobby'
[16:11:54] [Server thread/INFO]: [ChunkHolderManager] Saving all chunkholders for world 'lobby'
[16:11:54] [Server thread/INFO]: [ChunkHolderManager] Saved 0 block chunks, 0 entity chunks, 0 poi chunks in world 'lobby' in 0.00s
[16:11:54] [Server thread/INFO]: [ChunkHolderManager] Waiting 60s for chunk I/O to halt for world 'lobby'
[16:11:54] [Server thread/INFO]: [ChunkHolderManager] Halted I/O scheduler for world 'lobby'
[16:11:54] [Server thread/INFO]: Saving chunks for level 'ServerLevel[surlob]'/minecraft:surlob
[16:11:54] [Server thread/INFO]: [ChunkHolderManager] Waiting 60s for chunk system to halt for world 'surlob'
[16:11:54] [Server thread/INFO]: [ChunkHolderManager] Halted chunk system for world 'surlob'
[16:11:54] [Server thread/INFO]: [ChunkHolderManager] Saving all chunkholders for world 'surlob'
[16:11:54] [Server thread/INFO]: [ChunkHolderManager] Saved 0 block chunks, 0 entity chunks, 0 poi chunks in world 'surlob' in 0.00s
[16:11:54] [Server thread/INFO]: [ChunkHolderManager] Waiting 60s for chunk I/O to halt for world 'surlob'
[16:11:54] [Server thread/INFO]: [ChunkHolderManager] Halted I/O scheduler for world 'surlob'
[16:11:54] [Server thread/INFO]: ThreadedAnvilChunkStorage (WORLD): All chunks are saved
[16:11:54] [Server thread/INFO]: ThreadedAnvilChunkStorage (DIM-1): All chunks are saved
[16:11:54] [Server thread/INFO]: ThreadedAnvilChunkStorage (DIM1): All chunks are saved
[16:11:54] [Server thread/INFO]: ThreadedAnvilChunkStorage (lobby): All chunks are saved
[16:11:54] [Server thread/INFO]: ThreadedAnvilChunkStorage (surlob): All chunks are saved
[16:11:54] [Server thread/INFO]: ThreadedAnvilChunkStorage: All dimensions are saved
[16:11:54] [Server thread/INFO]: Waiting for all RegionFile I/O tasks to complete...
[16:11:54] [Server thread/INFO]: All RegionFile I/O tasks to complete
[16:11:54] [Server thread/INFO]: [MoonriseCommon] Awaiting termination of worker pool for up to 60s...
[16:11:54] [Server thread/INFO]: [MoonriseCommon] Awaiting termination of I/O pool for up to 60s...
