[2026-08-04 22:23:57] [INFO]:
Spectator UUID: ee5defd3-4cd7-3cee-b5c6-69baf82ee141
Spectator Name: KhangNon
Taken         : [DIAMOND_HELMET & ARMOR_META:{meta-type=ARMOR, enchants={minecraft:protection=4, minecraft:unbreaking=3}, Damage=8} x 1]
Given         : []
Target        : TOITENLATRIET
[2026-08-04 22:23:57] [INFO]:
Spectator UUID: ee5defd3-4cd7-3cee-b5c6-69baf82ee141
Spectator Name: KhangNon
Taken         : [DIAMOND_HELMET & ARMOR_META:{meta-type=ARMOR, enchants={minecraft:protection=4, minecraft:unbreaking=3}, Damage=8} x 1]
Given         : []
Target        : TOITENLATRIET
[2026-08-06 13:19:18] [INFO]:
Spectator UUID: ee5defd3-4cd7-3cee-b5c6-69baf82ee141
Spectator Name: KhangNon
Taken         : [STONE x 1728, GOLDEN_APPLE x 64, BUCKET x 2, COOKED_BEEF x 64, DIAMOND_CHESTPLATE & ARMOR_META:{meta-type=ARMOR, Damage=1} x 1, DIAMOND_SWORD & UNSPECIFIC_META:{meta-type=UNSPECIFIC, enchants={minecraft:looting=3, minecraft:sharpness=5}, repair-cost=15, Damage=363} x 1, NETHERITE_AXE & UNSPECIFIC_META:{meta-type=UNSPECIFIC, Damage=716} x 1, DIAMOND_PICKAXE & UNSPECIFIC_META:{meta-type=UNSPECIFIC, Damage=283} x 1, NETHERRACK x 2, ELYTRA & UNSPECIFIC_META:{meta-type=UNSPECIFIC, enchants={minecraft:mending=1, minecraft:unbreaking=3}, repair-cost=7, Damage=253} x 1, IRON_LEGGINGS & ARMOR_META:{meta-type=ARMOR, enchants={minecraft:fire_protection=4, minecraft:mending=1, minecraft:unbreaking=3}, Damage=62} x 1, DIAMOND_BOOTS & ARMOR_META:{meta-type=ARMOR, enchants={minecraft:fire_protection=4, minecraft:unbreaking=3}, Damage=220} x 1]
Given         : []
Target        : MinhAnh_112
[2026-08-06 13:19:53] [INFO]:
Spectator UUID: ee5defd3-4cd7-3cee-b5c6-69baf82ee141
Spectator Name: KhangNon
Taken         : [ELYTRA & UNSPECIFIC_META:{meta-type=UNSPECIFIC, enchants={minecraft:mending=1, minecraft:unbreaking=3}, repair-cost=7, Damage=253} x 1, IRON_LEGGINGS & ARMOR_META:{meta-type=ARMOR, enchants={minecraft:fire_protection=4, minecraft:mending=1, minecraft:unbreaking=3}, Damage=62} x 1, DIAMOND_BOOTS & ARMOR_META:{meta-type=ARMOR, enchants={minecraft:fire_protection=4, minecraft:unbreaking=3}, Damage=220} x 1, STONE x 1088, NETHERRACK x 2, BUCKET x 2, DIAMOND_CHESTPLATE & ARMOR_META:{meta-type=ARMOR, Damage=1} x 1, GOLDEN_APPLE x 43, DIAMOND_PICKAXE & UNSPECIFIC_META:{meta-type=UNSPECIFIC, Damage=283} x 1, NETHERITE_AXE & UNSPECIFIC_META:{meta-type=UNSPECIFIC, Damage=716} x 1, DIAMOND_SWORD & UNSPECIFIC_META:{meta-type=UNSPECIFIC, enchants={minecraft:looting=3, minecraft:sharpness=5}, repair-cost=15, Damage=363} x 1]
Given         : []
Target        : MinhAnh_112
[2026-08-06 13:20:29] [INFO]:
Spectator UUID: ee5defd3-4cd7-3cee-b5c6-69baf82ee141
Spectator Name: KhangNon
Taken         : [DIAMOND_CHESTPLATE & ARMOR_META:{meta-type=ARMOR, Damage=1} x 1, IRON_LEGGINGS & ARMOR_META:{meta-type=ARMOR, enchants={minecraft:fire_protection=4, minecraft:mending=1, minecraft:unbreaking=3}, Damage=62} x 1, DIAMOND_BOOTS & ARMOR_META:{meta-type=ARMOR, enchants={minecraft:fire_protection=4, minecraft:unbreaking=3}, Damage=220} x 1, STONE x 1088, SPLASH_POTION & POTION_META:{meta-type=POTION, potion-type=minecraft:long_night_vision} x 2, ELYTRA & UNSPECIFIC_META:{meta-type=UNSPECIFIC, enchants={minecraft:mending=1, minecraft:unbreaking=3}, repair-cost=7, Damage=253} x 1, NETHERRACK x 2, GOLDEN_APPLE x 43, DIAMOND_SWORD & UNSPECIFIC_META:{meta-type=UNSPECIFIC, enchants={minecraft:looting=3, minecraft:sharpness=5}, repair-cost=15, Damage=363} x 1, DIAMOND_PICKAXE & UNSPECIFIC_META:{meta-type=UNSPECIFIC, Damage=283} x 1, NETHERITE_AXE & UNSPECIFIC_META:{meta-type=UNSPECIFIC, Damage=716} x 1, BUCKET x 2]
Given         : []
Target        : MinhAnh_112
[2026-08-06 13:41:50] [INFO]:
Spectator UUID: ee5defd3-4cd7-3cee-b5c6-69baf82ee141
Spectator Name: KhangNon
Taken         : [SPAWNER & TILE_ENTITY_META:{meta-type=TILE_ENTITY, display-name={"text":"","extra":[{"text":"Zombie ","color":"blue","bold":true},"Spawner"],"italic":false}, ItemFlags=[HIDE_ENCHANTS, HIDE_ATTRIBUTES, HIDE_UNBREAKABLE, HIDE_DESTROYS, HIDE_PLACED_ON, HIDE_ADDITIONAL_TOOLTIP, HIDE_DYE, HIDE_ARMOR_TRIM, HIDE_STORED_ENCHANTS], custom=H4sIAAAAAAAA/+NiYOBiYHUNdg/15GDgDi5ILM9LLQqpLEhlYIvy93XydGVgAADtlfJWIwAAAA==, blockMaterial=SPAWNER} x 24]
Given         : []
Target        : GiaBao_123
[2026-08-07 13:45:36] [INFO]:
Spectator UUID: ee5defd3-4cd7-3cee-b5c6-69baf82ee141
Spectator Name: KhangNon
Taken         : [ELYTRA x 1]
Given         : []
Target        : huy504689
[2026-08-07 13:45:36] [INFO]:
Spectator UUID: ee5defd3-4cd7-3cee-b5c6-69baf82ee141
Spectator Name: KhangNon
Taken         : [ELYTRA x 1]
Given         : []
Target        : huy504689
[2026-08-07 13:45:55] [INFO]:
Spectator UUID: ee5defd3-4cd7-3cee-b5c6-69baf82ee141
Spectator Name: KhangNon
Taken         : [ELYTRA & UNSPECIFIC_META:{meta-type=UNSPECIFIC, enchants={minecraft:mending=1, minecraft:unbreaking=2}, repair-cost=3, Damage=142} x 1]
Given         : []
Target        : huy504689
[2026-08-07 13:45:55] [INFO]:
Spectator UUID: ee5defd3-4cd7-3cee-b5c6-69baf82ee141
Spectator Name: KhangNon
Taken         : [ELYTRA & UNSPECIFIC_META:{meta-type=UNSPECIFIC, enchants={minecraft:mending=1, minecraft:unbreaking=2}, repair-cost=3, Damage=142} x 1]
Given         : []
Target        : huy504689
[2026-08-07 13:45:55] [INFO]:
Spectator UUID: ee5defd3-4cd7-3cee-b5c6-69baf82ee141
Spectator Name: KhangNon
Taken         : [ELYTRA & UNSPECIFIC_META:{meta-type=UNSPECIFIC, enchants={minecraft:mending=1, minecraft:unbreaking=2}, repair-cost=3, Damage=142} x 1]
Given         : []
Target        : huy504689
[2026-08-07 13:46:12] [INFO]:
Spectator UUID: ee5defd3-4cd7-3cee-b5c6-69baf82ee141
Spectator Name: KhangNon
Taken         : [ELYTRA & UNSPECIFIC_META:{meta-type=UNSPECIFIC, enchants={minecraft:mending=1, minecraft:unbreaking=2}, repair-cost=3, Damage=144} x 1]
Given         : []
Target        : huy504689
[2026-08-07 13:46:12] [INFO]:
Spectator UUID: ee5defd3-4cd7-3cee-b5c6-69baf82ee141
Spectator Name: KhangNon
Taken         : [ELYTRA & UNSPECIFIC_META:{meta-type=UNSPECIFIC, enchants={minecraft:mending=1, minecraft:unbreaking=2}, repair-cost=3, Damage=144} x 1]
Given         : []
Target        : huy504689
[2026-08-07 13:46:12] [INFO]:
Spectator UUID: ee5defd3-4cd7-3cee-b5c6-69baf82ee141
Spectator Name: KhangNon
Taken         : [ELYTRA & UNSPECIFIC_META:{meta-type=UNSPECIFIC, enchants={minecraft:mending=1, minecraft:unbreaking=2}, repair-cost=3, Damage=144} x 1]
Given         : []
Target        : huy504689
[2026-08-07 13:46:12] [INFO]:
Spectator UUID: ee5defd3-4cd7-3cee-b5c6-69baf82ee141
Spectator Name: KhangNon
Taken         : [ELYTRA & UNSPECIFIC_META:{meta-type=UNSPECIFIC, enchants={minecraft:mending=1, minecraft:unbreaking=2}, repair-cost=3, Damage=144} x 1]
Given         : []
Target        : huy504689
[2026-08-10 13:07:02] [INFO]:
Spectator UUID: ee5defd3-4cd7-3cee-b5c6-69baf82ee141
Spectator Name: KhangNon
Taken         : [ELYTRA & UNSPECIFIC_META:{meta-type=UNSPECIFIC, Damage=164} x 1, FIREWORK_ROCKET x 33]
Given         : []
Target        : MeoBaos
[2026-08-10 21:02:56] [INFO]:
Spectator UUID: ee5defd3-4cd7-3cee-b5c6-69baf82ee141
Spectator Name: KhangNon
Taken         : [DIAMOND_PICKAXE & UNSPECIFIC_META:{meta-type=UNSPECIFIC, enchants={minecraft:efficiency=4, minecraft:mending=1, minecraft:silk_touch=1, minecraft:unbreaking=3}} x 1]
Given         : []
Target        : huy504689
[2026-08-10 21:02:56] [INFO]:
Spectator UUID: ee5defd3-4cd7-3cee-b5c6-69baf82ee141
Spectator Name: KhangNon
Taken         : [DIAMOND_PICKAXE & UNSPECIFIC_META:{meta-type=UNSPECIFIC, enchants={minecraft:efficiency=4, minecraft:mending=1, minecraft:silk_touch=1, minecraft:unbreaking=3}} x 1]
Given         : []
Target        : huy504689
[2026-08-10 21:04:58] [INFO]:
Spectator UUID: ee5defd3-4cd7-3cee-b5c6-69baf82ee141
Spectator Name: KhangNon
Taken         : []
Given         : [IRON_PICKAXE & UNSPECIFIC_META:{meta-type=UNSPECIFIC, display-name="Cúp Kim Cương Full Enchant", enchants={minecraft:binding_curse=1}, repair-cost=1} x 1]
Target        : huy504689
[2026-08-10 21:20:30] [INFO]:
Spectator UUID: ee5defd3-4cd7-3cee-b5c6-69baf82ee141
Spectator Name: KhangNon
Taken         : []
Given         : [ELYTRA x 1]
Target        : huy504689
[2026-08-10 21:20:30] [INFO]:
Spectator UUID: ee5defd3-4cd7-3cee-b5c6-69baf82ee141
Spectator Name: KhangNon
Taken         : []
Given         : [ELYTRA x 1]
Target        : huy504689
[2026-08-11 13:32:32] [INFO]:
Spectator UUID: ee5defd3-4cd7-3cee-b5c6-69baf82ee141
Spectator Name: KhangNon
Taken         : [ELYTRA & UNSPECIFIC_META:{meta-type=UNSPECIFIC, Damage=260} x 1]
Given         : []
Target        : huy504689
[2026-08-11 23:31:30] [INFO]:
Spectator UUID: ee5defd3-4cd7-3cee-b5c6-69baf82ee141
Spectator Name: KhangNon
Taken         : [DIAMOND_PICKAXE & UNSPECIFIC_META:{meta-type=UNSPECIFIC, enchants={minecraft:efficiency=4, minecraft:fortune=3, minecraft:unbreaking=3}, repair-cost=1, Damage=407} x 1]
Given         : []
Target        : _rammie
[2026-08-11 23:31:30] [INFO]:
Spectator UUID: ee5defd3-4cd7-3cee-b5c6-69baf82ee141
Spectator Name: KhangNon
Taken         : [DIAMOND_PICKAXE & UNSPECIFIC_META:{meta-type=UNSPECIFIC, enchants={minecraft:efficiency=4, minecraft:fortune=3, minecraft:unbreaking=3}, repair-cost=1, Damage=407} x 1]
Given         : []
Target        : _rammie
[2026-08-11 23:31:30] [INFO]:
Spectator UUID: ee5defd3-4cd7-3cee-b5c6-69baf82ee141
Spectator Name: KhangNon
Taken         : [DIAMOND_PICKAXE & UNSPECIFIC_META:{meta-type=UNSPECIFIC, enchants={minecraft:efficiency=4, minecraft:fortune=3, minecraft:unbreaking=3}, repair-cost=1, Damage=407} x 1]
Given         : []
Target        : _rammie
[2026-08-11 23:31:36] [INFO]:
Spectator UUID: ee5defd3-4cd7-3cee-b5c6-69baf82ee141
Spectator Name: KhangNon
Taken         : []
Given         : [DIAMOND_PICKAXE & UNSPECIFIC_META:{meta-type=UNSPECIFIC, enchants={minecraft:efficiency=4, minecraft:fortune=3, minecraft:unbreaking=3}, repair-cost=1, Damage=407} x 1]
Target        : _rammie
[2026-08-11 23:31:36] [INFO]:
Spectator UUID: ee5defd3-4cd7-3cee-b5c6-69baf82ee141
Spectator Name: KhangNon
Taken         : []
Given         : [DIAMOND_PICKAXE & UNSPECIFIC_META:{meta-type=UNSPECIFIC, enchants={minecraft:efficiency=4, minecraft:fortune=3, minecraft:unbreaking=3}, repair-cost=1, Damage=407} x 1]
Target        : _rammie
[2026-08-11 23:31:36] [INFO]:
Spectator UUID: ee5defd3-4cd7-3cee-b5c6-69baf82ee141
Spectator Name: KhangNon
Taken         : []
Given         : [DIAMOND_PICKAXE & UNSPECIFIC_META:{meta-type=UNSPECIFIC, enchants={minecraft:efficiency=4, minecraft:fortune=3, minecraft:unbreaking=3}, repair-cost=1, Damage=407} x 1]
Target        : _rammie
[2026-08-11 23:31:36] [INFO]:
Spectator UUID: ee5defd3-4cd7-3cee-b5c6-69baf82ee141
Spectator Name: KhangNon
Taken         : []
Given         : [DIAMOND_PICKAXE & UNSPECIFIC_META:{meta-type=UNSPECIFIC, enchants={minecraft:efficiency=4, minecraft:fortune=3, minecraft:unbreaking=3}, repair-cost=1, Damage=407} x 1]
Target        : _rammie
[2026-08-11 23:31:40] [INFO]:
Spectator UUID: ee5defd3-4cd7-3cee-b5c6-69baf82ee141
Spectator Name: KhangNon
Taken         : [DIAMOND_PICKAXE & UNSPECIFIC_META:{meta-type=UNSPECIFIC, enchants={minecraft:efficiency=4, minecraft:fortune=3, minecraft:unbreaking=3}, repair-cost=1, Damage=407} x 1, DIAMOND_SHOVEL & UNSPECIFIC_META:{meta-type=UNSPECIFIC, Damage=54} x 1, DIAMOND_SWORD & UNSPECIFIC_META:{meta-type=UNSPECIFIC, enchants={minecraft:fire_aspect=2, minecraft:looting=3, minecraft:mending=1, minecraft:sharpness=5, minecraft:unbreaking=3}, repair-cost=15} x 1, DIAMOND_AXE & UNSPECIFIC_META:{meta-type=UNSPECIFIC, Damage=766} x 1]
Given         : []
Target        : _rammie
[2026-08-11 23:31:40] [INFO]:
Spectator UUID: ee5defd3-4cd7-3cee-b5c6-69baf82ee141
Spectator Name: KhangNon
Taken         : [DIAMOND_PICKAXE & UNSPECIFIC_META:{meta-type=UNSPECIFIC, enchants={minecraft:efficiency=4, minecraft:fortune=3, minecraft:unbreaking=3}, repair-cost=1, Damage=407} x 1, DIAMOND_SHOVEL & UNSPECIFIC_META:{meta-type=UNSPECIFIC, Damage=54} x 1, DIAMOND_SWORD & UNSPECIFIC_META:{meta-type=UNSPECIFIC, enchants={minecraft:fire_aspect=2, minecraft:looting=3, minecraft:mending=1, minecraft:sharpness=5, minecraft:unbreaking=3}, repair-cost=15} x 1, DIAMOND_AXE & UNSPECIFIC_META:{meta-type=UNSPECIFIC, Damage=766} x 1]
Given         : []
Target        : _rammie
[2026-08-11 23:31:40] [INFO]:
Spectator UUID: ee5defd3-4cd7-3cee-b5c6-69baf82ee141
Spectator Name: KhangNon
Taken         : [DIAMOND_PICKAXE & UNSPECIFIC_META:{meta-type=UNSPECIFIC, enchants={minecraft:efficiency=4, minecraft:fortune=3, minecraft:unbreaking=3}, repair-cost=1, Damage=407} x 1, DIAMOND_SHOVEL & UNSPECIFIC_META:{meta-type=UNSPECIFIC, Damage=54} x 1, DIAMOND_SWORD & UNSPECIFIC_META:{meta-type=UNSPECIFIC, enchants={minecraft:fire_aspect=2, minecraft:looting=3, minecraft:mending=1, minecraft:sharpness=5, minecraft:unbreaking=3}, repair-cost=15} x 1, DIAMOND_AXE & UNSPECIFIC_META:{meta-type=UNSPECIFIC, Damage=766} x 1]
Given         : []
Target        : _rammie
[2026-08-11 23:31:40] [INFO]:
Spectator UUID: ee5defd3-4cd7-3cee-b5c6-69baf82ee141
Spectator Name: KhangNon
Taken         : [DIAMOND_PICKAXE & UNSPECIFIC_META:{meta-type=UNSPECIFIC, enchants={minecraft:efficiency=4, minecraft:fortune=3, minecraft:unbreaking=3}, repair-cost=1, Damage=407} x 1, DIAMOND_SHOVEL & UNSPECIFIC_META:{meta-type=UNSPECIFIC, Damage=54} x 1, DIAMOND_SWORD & UNSPECIFIC_META:{meta-type=UNSPECIFIC, enchants={minecraft:fire_aspect=2, minecraft:looting=3, minecraft:mending=1, minecraft:sharpness=5, minecraft:unbreaking=3}, repair-cost=15} x 1, DIAMOND_AXE & UNSPECIFIC_META:{meta-type=UNSPECIFIC, Damage=766} x 1]
Given         : []
Target        : _rammie
[2026-08-11 23:31:40] [INFO]:
Spectator UUID: ee5defd3-4cd7-3cee-b5c6-69baf82ee141
Spectator Name: KhangNon
Taken         : [DIAMOND_PICKAXE & UNSPECIFIC_META:{meta-type=UNSPECIFIC, enchants={minecraft:efficiency=4, minecraft:fortune=3, minecraft:unbreaking=3}, repair-cost=1, Damage=407} x 1, DIAMOND_SHOVEL & UNSPECIFIC_META:{meta-type=UNSPECIFIC, Damage=54} x 1, DIAMOND_SWORD & UNSPECIFIC_META:{meta-type=UNSPECIFIC, enchants={minecraft:fire_aspect=2, minecraft:looting=3, minecraft:mending=1, minecraft:sharpness=5, minecraft:unbreaking=3}, repair-cost=15} x 1, DIAMOND_AXE & UNSPECIFIC_META:{meta-type=UNSPECIFIC, Damage=766} x 1]
Given         : []
Target        : _rammie
[2026-08-11 23:31:45] [INFO]:
Spectator UUID: ee5defd3-4cd7-3cee-b5c6-69baf82ee141
Spectator Name: KhangNon
Taken         : []
Given         : [DIAMOND_AXE & UNSPECIFIC_META:{meta-type=UNSPECIFIC, Damage=766} x 1, DIAMOND_SWORD & UNSPECIFIC_META:{meta-type=UNSPECIFIC, enchants={minecraft:fire_aspect=2, minecraft:looting=3, minecraft:mending=1, minecraft:sharpness=5, minecraft:unbreaking=3}, repair-cost=15} x 1, DIAMOND_SHOVEL & UNSPECIFIC_META:{meta-type=UNSPECIFIC, Damage=54} x 1, DIAMOND_PICKAXE & UNSPECIFIC_META:{meta-type=UNSPECIFIC, enchants={minecraft:efficiency=4, minecraft:fortune=3, minecraft:unbreaking=3}, repair-cost=1, Damage=407} x 1]
Target        : _rammie
[2026-08-11 23:31:45] [INFO]:
Spectator UUID: ee5defd3-4cd7-3cee-b5c6-69baf82ee141
Spectator Name: KhangNon
Taken         : []
Given         : [DIAMOND_AXE & UNSPECIFIC_META:{meta-type=UNSPECIFIC, Damage=766} x 1, DIAMOND_SWORD & UNSPECIFIC_META:{meta-type=UNSPECIFIC, enchants={minecraft:fire_aspect=2, minecraft:looting=3, minecraft:mending=1, minecraft:sharpness=5, minecraft:unbreaking=3}, repair-cost=15} x 1, DIAMOND_SHOVEL & UNSPECIFIC_META:{meta-type=UNSPECIFIC, Damage=54} x 1, DIAMOND_PICKAXE & UNSPECIFIC_META:{meta-type=UNSPECIFIC, enchants={minecraft:efficiency=4, minecraft:fortune=3, minecraft:unbreaking=3}, repair-cost=1, Damage=407} x 1]
Target        : _rammie
[2026-08-11 23:31:45] [INFO]:
Spectator UUID: ee5defd3-4cd7-3cee-b5c6-69baf82ee141
Spectator Name: KhangNon
Taken         : []
Given         : [DIAMOND_AXE & UNSPECIFIC_META:{meta-type=UNSPECIFIC, Damage=766} x 1, DIAMOND_SWORD & UNSPECIFIC_META:{meta-type=UNSPECIFIC, enchants={minecraft:fire_aspect=2, minecraft:looting=3, minecraft:mending=1, minecraft:sharpness=5, minecraft:unbreaking=3}, repair-cost=15} x 1, DIAMOND_SHOVEL & UNSPECIFIC_META:{meta-type=UNSPECIFIC, Damage=54} x 1, DIAMOND_PICKAXE & UNSPECIFIC_META:{meta-type=UNSPECIFIC, enchants={minecraft:efficiency=4, minecraft:fortune=3, minecraft:unbreaking=3}, repair-cost=1, Damage=407} x 1]
Target        : _rammie
[2026-08-11 23:31:45] [INFO]:
Spectator UUID: ee5defd3-4cd7-3cee-b5c6-69baf82ee141
Spectator Name: KhangNon
Taken         : []
Given         : [DIAMOND_AXE & UNSPECIFIC_META:{meta-type=UNSPECIFIC, Damage=766} x 1, DIAMOND_SWORD & UNSPECIFIC_META:{meta-type=UNSPECIFIC, enchants={minecraft:fire_aspect=2, minecraft:looting=3, minecraft:mending=1, minecraft:sharpness=5, minecraft:unbreaking=3}, repair-cost=15} x 1, DIAMOND_SHOVEL & UNSPECIFIC_META:{meta-type=UNSPECIFIC, Damage=54} x 1, DIAMOND_PICKAXE & UNSPECIFIC_META:{meta-type=UNSPECIFIC, enchants={minecraft:efficiency=4, minecraft:fortune=3, minecraft:unbreaking=3}, repair-cost=1, Damage=407} x 1]
Target        : _rammie
[2026-08-11 23:31:45] [INFO]:
Spectator UUID: ee5defd3-4cd7-3cee-b5c6-69baf82ee141
Spectator Name: KhangNon
Taken         : []
Given         : [DIAMOND_AXE & UNSPECIFIC_META:{meta-type=UNSPECIFIC, Damage=766} x 1, DIAMOND_SWORD & UNSPECIFIC_META:{meta-type=UNSPECIFIC, enchants={minecraft:fire_aspect=2, minecraft:looting=3, minecraft:mending=1, minecraft:sharpness=5, minecraft:unbreaking=3}, repair-cost=15} x 1, DIAMOND_SHOVEL & UNSPECIFIC_META:{meta-type=UNSPECIFIC, Damage=54} x 1, DIAMOND_PICKAXE & UNSPECIFIC_META:{meta-type=UNSPECIFIC, enchants={minecraft:efficiency=4, minecraft:fortune=3, minecraft:unbreaking=3}, repair-cost=1, Damage=407} x 1]
Target        : _rammie
[2026-08-11 23:31:45] [INFO]:
Spectator UUID: ee5defd3-4cd7-3cee-b5c6-69baf82ee141
Spectator Name: KhangNon
Taken         : []
Given         : [DIAMOND_AXE & UNSPECIFIC_META:{meta-type=UNSPECIFIC, Damage=766} x 1, DIAMOND_SWORD & UNSPECIFIC_META:{meta-type=UNSPECIFIC, enchants={minecraft:fire_aspect=2, minecraft:looting=3, minecraft:mending=1, minecraft:sharpness=5, minecraft:unbreaking=3}, repair-cost=15} x 1, DIAMOND_SHOVEL & UNSPECIFIC_META:{meta-type=UNSPECIFIC, Damage=54} x 1, DIAMOND_PICKAXE & UNSPECIFIC_META:{meta-type=UNSPECIFIC, enchants={minecraft:efficiency=4, minecraft:fortune=3, minecraft:unbreaking=3}, repair-cost=1, Damage=407} x 1]
Target        : _rammie
[2026-08-11 23:31:58] [INFO]:
Spectator UUID: ee5defd3-4cd7-3cee-b5c6-69baf82ee141
Spectator Name: KhangNon
Taken         : [DIAMOND_PICKAXE & UNSPECIFIC_META:{meta-type=UNSPECIFIC, enchants={minecraft:efficiency=4, minecraft:fortune=3, minecraft:unbreaking=3}, repair-cost=1, Damage=407} x 1, DIAMOND_SHOVEL & UNSPECIFIC_META:{meta-type=UNSPECIFIC, Damage=54} x 1, DIAMOND_AXE & UNSPECIFIC_META:{meta-type=UNSPECIFIC, Damage=766} x 1, DIAMOND_SWORD & UNSPECIFIC_META:{meta-type=UNSPECIFIC, enchants={minecraft:fire_aspect=2, minecraft:looting=3, minecraft:mending=1, minecraft:sharpness=5, minecraft:unbreaking=3}, repair-cost=15} x 1]
Given         : []
Target        : _rammie
[2026-08-11 23:31:58] [INFO]:
Spectator UUID: ee5defd3-4cd7-3cee-b5c6-69baf82ee141
Spectator Name: KhangNon
Taken         : [DIAMOND_PICKAXE & UNSPECIFIC_META:{meta-type=UNSPECIFIC, enchants={minecraft:efficiency=4, minecraft:fortune=3, minecraft:unbreaking=3}, repair-cost=1, Damage=407} x 1, DIAMOND_SHOVEL & UNSPECIFIC_META:{meta-type=UNSPECIFIC, Damage=54} x 1, DIAMOND_AXE & UNSPECIFIC_META:{meta-type=UNSPECIFIC, Damage=766} x 1, DIAMOND_SWORD & UNSPECIFIC_META:{meta-type=UNSPECIFIC, enchants={minecraft:fire_aspect=2, minecraft:looting=3, minecraft:mending=1, minecraft:sharpness=5, minecraft:unbreaking=3}, repair-cost=15} x 1]
Given         : []
Target        : _rammie
[2026-08-11 23:31:58] [INFO]:
Spectator UUID: ee5defd3-4cd7-3cee-b5c6-69baf82ee141
Spectator Name: KhangNon
Taken         : [DIAMOND_PICKAXE & UNSPECIFIC_META:{meta-type=UNSPECIFIC, enchants={minecraft:efficiency=4, minecraft:fortune=3, minecraft:unbreaking=3}, repair-cost=1, Damage=407} x 1, DIAMOND_SHOVEL & UNSPECIFIC_META:{meta-type=UNSPECIFIC, Damage=54} x 1, DIAMOND_AXE & UNSPECIFIC_META:{meta-type=UNSPECIFIC, Damage=766} x 1, DIAMOND_SWORD & UNSPECIFIC_META:{meta-type=UNSPECIFIC, enchants={minecraft:fire_aspect=2, minecraft:looting=3, minecraft:mending=1, minecraft:sharpness=5, minecraft:unbreaking=3}, repair-cost=15} x 1]
Given         : []
Target        : _rammie
[2026-08-11 23:31:58] [INFO]:
Spectator UUID: ee5defd3-4cd7-3cee-b5c6-69baf82ee141
Spectator Name: KhangNon
Taken         : [DIAMOND_PICKAXE & UNSPECIFIC_META:{meta-type=UNSPECIFIC, enchants={minecraft:efficiency=4, minecraft:fortune=3, minecraft:unbreaking=3}, repair-cost=1, Damage=407} x 1, DIAMOND_SHOVEL & UNSPECIFIC_META:{meta-type=UNSPECIFIC, Damage=54} x 1, DIAMOND_AXE & UNSPECIFIC_META:{meta-type=UNSPECIFIC, Damage=766} x 1, DIAMOND_SWORD & UNSPECIFIC_META:{meta-type=UNSPECIFIC, enchants={minecraft:fire_aspect=2, minecraft:looting=3, minecraft:mending=1, minecraft:sharpness=5, minecraft:unbreaking=3}, repair-cost=15} x 1]
Given         : []
Target        : _rammie
[2026-08-11 23:31:58] [INFO]:
Spectator UUID: ee5defd3-4cd7-3cee-b5c6-69baf82ee141
Spectator Name: KhangNon
Taken         : [DIAMOND_PICKAXE & UNSPECIFIC_META:{meta-type=UNSPECIFIC, enchants={minecraft:efficiency=4, minecraft:fortune=3, minecraft:unbreaking=3}, repair-cost=1, Damage=407} x 1, DIAMOND_SHOVEL & UNSPECIFIC_META:{meta-type=UNSPECIFIC, Damage=54} x 1, DIAMOND_AXE & UNSPECIFIC_META:{meta-type=UNSPECIFIC, Damage=766} x 1, DIAMOND_SWORD & UNSPECIFIC_META:{meta-type=UNSPECIFIC, enchants={minecraft:fire_aspect=2, minecraft:looting=3, minecraft:mending=1, minecraft:sharpness=5, minecraft:unbreaking=3}, repair-cost=15} x 1]
Given         : []
Target        : _rammie
[2026-08-11 23:31:58] [INFO]:
Spectator UUID: ee5defd3-4cd7-3cee-b5c6-69baf82ee141
Spectator Name: KhangNon
Taken         : [DIAMOND_PICKAXE & UNSPECIFIC_META:{meta-type=UNSPECIFIC, enchants={minecraft:efficiency=4, minecraft:fortune=3, minecraft:unbreaking=3}, repair-cost=1, Damage=407} x 1, DIAMOND_SHOVEL & UNSPECIFIC_META:{meta-type=UNSPECIFIC, Damage=54} x 1, DIAMOND_AXE & UNSPECIFIC_META:{meta-type=UNSPECIFIC, Damage=766} x 1, DIAMOND_SWORD & UNSPECIFIC_META:{meta-type=UNSPECIFIC, enchants={minecraft:fire_aspect=2, minecraft:looting=3, minecraft:mending=1, minecraft:sharpness=5, minecraft:unbreaking=3}, repair-cost=15} x 1]
Given         : []
Target        : _rammie
[2026-08-11 23:31:58] [INFO]:
Spectator UUID: ee5defd3-4cd7-3cee-b5c6-69baf82ee141
Spectator Name: KhangNon
Taken         : [DIAMOND_PICKAXE & UNSPECIFIC_META:{meta-type=UNSPECIFIC, enchants={minecraft:efficiency=4, minecraft:fortune=3, minecraft:unbreaking=3}, repair-cost=1, Damage=407} x 1, DIAMOND_SHOVEL & UNSPECIFIC_META:{meta-type=UNSPECIFIC, Damage=54} x 1, DIAMOND_AXE & UNSPECIFIC_META:{meta-type=UNSPECIFIC, Damage=766} x 1, DIAMOND_SWORD & UNSPECIFIC_META:{meta-type=UNSPECIFIC, enchants={minecraft:fire_aspect=2, minecraft:looting=3, minecraft:mending=1, minecraft:sharpness=5, minecraft:unbreaking=3}, repair-cost=15} x 1]
Given         : []
Target        : _rammie
[2026-08-11 23:32:03] [INFO]:
Spectator UUID: ee5defd3-4cd7-3cee-b5c6-69baf82ee141
Spectator Name: KhangNon
Taken         : []
Given         : [DIAMOND_SWORD & UNSPECIFIC_META:{meta-type=UNSPECIFIC, enchants={minecraft:fire_aspect=2, minecraft:looting=3, minecraft:mending=1, minecraft:sharpness=5, minecraft:unbreaking=3}, repair-cost=15} x 1, DIAMOND_AXE & UNSPECIFIC_META:{meta-type=UNSPECIFIC, Damage=766} x 1, DIAMOND_SHOVEL & UNSPECIFIC_META:{meta-type=UNSPECIFIC, Damage=54} x 1, DIAMOND_PICKAXE & UNSPECIFIC_META:{meta-type=UNSPECIFIC, enchants={minecraft:efficiency=4, minecraft:fortune=3, minecraft:unbreaking=3}, repair-cost=1, Damage=407} x 1]
Target        : _rammie
[2026-08-11 23:32:03] [INFO]:
Spectator UUID: ee5defd3-4cd7-3cee-b5c6-69baf82ee141
Spectator Name: KhangNon
Taken         : []
Given         : [DIAMOND_SWORD & UNSPECIFIC_META:{meta-type=UNSPECIFIC, enchants={minecraft:fire_aspect=2, minecraft:looting=3, minecraft:mending=1, minecraft:sharpness=5, minecraft:unbreaking=3}, repair-cost=15} x 1, DIAMOND_AXE & UNSPECIFIC_META:{meta-type=UNSPECIFIC, Damage=766} x 1, DIAMOND_SHOVEL & UNSPECIFIC_META:{meta-type=UNSPECIFIC, Damage=54} x 1, DIAMOND_PICKAXE & UNSPECIFIC_META:{meta-type=UNSPECIFIC, enchants={minecraft:efficiency=4, minecraft:fortune=3, minecraft:unbreaking=3}, repair-cost=1, Damage=407} x 1]
Target        : _rammie
[2026-08-11 23:32:03] [INFO]:
Spectator UUID: ee5defd3-4cd7-3cee-b5c6-69baf82ee141
Spectator Name: KhangNon
Taken         : []
Given         : [DIAMOND_SWORD & UNSPECIFIC_META:{meta-type=UNSPECIFIC, enchants={minecraft:fire_aspect=2, minecraft:looting=3, minecraft:mending=1, minecraft:sharpness=5, minecraft:unbreaking=3}, repair-cost=15} x 1, DIAMOND_AXE & UNSPECIFIC_META:{meta-type=UNSPECIFIC, Damage=766} x 1, DIAMOND_SHOVEL & UNSPECIFIC_META:{meta-type=UNSPECIFIC, Damage=54} x 1, DIAMOND_PICKAXE & UNSPECIFIC_META:{meta-type=UNSPECIFIC, enchants={minecraft:efficiency=4, minecraft:fortune=3, minecraft:unbreaking=3}, repair-cost=1, Damage=407} x 1]
Target        : _rammie
[2026-08-11 23:32:03] [INFO]:
Spectator UUID: ee5defd3-4cd7-3cee-b5c6-69baf82ee141
Spectator Name: KhangNon
Taken         : []
Given         : [DIAMOND_SWORD & UNSPECIFIC_META:{meta-type=UNSPECIFIC, enchants={minecraft:fire_aspect=2, minecraft:looting=3, minecraft:mending=1, minecraft:sharpness=5, minecraft:unbreaking=3}, repair-cost=15} x 1, DIAMOND_AXE & UNSPECIFIC_META:{meta-type=UNSPECIFIC, Damage=766} x 1, DIAMOND_SHOVEL & UNSPECIFIC_META:{meta-type=UNSPECIFIC, Damage=54} x 1, DIAMOND_PICKAXE & UNSPECIFIC_META:{meta-type=UNSPECIFIC, enchants={minecraft:efficiency=4, minecraft:fortune=3, minecraft:unbreaking=3}, repair-cost=1, Damage=407} x 1]
Target        : _rammie
[2026-08-11 23:32:03] [INFO]:
Spectator UUID: ee5defd3-4cd7-3cee-b5c6-69baf82ee141
Spectator Name: KhangNon
Taken         : []
Given         : [DIAMOND_SWORD & UNSPECIFIC_META:{meta-type=UNSPECIFIC, enchants={minecraft:fire_aspect=2, minecraft:looting=3, minecraft:mending=1, minecraft:sharpness=5, minecraft:unbreaking=3}, repair-cost=15} x 1, DIAMOND_AXE & UNSPECIFIC_META:{meta-type=UNSPECIFIC, Damage=766} x 1, DIAMOND_SHOVEL & UNSPECIFIC_META:{meta-type=UNSPECIFIC, Damage=54} x 1, DIAMOND_PICKAXE & UNSPECIFIC_META:{meta-type=UNSPECIFIC, enchants={minecraft:efficiency=4, minecraft:fortune=3, minecraft:unbreaking=3}, repair-cost=1, Damage=407} x 1]
Target        : _rammie
[2026-08-11 23:32:03] [INFO]:
Spectator UUID: ee5defd3-4cd7-3cee-b5c6-69baf82ee141
Spectator Name: KhangNon
Taken         : []
Given         : [DIAMOND_SWORD & UNSPECIFIC_META:{meta-type=UNSPECIFIC, enchants={minecraft:fire_aspect=2, minecraft:looting=3, minecraft:mending=1, minecraft:sharpness=5, minecraft:unbreaking=3}, repair-cost=15} x 1, DIAMOND_AXE & UNSPECIFIC_META:{meta-type=UNSPECIFIC, Damage=766} x 1, DIAMOND_SHOVEL & UNSPECIFIC_META:{meta-type=UNSPECIFIC, Damage=54} x 1, DIAMOND_PICKAXE & UNSPECIFIC_META:{meta-type=UNSPECIFIC, enchants={minecraft:efficiency=4, minecraft:fortune=3, minecraft:unbreaking=3}, repair-cost=1, Damage=407} x 1]
Target        : _rammie
[2026-08-11 23:32:03] [INFO]:
Spectator UUID: ee5defd3-4cd7-3cee-b5c6-69baf82ee141
Spectator Name: KhangNon
Taken         : []
Given         : [DIAMOND_SWORD & UNSPECIFIC_META:{meta-type=UNSPECIFIC, enchants={minecraft:fire_aspect=2, minecraft:looting=3, minecraft:mending=1, minecraft:sharpness=5, minecraft:unbreaking=3}, repair-cost=15} x 1, DIAMOND_AXE & UNSPECIFIC_META:{meta-type=UNSPECIFIC, Damage=766} x 1, DIAMOND_SHOVEL & UNSPECIFIC_META:{meta-type=UNSPECIFIC, Damage=54} x 1, DIAMOND_PICKAXE & UNSPECIFIC_META:{meta-type=UNSPECIFIC, enchants={minecraft:efficiency=4, minecraft:fortune=3, minecraft:unbreaking=3}, repair-cost=1, Damage=407} x 1]
Target        : _rammie
[2026-08-11 23:32:03] [INFO]:
Spectator UUID: ee5defd3-4cd7-3cee-b5c6-69baf82ee141
Spectator Name: KhangNon
Taken         : []
Given         : [DIAMOND_SWORD & UNSPECIFIC_META:{meta-type=UNSPECIFIC, enchants={minecraft:fire_aspect=2, minecraft:looting=3, minecraft:mending=1, minecraft:sharpness=5, minecraft:unbreaking=3}, repair-cost=15} x 1, DIAMOND_AXE & UNSPECIFIC_META:{meta-type=UNSPECIFIC, Damage=766} x 1, DIAMOND_SHOVEL & UNSPECIFIC_META:{meta-type=UNSPECIFIC, Damage=54} x 1, DIAMOND_PICKAXE & UNSPECIFIC_META:{meta-type=UNSPECIFIC, enchants={minecraft:efficiency=4, minecraft:fortune=3, minecraft:unbreaking=3}, repair-cost=1, Damage=407} x 1]
Target        : _rammie
[2026-08-11 23:32:34] [INFO]:
Spectator UUID: ee5defd3-4cd7-3cee-b5c6-69baf82ee141
Spectator Name: KhangNon
Taken         : [DIAMOND_PICKAXE & UNSPECIFIC_META:{meta-type=UNSPECIFIC, enchants={minecraft:efficiency=4, minecraft:fortune=3, minecraft:unbreaking=3}, repair-cost=1, Damage=407} x 1, DIAMOND_SHOVEL & UNSPECIFIC_META:{meta-type=UNSPECIFIC, Damage=54} x 1, DIAMOND_SWORD & UNSPECIFIC_META:{meta-type=UNSPECIFIC, enchants={minecraft:fire_aspect=2, minecraft:looting=3, minecraft:mending=1, minecraft:sharpness=5, minecraft:unbreaking=3}, repair-cost=15} x 1, DIAMOND_AXE & UNSPECIFIC_META:{meta-type=UNSPECIFIC, Damage=768} x 1]
Given         : []
Target        : _rammie
[2026-08-11 23:32:34] [INFO]:
Spectator UUID: ee5defd3-4cd7-3cee-b5c6-69baf82ee141
Spectator Name: KhangNon
Taken         : [DIAMOND_PICKAXE & UNSPECIFIC_META:{meta-type=UNSPECIFIC, enchants={minecraft:efficiency=4, minecraft:fortune=3, minecraft:unbreaking=3}, repair-cost=1, Damage=407} x 1, DIAMOND_SHOVEL & UNSPECIFIC_META:{meta-type=UNSPECIFIC, Damage=54} x 1, DIAMOND_SWORD & UNSPECIFIC_META:{meta-type=UNSPECIFIC, enchants={minecraft:fire_aspect=2, minecraft:looting=3, minecraft:mending=1, minecraft:sharpness=5, minecraft:unbreaking=3}, repair-cost=15} x 1, DIAMOND_AXE & UNSPECIFIC_META:{meta-type=UNSPECIFIC, Damage=768} x 1]
Given         : []
Target        : _rammie
[2026-08-11 23:32:34] [INFO]:
Spectator UUID: ee5defd3-4cd7-3cee-b5c6-69baf82ee141
Spectator Name: KhangNon
Taken         : [DIAMOND_PICKAXE & UNSPECIFIC_META:{meta-type=UNSPECIFIC, enchants={minecraft:efficiency=4, minecraft:fortune=3, minecraft:unbreaking=3}, repair-cost=1, Damage=407} x 1, DIAMOND_SHOVEL & UNSPECIFIC_META:{meta-type=UNSPECIFIC, Damage=54} x 1, DIAMOND_SWORD & UNSPECIFIC_META:{meta-type=UNSPECIFIC, enchants={minecraft:fire_aspect=2, minecraft:looting=3, minecraft:mending=1, minecraft:sharpness=5, minecraft:unbreaking=3}, repair-cost=15} x 1, DIAMOND_AXE & UNSPECIFIC_META:{meta-type=UNSPECIFIC, Damage=768} x 1]
Given         : []
Target        : _rammie
[2026-08-11 23:32:34] [INFO]:
Spectator UUID: ee5defd3-4cd7-3cee-b5c6-69baf82ee141
Spectator Name: KhangNon
Taken         : [DIAMOND_PICKAXE & UNSPECIFIC_META:{meta-type=UNSPECIFIC, enchants={minecraft:efficiency=4, minecraft:fortune=3, minecraft:unbreaking=3}, repair-cost=1, Damage=407} x 1, DIAMOND_SHOVEL & UNSPECIFIC_META:{meta-type=UNSPECIFIC, Damage=54} x 1, DIAMOND_SWORD & UNSPECIFIC_META:{meta-type=UNSPECIFIC, enchants={minecraft:fire_aspect=2, minecraft:looting=3, minecraft:mending=1, minecraft:sharpness=5, minecraft:unbreaking=3}, repair-cost=15} x 1, DIAMOND_AXE & UNSPECIFIC_META:{meta-type=UNSPECIFIC, Damage=768} x 1]
Given         : []
Target        : _rammie
[2026-08-11 23:32:34] [INFO]:
Spectator UUID: ee5defd3-4cd7-3cee-b5c6-69baf82ee141
Spectator Name: KhangNon
Taken         : [DIAMOND_PICKAXE & UNSPECIFIC_META:{meta-type=UNSPECIFIC, enchants={minecraft:efficiency=4, minecraft:fortune=3, minecraft:unbreaking=3}, repair-cost=1, Damage=407} x 1, DIAMOND_SHOVEL & UNSPECIFIC_META:{meta-type=UNSPECIFIC, Damage=54} x 1, DIAMOND_SWORD & UNSPECIFIC_META:{meta-type=UNSPECIFIC, enchants={minecraft:fire_aspect=2, minecraft:looting=3, minecraft:mending=1, minecraft:sharpness=5, minecraft:unbreaking=3}, repair-cost=15} x 1, DIAMOND_AXE & UNSPECIFIC_META:{meta-type=UNSPECIFIC, Damage=768} x 1]
Given         : []
Target        : _rammie
[2026-08-11 23:32:34] [INFO]:
Spectator UUID: ee5defd3-4cd7-3cee-b5c6-69baf82ee141
Spectator Name: KhangNon
Taken         : [DIAMOND_PICKAXE & UNSPECIFIC_META:{meta-type=UNSPECIFIC, enchants={minecraft:efficiency=4, minecraft:fortune=3, minecraft:unbreaking=3}, repair-cost=1, Damage=407} x 1, DIAMOND_SHOVEL & UNSPECIFIC_META:{meta-type=UNSPECIFIC, Damage=54} x 1, DIAMOND_SWORD & UNSPECIFIC_META:{meta-type=UNSPECIFIC, enchants={minecraft:fire_aspect=2, minecraft:looting=3, minecraft:mending=1, minecraft:sharpness=5, minecraft:unbreaking=3}, repair-cost=15} x 1, DIAMOND_AXE & UNSPECIFIC_META:{meta-type=UNSPECIFIC, Damage=768} x 1]
Given         : []
Target        : _rammie
[2026-08-11 23:32:34] [INFO]:
Spectator UUID: ee5defd3-4cd7-3cee-b5c6-69baf82ee141
Spectator Name: KhangNon
Taken         : [DIAMOND_PICKAXE & UNSPECIFIC_META:{meta-type=UNSPECIFIC, enchants={minecraft:efficiency=4, minecraft:fortune=3, minecraft:unbreaking=3}, repair-cost=1, Damage=407} x 1, DIAMOND_SHOVEL & UNSPECIFIC_META:{meta-type=UNSPECIFIC, Damage=54} x 1, DIAMOND_SWORD & UNSPECIFIC_META:{meta-type=UNSPECIFIC, enchants={minecraft:fire_aspect=2, minecraft:looting=3, minecraft:mending=1, minecraft:sharpness=5, minecraft:unbreaking=3}, repair-cost=15} x 1, DIAMOND_AXE & UNSPECIFIC_META:{meta-type=UNSPECIFIC, Damage=768} x 1]
Given         : []
Target        : _rammie
[2026-08-11 23:32:34] [INFO]:
Spectator UUID: ee5defd3-4cd7-3cee-b5c6-69baf82ee141
Spectator Name: KhangNon
Taken         : [DIAMOND_PICKAXE & UNSPECIFIC_META:{meta-type=UNSPECIFIC, enchants={minecraft:efficiency=4, minecraft:fortune=3, minecraft:unbreaking=3}, repair-cost=1, Damage=407} x 1, DIAMOND_SHOVEL & UNSPECIFIC_META:{meta-type=UNSPECIFIC, Damage=54} x 1, DIAMOND_SWORD & UNSPECIFIC_META:{meta-type=UNSPECIFIC, enchants={minecraft:fire_aspect=2, minecraft:looting=3, minecraft:mending=1, minecraft:sharpness=5, minecraft:unbreaking=3}, repair-cost=15} x 1, DIAMOND_AXE & UNSPECIFIC_META:{meta-type=UNSPECIFIC, Damage=768} x 1]
Given         : []
Target        : _rammie
[2026-08-11 23:32:34] [INFO]:
Spectator UUID: ee5defd3-4cd7-3cee-b5c6-69baf82ee141
Spectator Name: KhangNon
Taken         : [DIAMOND_PICKAXE & UNSPECIFIC_META:{meta-type=UNSPECIFIC, enchants={minecraft:efficiency=4, minecraft:fortune=3, minecraft:unbreaking=3}, repair-cost=1, Damage=407} x 1, DIAMOND_SHOVEL & UNSPECIFIC_META:{meta-type=UNSPECIFIC, Damage=54} x 1, DIAMOND_SWORD & UNSPECIFIC_META:{meta-type=UNSPECIFIC, enchants={minecraft:fire_aspect=2, minecraft:looting=3, minecraft:mending=1, minecraft:sharpness=5, minecraft:unbreaking=3}, repair-cost=15} x 1, DIAMOND_AXE & UNSPECIFIC_META:{meta-type=UNSPECIFIC, Damage=768} x 1]
Given         : []
Target        : _rammie
[2026-08-11 23:45:56] [INFO]:
Spectator UUID: ee5defd3-4cd7-3cee-b5c6-69baf82ee141
Spectator Name: KhangNon
Taken         : [DIAMOND_CHESTPLATE & ARMOR_META:{meta-type=ARMOR, enchants={minecraft:mending=1, minecraft:protection=4, minecraft:thorns=3, minecraft:unbreaking=3}, repair-cost=7} x 1]
Given         : []
Target        : _rammie
[2026-08-13 00:12:57] [INFO]:
Spectator UUID: ee5defd3-4cd7-3cee-b5c6-69baf82ee141
Spectator Name: KhangNon
Taken         : [WARDEN_SPAWN_EGG x 1, TOTEM_OF_UNDYING x 1, DIAMOND_HELMET & ARMOR_META:{meta-type=ARMOR, enchants={minecraft:aqua_affinity=1, minecraft:mending=1, minecraft:protection=4, minecraft:unbreaking=3}, repair-cost=7, Damage=1} x 1, DIAMOND_CHESTPLATE & ARMOR_META:{meta-type=ARMOR, enchants={minecraft:mending=1, minecraft:protection=4, minecraft:thorns=2, minecraft:unbreaking=3}, repair-cost=1, Damage=1} x 1, DIAMOND_LEGGINGS & ARMOR_META:{meta-type=ARMOR, Damage=119} x 1, DIAMOND_BOOTS & ARMOR_META:{meta-type=ARMOR, Damage=150} x 1, WAXED_EXPOSED_COPPER_BULB x 4, PAPER x 36, FLINT x 1, SANDSTONE x 10, ACACIA_PLANKS x 20, BOW x 1, NETHERRACK x 5, ARROW x 38, STRING x 2, ACACIA_SLAB x 2, DIAMOND x 12, DIAMOND_SHOVEL & UNSPECIFIC_META:{meta-type=UNSPECIFIC, enchants={minecraft:efficiency=3, minecraft:fortune=2, minecraft:unbreaking=3}, Damage=45} x 1, BOOK x 11, WHITE_BED x 1, CARVED_PUMPKIN x 1, SPIDER_EYE x 2, SHEARS & UNSPECIFIC_META:{meta-type=UNSPECIFIC, Damage=151} x 1, ENDER_PEARL x 29, WRITTEN_BOOK & BOOK_SIGNED_META:{meta-type=BOOK_SIGNED, lore=[{"text":"","extra":[{"text":"Date: 13-08-2026","color":"gray","bold":false,"italic":false,"underlined":false,"strikethrough":false,"obfuscated":false}]}], title=§c_rammie's Obituary, author=Enderman, pages=[{"text":"","extra":["         Obituary         \n-------------------\n  Name: _rammie\n  Cause: Enderman\n  Date: 13-08-2026\n  Items: 0\n  Exp: 140\n  Location:\n    World: World The End\n    X: -227.5\n    Y: 44.5\n    Z: 64.5"]}]} x 1, DIAMOND_AXE & UNSPECIFIC_META:{meta-type=UNSPECIFIC, Damage=991} x 1, RED_SAND x 1, LECTERN x 1, FLOW_BANNER_PATTERN x 1, FIREWORK_ROCKET x 33, GOLDEN_CARROT x 5, DIAMOND_PICKAXE & UNSPECIFIC_META:{meta-type=UNSPECIFIC, enchants={minecraft:efficiency=5, minecraft:fortune=3, minecraft:mending=1, minecraft:unbreaking=3}, repair-cost=3, Damage=16} x 1, COOKED_BEEF x 59, WATER_BUCKET x 1, BONE x 7, YELLOW_BED x 1, DIAMOND_SWORD & UNSPECIFIC_META:{meta-type=UNSPECIFIC, Damage=1346} x 1]
Given         : []
Target        : badluck_7th9
[2026-08-13 00:13:19] [INFO]:
Spectator UUID: ee5defd3-4cd7-3cee-b5c6-69baf82ee141
Spectator Name: KhangNon
Taken         : [SHIELD & SHIELD_META:{meta-type=SHIELD, Damage=66} x 1, DIAMOND_CHESTPLATE & ARMOR_META:{meta-type=ARMOR, Damage=210} x 1, GOLDEN_LEGGINGS & ARMOR_META:{meta-type=ARMOR, enchants={minecraft:mending=1}, Damage=18} x 1, NETHERRACK x 19, RAIL x 7, IRON_BOOTS & ARMOR_META:{meta-type=ARMOR, Damage=192} x 1, DIAMOND_PICKAXE & UNSPECIFIC_META:{meta-type=UNSPECIFIC, enchants={minecraft:efficiency=4, minecraft:unbreaking=3}, repair-cost=1, Damage=594} x 1, WATER_BUCKET x 1, GOLDEN_CARROT x 23, COBBLESTONE x 7, WRITTEN_BOOK & BOOK_SIGNED_META:{meta-type=BOOK_SIGNED, lore=[{"text":"","extra":[{"text":"Date: 13-08-2026","color":"gray","bold":false,"italic":false,"underlined":false,"strikethrough":false,"obfuscated":false}]}], title=§c_rammie's Obituary, author=Enderman, pages=[{"text":"","extra":["         Obituary         \n-------------------\n  Name: _rammie\n  Cause: Enderman\n  Date: 13-08-2026\n  Items: 0\n  Exp: 68\n  Location:\n    World: World The End\n    X: -239.5\n    Y: 44.5\n    Z: 63.5"]}]} x 1, SANDSTONE x 1, RED_SAND x 1, POWERED_RAIL x 5, ACACIA_PLANKS x 1, COBBLED_DEEPSLATE x 1]
Given         : []
Target        : _rammie
[2026-08-13 00:13:19] [INFO]:
Spectator UUID: ee5defd3-4cd7-3cee-b5c6-69baf82ee141
Spectator Name: KhangNon
Taken         : [SHIELD & SHIELD_META:{meta-type=SHIELD, Damage=66} x 1, DIAMOND_CHESTPLATE & ARMOR_META:{meta-type=ARMOR, Damage=210} x 1, GOLDEN_LEGGINGS & ARMOR_META:{meta-type=ARMOR, enchants={minecraft:mending=1}, Damage=18} x 1, NETHERRACK x 19, RAIL x 7, IRON_BOOTS & ARMOR_META:{meta-type=ARMOR, Damage=192} x 1, DIAMOND_PICKAXE & UNSPECIFIC_META:{meta-type=UNSPECIFIC, enchants={minecraft:efficiency=4, minecraft:unbreaking=3}, repair-cost=1, Damage=594} x 1, WATER_BUCKET x 1, GOLDEN_CARROT x 23, COBBLESTONE x 7, WRITTEN_BOOK & BOOK_SIGNED_META:{meta-type=BOOK_SIGNED, lore=[{"text":"","extra":[{"text":"Date: 13-08-2026","color":"gray","bold":false,"italic":false,"underlined":false,"strikethrough":false,"obfuscated":false}]}], title=§c_rammie's Obituary, author=Enderman, pages=[{"text":"","extra":["         Obituary         \n-------------------\n  Name: _rammie\n  Cause: Enderman\n  Date: 13-08-2026\n  Items: 0\n  Exp: 68\n  Location:\n    World: World The End\n    X: -239.5\n    Y: 44.5\n    Z: 63.5"]}]} x 1, SANDSTONE x 1, RED_SAND x 1, POWERED_RAIL x 5, ACACIA_PLANKS x 1, COBBLED_DEEPSLATE x 1]
Given         : []
Target        : _rammie
[2026-08-13 11:47:53] [INFO]:
Spectator UUID: ee5defd3-4cd7-3cee-b5c6-69baf82ee141
Spectator Name: KhangNon
Taken         : [NETHERITE_PICKAXE & UNSPECIFIC_META:{meta-type=UNSPECIFIC, enchants={excellentenchants:tunnel=3, minecraft:efficiency=5, minecraft:fortune=3, minecraft:mending=1, minecraft:unbreaking=3}, repair-cost=15, Damage=72} x 1]
Given         : []
Target        : huy504689
[2026-08-13 16:30:29] [INFO]:
Spectator UUID: ee5defd3-4cd7-3cee-b5c6-69baf82ee141
Spectator Name: KhangNon
Taken         : [BEDROCK x 64]
Given         : []
Target        : senfifai
[2026-08-13 16:48:57] [INFO]:
Spectator UUID: ee5defd3-4cd7-3cee-b5c6-69baf82ee141
Spectator Name: KhangNon
Taken         : [CARVED_PUMPKIN x 1]
Given         : []
Target        : toilasikibidi
[2026-08-13 16:50:50] [INFO]:
Spectator UUID: ee5defd3-4cd7-3cee-b5c6-69baf82ee141
Spectator Name: KhangNon
Taken         : [CARVED_PUMPKIN & UNSPECIFIC_META:{meta-type=UNSPECIFIC, enchants={minecraft:binding_curse=1}, repair-cost=1} x 1]
Given         : []
Target        : toilasikibidi
[2026-08-13 16:50:50] [INFO]:
Spectator UUID: ee5defd3-4cd7-3cee-b5c6-69baf82ee141
Spectator Name: KhangNon
Taken         : [CARVED_PUMPKIN & UNSPECIFIC_META:{meta-type=UNSPECIFIC, enchants={minecraft:binding_curse=1}, repair-cost=1} x 1]
Given         : []
Target        : toilasikibidi
[2026-08-13 16:50:50] [INFO]:
Spectator UUID: ee5defd3-4cd7-3cee-b5c6-69baf82ee141
Spectator Name: KhangNon
Taken         : [CARVED_PUMPKIN & UNSPECIFIC_META:{meta-type=UNSPECIFIC, enchants={minecraft:binding_curse=1}, repair-cost=1} x 1]
Given         : []
Target        : toilasikibidi
[2026-08-13 16:51:09] [INFO]:
Spectator UUID: ee5defd3-4cd7-3cee-b5c6-69baf82ee141
Spectator Name: KhangNon
Taken         : [DIAMOND_HELMET & ARMOR_META:{meta-type=ARMOR, enchants={minecraft:mending=1, minecraft:protection=3}, repair-cost=7, Damage=1} x 1]
Given         : [CARVED_PUMPKIN & UNSPECIFIC_META:{meta-type=UNSPECIFIC, enchants={minecraft:binding_curse=1}, repair-cost=1} x 1]
Target        : MinhAnh_112
[2026-08-13 16:51:09] [INFO]:
Spectator UUID: ee5defd3-4cd7-3cee-b5c6-69baf82ee141
Spectator Name: KhangNon
Taken         : [DIAMOND_HELMET & ARMOR_META:{meta-type=ARMOR, enchants={minecraft:mending=1, minecraft:protection=3}, repair-cost=7, Damage=1} x 1]
Given         : [CARVED_PUMPKIN & UNSPECIFIC_META:{meta-type=UNSPECIFIC, enchants={minecraft:binding_curse=1}, repair-cost=1} x 1]
Target        : MinhAnh_112
[2026-08-13 16:51:09] [INFO]:
Spectator UUID: ee5defd3-4cd7-3cee-b5c6-69baf82ee141
Spectator Name: KhangNon
Taken         : [DIAMOND_HELMET & ARMOR_META:{meta-type=ARMOR, enchants={minecraft:mending=1, minecraft:protection=3}, repair-cost=7, Damage=1} x 1]
Given         : [CARVED_PUMPKIN & UNSPECIFIC_META:{meta-type=UNSPECIFIC, enchants={minecraft:binding_curse=1}, repair-cost=1} x 1]
Target        : MinhAnh_112
[2026-08-13 16:51:09] [INFO]:
Spectator UUID: ee5defd3-4cd7-3cee-b5c6-69baf82ee141
Spectator Name: KhangNon
Taken         : [DIAMOND_HELMET & ARMOR_META:{meta-type=ARMOR, enchants={minecraft:mending=1, minecraft:protection=3}, repair-cost=7, Damage=1} x 1]
Given         : [CARVED_PUMPKIN & UNSPECIFIC_META:{meta-type=UNSPECIFIC, enchants={minecraft:binding_curse=1}, repair-cost=1} x 1]
Target        : MinhAnh_112
[2026-08-13 16:51:31] [INFO]:
Spectator UUID: ee5defd3-4cd7-3cee-b5c6-69baf82ee141
Spectator Name: KhangNon
Taken         : [CARVED_PUMPKIN & UNSPECIFIC_META:{meta-type=UNSPECIFIC, enchants={minecraft:binding_curse=1}, repair-cost=1} x 1]
Given         : [DIAMOND_HELMET & ARMOR_META:{meta-type=ARMOR, enchants={minecraft:mending=1, minecraft:protection=3}, repair-cost=7, Damage=1} x 1]
Target        : MinhAnh_112
[2026-08-13 16:51:31] [INFO]:
Spectator UUID: ee5defd3-4cd7-3cee-b5c6-69baf82ee141
Spectator Name: KhangNon
Taken         : [CARVED_PUMPKIN & UNSPECIFIC_META:{meta-type=UNSPECIFIC, enchants={minecraft:binding_curse=1}, repair-cost=1} x 1]
Given         : [DIAMOND_HELMET & ARMOR_META:{meta-type=ARMOR, enchants={minecraft:mending=1, minecraft:protection=3}, repair-cost=7, Damage=1} x 1]
Target        : MinhAnh_112
[2026-08-13 16:51:31] [INFO]:
Spectator UUID: ee5defd3-4cd7-3cee-b5c6-69baf82ee141
Spectator Name: KhangNon
Taken         : [CARVED_PUMPKIN & UNSPECIFIC_META:{meta-type=UNSPECIFIC, enchants={minecraft:binding_curse=1}, repair-cost=1} x 1]
Given         : [DIAMOND_HELMET & ARMOR_META:{meta-type=ARMOR, enchants={minecraft:mending=1, minecraft:protection=3}, repair-cost=7, Damage=1} x 1]
Target        : MinhAnh_112
[2026-08-13 16:51:31] [INFO]:
Spectator UUID: ee5defd3-4cd7-3cee-b5c6-69baf82ee141
Spectator Name: KhangNon
Taken         : [CARVED_PUMPKIN & UNSPECIFIC_META:{meta-type=UNSPECIFIC, enchants={minecraft:binding_curse=1}, repair-cost=1} x 1]
Given         : [DIAMOND_HELMET & ARMOR_META:{meta-type=ARMOR, enchants={minecraft:mending=1, minecraft:protection=3}, repair-cost=7, Damage=1} x 1]
Target        : MinhAnh_112
[2026-08-13 16:51:31] [INFO]:
Spectator UUID: ee5defd3-4cd7-3cee-b5c6-69baf82ee141
Spectator Name: KhangNon
Taken         : [CARVED_PUMPKIN & UNSPECIFIC_META:{meta-type=UNSPECIFIC, enchants={minecraft:binding_curse=1}, repair-cost=1} x 1]
Given         : [DIAMOND_HELMET & ARMOR_META:{meta-type=ARMOR, enchants={minecraft:mending=1, minecraft:protection=3}, repair-cost=7, Damage=1} x 1]
Target        : MinhAnh_112
[2026-08-13 16:51:31] [INFO]:
Spectator UUID: ee5defd3-4cd7-3cee-b5c6-69baf82ee141
Spectator Name: KhangNon
Taken         : [CARVED_PUMPKIN & UNSPECIFIC_META:{meta-type=UNSPECIFIC, enchants={minecraft:binding_curse=1}, repair-cost=1} x 1]
Given         : [DIAMOND_HELMET & ARMOR_META:{meta-type=ARMOR, enchants={minecraft:mending=1, minecraft:protection=3}, repair-cost=7, Damage=1} x 1]
Target        : MinhAnh_112
[2026-08-13 16:52:19] [INFO]:
Spectator UUID: ee5defd3-4cd7-3cee-b5c6-69baf82ee141
Spectator Name: KhangNon
Taken         : [NETHERITE_HELMET & ARMOR_META:{meta-type=ARMOR, enchants={minecraft:mending=1, minecraft:protection=4, minecraft:unbreaking=3}, repair-cost=1, trim={material=minecraft:amethyst, pattern=minecraft:spire}} x 1]
Given         : [CARVED_PUMPKIN & UNSPECIFIC_META:{meta-type=UNSPECIFIC, enchants={minecraft:binding_curse=1}, repair-cost=1} x 1]
Target        : _rammie
[2026-08-13 16:52:19] [INFO]:
Spectator UUID: ee5defd3-4cd7-3cee-b5c6-69baf82ee141
Spectator Name: KhangNon
Taken         : [NETHERITE_HELMET & ARMOR_META:{meta-type=ARMOR, enchants={minecraft:mending=1, minecraft:protection=4, minecraft:unbreaking=3}, repair-cost=1, trim={material=minecraft:amethyst, pattern=minecraft:spire}} x 1]
Given         : [CARVED_PUMPKIN & UNSPECIFIC_META:{meta-type=UNSPECIFIC, enchants={minecraft:binding_curse=1}, repair-cost=1} x 1]
Target        : _rammie
[2026-08-13 16:52:19] [INFO]:
Spectator UUID: ee5defd3-4cd7-3cee-b5c6-69baf82ee141
Spectator Name: KhangNon
Taken         : [NETHERITE_HELMET & ARMOR_META:{meta-type=ARMOR, enchants={minecraft:mending=1, minecraft:protection=4, minecraft:unbreaking=3}, repair-cost=1, trim={material=minecraft:amethyst, pattern=minecraft:spire}} x 1]
Given         : [CARVED_PUMPKIN & UNSPECIFIC_META:{meta-type=UNSPECIFIC, enchants={minecraft:binding_curse=1}, repair-cost=1} x 1]
Target        : _rammie
[2026-08-13 16:52:19] [INFO]:
Spectator UUID: ee5defd3-4cd7-3cee-b5c6-69baf82ee141
Spectator Name: KhangNon
Taken         : [NETHERITE_HELMET & ARMOR_META:{meta-type=ARMOR, enchants={minecraft:mending=1, minecraft:protection=4, minecraft:unbreaking=3}, repair-cost=1, trim={material=minecraft:amethyst, pattern=minecraft:spire}} x 1]
Given         : [CARVED_PUMPKIN & UNSPECIFIC_META:{meta-type=UNSPECIFIC, enchants={minecraft:binding_curse=1}, repair-cost=1} x 1]
Target        : _rammie
[2026-08-13 16:52:19] [INFO]:
Spectator UUID: ee5defd3-4cd7-3cee-b5c6-69baf82ee141
Spectator Name: KhangNon
Taken         : [NETHERITE_HELMET & ARMOR_META:{meta-type=ARMOR, enchants={minecraft:mending=1, minecraft:protection=4, minecraft:unbreaking=3}, repair-cost=1, trim={material=minecraft:amethyst, pattern=minecraft:spire}} x 1]
Given         : [CARVED_PUMPKIN & UNSPECIFIC_META:{meta-type=UNSPECIFIC, enchants={minecraft:binding_curse=1}, repair-cost=1} x 1]
Target        : _rammie
[2026-08-13 16:52:19] [INFO]:
Spectator UUID: ee5defd3-4cd7-3cee-b5c6-69baf82ee141
Spectator Name: KhangNon
Taken         : [NETHERITE_HELMET & ARMOR_META:{meta-type=ARMOR, enchants={minecraft:mending=1, minecraft:protection=4, minecraft:unbreaking=3}, repair-cost=1, trim={material=minecraft:amethyst, pattern=minecraft:spire}} x 1]
Given         : [CARVED_PUMPKIN & UNSPECIFIC_META:{meta-type=UNSPECIFIC, enchants={minecraft:binding_curse=1}, repair-cost=1} x 1]
Target        : _rammie
[2026-08-13 16:52:19] [INFO]:
Spectator UUID: ee5defd3-4cd7-3cee-b5c6-69baf82ee141
Spectator Name: KhangNon
Taken         : [NETHERITE_HELMET & ARMOR_META:{meta-type=ARMOR, enchants={minecraft:mending=1, minecraft:protection=4, minecraft:unbreaking=3}, repair-cost=1, trim={material=minecraft:amethyst, pattern=minecraft:spire}} x 1]
Given         : [CARVED_PUMPKIN & UNSPECIFIC_META:{meta-type=UNSPECIFIC, enchants={minecraft:binding_curse=1}, repair-cost=1} x 1]
Target        : _rammie
[2026-08-13 16:52:37] [INFO]:
Spectator UUID: ee5defd3-4cd7-3cee-b5c6-69baf82ee141
Spectator Name: KhangNon
Taken         : [CARVED_PUMPKIN & UNSPECIFIC_META:{meta-type=UNSPECIFIC, enchants={minecraft:binding_curse=1}, repair-cost=1} x 1]
Given         : []
Target        : _rammie
[2026-08-13 16:52:37] [INFO]:
Spectator UUID: ee5defd3-4cd7-3cee-b5c6-69baf82ee141
Spectator Name: KhangNon
Taken         : [CARVED_PUMPKIN & UNSPECIFIC_META:{meta-type=UNSPECIFIC, enchants={minecraft:binding_curse=1}, repair-cost=1} x 1]
Given         : []
Target        : _rammie
[2026-08-13 16:52:37] [INFO]:
Spectator UUID: ee5defd3-4cd7-3cee-b5c6-69baf82ee141
Spectator Name: KhangNon
Taken         : [CARVED_PUMPKIN & UNSPECIFIC_META:{meta-type=UNSPECIFIC, enchants={minecraft:binding_curse=1}, repair-cost=1} x 1]
Given         : []
Target        : _rammie
[2026-08-13 16:52:37] [INFO]:
Spectator UUID: ee5defd3-4cd7-3cee-b5c6-69baf82ee141
Spectator Name: KhangNon
Taken         : [CARVED_PUMPKIN & UNSPECIFIC_META:{meta-type=UNSPECIFIC, enchants={minecraft:binding_curse=1}, repair-cost=1} x 1]
Given         : []
Target        : _rammie
[2026-08-13 16:52:37] [INFO]:
Spectator UUID: ee5defd3-4cd7-3cee-b5c6-69baf82ee141
Spectator Name: KhangNon
Taken         : [CARVED_PUMPKIN & UNSPECIFIC_META:{meta-type=UNSPECIFIC, enchants={minecraft:binding_curse=1}, repair-cost=1} x 1]
Given         : []
Target        : _rammie
[2026-08-13 16:52:37] [INFO]:
Spectator UUID: ee5defd3-4cd7-3cee-b5c6-69baf82ee141
Spectator Name: KhangNon
Taken         : [CARVED_PUMPKIN & UNSPECIFIC_META:{meta-type=UNSPECIFIC, enchants={minecraft:binding_curse=1}, repair-cost=1} x 1]
Given         : []
Target        : _rammie
[2026-08-13 16:52:37] [INFO]:
Spectator UUID: ee5defd3-4cd7-3cee-b5c6-69baf82ee141
Spectator Name: KhangNon
Taken         : [CARVED_PUMPKIN & UNSPECIFIC_META:{meta-type=UNSPECIFIC, enchants={minecraft:binding_curse=1}, repair-cost=1} x 1]
Given         : []
Target        : _rammie
[2026-08-13 16:52:37] [INFO]:
Spectator UUID: ee5defd3-4cd7-3cee-b5c6-69baf82ee141
Spectator Name: KhangNon
Taken         : [CARVED_PUMPKIN & UNSPECIFIC_META:{meta-type=UNSPECIFIC, enchants={minecraft:binding_curse=1}, repair-cost=1} x 1]
Given         : []
Target        : _rammie
[2026-08-13 16:52:37] [INFO]:
Spectator UUID: ee5defd3-4cd7-3cee-b5c6-69baf82ee141
Spectator Name: KhangNon
Taken         : [CARVED_PUMPKIN & UNSPECIFIC_META:{meta-type=UNSPECIFIC, enchants={minecraft:binding_curse=1}, repair-cost=1} x 1]
Given         : []
Target        : _rammie
[2026-08-13 20:16:22] [INFO]:
Spectator UUID: ee5defd3-4cd7-3cee-b5c6-69baf82ee141
Spectator Name: KhangNon
Taken         : [DIAMOND_HELMET & ARMOR_META:{meta-type=ARMOR, enchants={minecraft:mending=1, minecraft:protection=3}, repair-cost=7, Damage=6} x 1]
Given         : [CARVED_PUMPKIN & UNSPECIFIC_META:{meta-type=UNSPECIFIC, enchants={minecraft:binding_curse=1}, repair-cost=1} x 1]
Target        : MinhAnh_112
[2026-08-13 20:16:34] [INFO]:
Spectator UUID: ee5defd3-4cd7-3cee-b5c6-69baf82ee141
Spectator Name: KhangNon
Taken         : [CARVED_PUMPKIN & UNSPECIFIC_META:{meta-type=UNSPECIFIC, enchants={minecraft:binding_curse=1}, repair-cost=1} x 1]
Given         : [DIAMOND_HELMET & ARMOR_META:{meta-type=ARMOR, enchants={minecraft:mending=1, minecraft:protection=3}, repair-cost=7, Damage=6} x 1]
Target        : MinhAnh_112
[2026-08-13 20:16:34] [INFO]:
Spectator UUID: ee5defd3-4cd7-3cee-b5c6-69baf82ee141
Spectator Name: KhangNon
Taken         : [CARVED_PUMPKIN & UNSPECIFIC_META:{meta-type=UNSPECIFIC, enchants={minecraft:binding_curse=1}, repair-cost=1} x 1]
Given         : [DIAMOND_HELMET & ARMOR_META:{meta-type=ARMOR, enchants={minecraft:mending=1, minecraft:protection=3}, repair-cost=7, Damage=6} x 1]
Target        : MinhAnh_112
[2026-08-13 20:16:50] [INFO]:
Spectator UUID: ee5defd3-4cd7-3cee-b5c6-69baf82ee141
Spectator Name: KhangNon
Taken         : [NETHERITE_HELMET & ARMOR_META:{meta-type=ARMOR, enchants={minecraft:aqua_affinity=1, minecraft:mending=1, minecraft:protection=4, minecraft:respiration=3, minecraft:thorns=2, minecraft:unbreaking=3}, repair-cost=15, trim={material=minecraft:diamond, pattern=minecraft:flow}} x 1]
Given         : [CARVED_PUMPKIN & UNSPECIFIC_META:{meta-type=UNSPECIFIC, enchants={minecraft:binding_curse=1}, repair-cost=1} x 1]
Target        : huy504689
[2026-08-13 20:16:50] [INFO]:
Spectator UUID: ee5defd3-4cd7-3cee-b5c6-69baf82ee141
Spectator Name: KhangNon
Taken         : [NETHERITE_HELMET & ARMOR_META:{meta-type=ARMOR, enchants={minecraft:aqua_affinity=1, minecraft:mending=1, minecraft:protection=4, minecraft:respiration=3, minecraft:thorns=2, minecraft:unbreaking=3}, repair-cost=15, trim={material=minecraft:diamond, pattern=minecraft:flow}} x 1]
Given         : [CARVED_PUMPKIN & UNSPECIFIC_META:{meta-type=UNSPECIFIC, enchants={minecraft:binding_curse=1}, repair-cost=1} x 1]
Target        : huy504689
[2026-08-13 20:16:50] [INFO]:
Spectator UUID: ee5defd3-4cd7-3cee-b5c6-69baf82ee141
Spectator Name: KhangNon
Taken         : [NETHERITE_HELMET & ARMOR_META:{meta-type=ARMOR, enchants={minecraft:aqua_affinity=1, minecraft:mending=1, minecraft:protection=4, minecraft:respiration=3, minecraft:thorns=2, minecraft:unbreaking=3}, repair-cost=15, trim={material=minecraft:diamond, pattern=minecraft:flow}} x 1]
Given         : [CARVED_PUMPKIN & UNSPECIFIC_META:{meta-type=UNSPECIFIC, enchants={minecraft:binding_curse=1}, repair-cost=1} x 1]
Target        : huy504689
[2026-08-13 20:17:05] [INFO]:
Spectator UUID: ee5defd3-4cd7-3cee-b5c6-69baf82ee141
Spectator Name: KhangNon
Taken         : [CARVED_PUMPKIN & UNSPECIFIC_META:{meta-type=UNSPECIFIC, enchants={minecraft:binding_curse=1}, repair-cost=1} x 1]
Given         : [NETHERITE_HELMET & ARMOR_META:{meta-type=ARMOR, enchants={minecraft:aqua_affinity=1, minecraft:mending=1, minecraft:protection=4, minecraft:respiration=3, minecraft:thorns=2, minecraft:unbreaking=3}, repair-cost=15, trim={material=minecraft:diamond, pattern=minecraft:flow}} x 1]
Target        : huy504689
[2026-08-13 20:17:05] [INFO]:
Spectator UUID: ee5defd3-4cd7-3cee-b5c6-69baf82ee141
Spectator Name: KhangNon
Taken         : [CARVED_PUMPKIN & UNSPECIFIC_META:{meta-type=UNSPECIFIC, enchants={minecraft:binding_curse=1}, repair-cost=1} x 1]
Given         : [NETHERITE_HELMET & ARMOR_META:{meta-type=ARMOR, enchants={minecraft:aqua_affinity=1, minecraft:mending=1, minecraft:protection=4, minecraft:respiration=3, minecraft:thorns=2, minecraft:unbreaking=3}, repair-cost=15, trim={material=minecraft:diamond, pattern=minecraft:flow}} x 1]
Target        : huy504689
[2026-08-13 20:17:05] [INFO]:
Spectator UUID: ee5defd3-4cd7-3cee-b5c6-69baf82ee141
Spectator Name: KhangNon
Taken         : [CARVED_PUMPKIN & UNSPECIFIC_META:{meta-type=UNSPECIFIC, enchants={minecraft:binding_curse=1}, repair-cost=1} x 1]
Given         : [NETHERITE_HELMET & ARMOR_META:{meta-type=ARMOR, enchants={minecraft:aqua_affinity=1, minecraft:mending=1, minecraft:protection=4, minecraft:respiration=3, minecraft:thorns=2, minecraft:unbreaking=3}, repair-cost=15, trim={material=minecraft:diamond, pattern=minecraft:flow}} x 1]
Target        : huy504689
[2026-08-13 20:17:05] [INFO]:
Spectator UUID: ee5defd3-4cd7-3cee-b5c6-69baf82ee141
Spectator Name: KhangNon
Taken         : [CARVED_PUMPKIN & UNSPECIFIC_META:{meta-type=UNSPECIFIC, enchants={minecraft:binding_curse=1}, repair-cost=1} x 1]
Given         : [NETHERITE_HELMET & ARMOR_META:{meta-type=ARMOR, enchants={minecraft:aqua_affinity=1, minecraft:mending=1, minecraft:protection=4, minecraft:respiration=3, minecraft:thorns=2, minecraft:unbreaking=3}, repair-cost=15, trim={material=minecraft:diamond, pattern=minecraft:flow}} x 1]
Target        : huy504689
[2026-08-13 20:29:16] [INFO]:
Spectator UUID: ee5defd3-4cd7-3cee-b5c6-69baf82ee141
Spectator Name: KhangNon
Taken         : [NETHERITE_HELMET & ARMOR_META:{meta-type=ARMOR, enchants={minecraft:aqua_affinity=1, minecraft:mending=1, minecraft:protection=4, minecraft:respiration=3, minecraft:thorns=2, minecraft:unbreaking=3}, repair-cost=15, trim={material=minecraft:diamond, pattern=minecraft:flow}} x 1]
Given         : [CARVED_PUMPKIN & UNSPECIFIC_META:{meta-type=UNSPECIFIC, enchants={minecraft:binding_curse=1}, repair-cost=1} x 1]
Target        : huy504689
[2026-08-13 20:30:11] [INFO]:
Spectator UUID: ee5defd3-4cd7-3cee-b5c6-69baf82ee141
Spectator Name: KhangNon
Taken         : [CARVED_PUMPKIN & UNSPECIFIC_META:{meta-type=UNSPECIFIC, enchants={minecraft:binding_curse=1}, repair-cost=1} x 1]
Given         : [NETHERITE_HELMET & ARMOR_META:{meta-type=ARMOR, enchants={minecraft:aqua_affinity=1, minecraft:mending=1, minecraft:protection=4, minecraft:respiration=3, minecraft:thorns=2, minecraft:unbreaking=3}, repair-cost=15, trim={material=minecraft:diamond, pattern=minecraft:flow}} x 1]
Target        : huy504689
[2026-08-13 22:36:07] [INFO]:
Spectator UUID: ee5defd3-4cd7-3cee-b5c6-69baf82ee141
Spectator Name: KhangNon
Taken         : [ELYTRA x 1, ELYTRA & UNSPECIFIC_META:{meta-type=UNSPECIFIC, display-name="Khang LGBT", enchants={minecraft:mending=1, minecraft:unbreaking=3}, repair-cost=7} x 1]
Given         : []
Target        : MinhAnh_112
[2026-08-13 22:37:44] [INFO]:
Spectator UUID: ee5defd3-4cd7-3cee-b5c6-69baf82ee141
Spectator Name: KhangNon
Taken         : []
Given         : [LILAC x 2, STICK x 1, GOLDEN_APPLE x 35, DIAMOND_SWORD & UNSPECIFIC_META:{meta-type=UNSPECIFIC, display-name="Bé Yêu Của Anh", enchants={minecraft:fire_aspect=2, minecraft:knockback=2, minecraft:looting=3, minecraft:mending=1, minecraft:sharpness=4, minecraft:sweeping_edge=3}, repair-cost=1} x 1, NETHERITE_PICKAXE & UNSPECIFIC_META:{meta-type=UNSPECIFIC, enchants={minecraft:efficiency=5, minecraft:fortune=3, minecraft:mending=1, minecraft:unbreaking=3}, repair-cost=15, Damage=25} x 1, NETHERITE_INGOT x 1, ARROW x 3, DIAMOND_SHOVEL & UNSPECIFIC_META:{meta-type=UNSPECIFIC, Damage=271} x 1, IRON_PICKAXE & UNSPECIFIC_META:{meta-type=UNSPECIFIC, Damage=79} x 1, DIRT x 2, NAME_TAG x 64, WATER_BUCKET x 1, FIREWORK_ROCKET x 10, BOOK x 124, SLIME_BALL x 28, BONE x 5, COBBLED_DEEPSLATE x 2, DEEPSLATE_BRICK_SLAB x 8, BUCKET x 8, ENDER_PEARL x 34, NETHERITE_AXE & UNSPECIFIC_META:{meta-type=UNSPECIFIC, enchants={minecraft:efficiency=4}, Damage=109} x 1]
Target        : MinhAnh_112
[2026-08-13 22:37:51] [INFO]:
Spectator UUID: ee5defd3-4cd7-3cee-b5c6-69baf82ee141
Spectator Name: KhangNon
Taken         : []
Given         : [DIAMOND_BOOTS & ARMOR_META:{meta-type=ARMOR, enchants={minecraft:mending=1}, repair-cost=1, Damage=43} x 1, LAPIS_LAZULI x 8, WRITTEN_BOOK & BOOK_SIGNED_META:{meta-type=BOOK_SIGNED, lore=[{"text":"","extra":[{"text":"Date: 13-08-2026","color":"gray","bold":false,"italic":false,"underlined":false,"strikethrough":false,"obfuscated":false}]}], title=§cMinhAnh_112's Obituary, author=KhangNon, pages=[{"text":"","extra":["         Obituary         \n-------------------\n  Name: MinhAnh_112\n  Cause: KhangNon\n  Date: 13-08-2026\n  Items: 0\n  Exp: 744\n  Location:\n    World: World\n    X: -5040.5\n    Y: 68.5\n    Z: -16747.5"]}]} x 1, DIAMOND_CHESTPLATE & ARMOR_META:{meta-type=ARMOR, enchants={minecraft:mending=1, minecraft:protection=3}, repair-cost=3, Damage=43} x 1, DIAMOND_LEGGINGS & ARMOR_META:{meta-type=ARMOR, enchants={minecraft:mending=1}, repair-cost=1, Damage=43} x 1, DIAMOND_HELMET & ARMOR_META:{meta-type=ARMOR, enchants={minecraft:mending=1, minecraft:protection=3}, repair-cost=7, Damage=43} x 1]
Target        : MinhAnh_112
[2026-08-13 22:37:51] [INFO]:
Spectator UUID: ee5defd3-4cd7-3cee-b5c6-69baf82ee141
Spectator Name: KhangNon
Taken         : []
Given         : [DIAMOND_BOOTS & ARMOR_META:{meta-type=ARMOR, enchants={minecraft:mending=1}, repair-cost=1, Damage=43} x 1, LAPIS_LAZULI x 8, WRITTEN_BOOK & BOOK_SIGNED_META:{meta-type=BOOK_SIGNED, lore=[{"text":"","extra":[{"text":"Date: 13-08-2026","color":"gray","bold":false,"italic":false,"underlined":false,"strikethrough":false,"obfuscated":false}]}], title=§cMinhAnh_112's Obituary, author=KhangNon, pages=[{"text":"","extra":["         Obituary         \n-------------------\n  Name: MinhAnh_112\n  Cause: KhangNon\n  Date: 13-08-2026\n  Items: 0\n  Exp: 744\n  Location:\n    World: World\n    X: -5040.5\n    Y: 68.5\n    Z: -16747.5"]}]} x 1, DIAMOND_CHESTPLATE & ARMOR_META:{meta-type=ARMOR, enchants={minecraft:mending=1, minecraft:protection=3}, repair-cost=3, Damage=43} x 1, DIAMOND_LEGGINGS & ARMOR_META:{meta-type=ARMOR, enchants={minecraft:mending=1}, repair-cost=1, Damage=43} x 1, DIAMOND_HELMET & ARMOR_META:{meta-type=ARMOR, enchants={minecraft:mending=1, minecraft:protection=3}, repair-cost=7, Damage=43} x 1]
Target        : MinhAnh_112
[2026-08-13 22:38:21] [INFO]:
Spectator UUID: ee5defd3-4cd7-3cee-b5c6-69baf82ee141
Spectator Name: KhangNon
Taken         : []
Given         : [ELYTRA & UNSPECIFIC_META:{meta-type=UNSPECIFIC, display-name="Khang LGBT", enchants={minecraft:mending=1, minecraft:unbreaking=3}, repair-cost=7} x 2]
Target        : MinhAnh_112
[2026-08-13 22:38:21] [INFO]:
Spectator UUID: ee5defd3-4cd7-3cee-b5c6-69baf82ee141
Spectator Name: KhangNon
Taken         : []
Given         : [ELYTRA & UNSPECIFIC_META:{meta-type=UNSPECIFIC, display-name="Khang LGBT", enchants={minecraft:mending=1, minecraft:unbreaking=3}, repair-cost=7} x 2]
Target        : MinhAnh_112
[2026-08-13 22:38:21] [INFO]:
Spectator UUID: ee5defd3-4cd7-3cee-b5c6-69baf82ee141
Spectator Name: KhangNon
Taken         : []
Given         : [ELYTRA & UNSPECIFIC_META:{meta-type=UNSPECIFIC, display-name="Khang LGBT", enchants={minecraft:mending=1, minecraft:unbreaking=3}, repair-cost=7} x 2]
Target        : MinhAnh_112
[2026-08-13 22:44:18] [INFO]:
Spectator UUID: ee5defd3-4cd7-3cee-b5c6-69baf82ee141
Spectator Name: KhangNon
Taken         : [NETHERITE_INGOT x 64]
Given         : []
Target        : MinhAnh_112
[2026-08-13 22:44:44] [INFO]:
Spectator UUID: ee5defd3-4cd7-3cee-b5c6-69baf82ee141
Spectator Name: KhangNon
Taken         : [NETHERITE_BLOCK x 64]
Given         : []
Target        : MinhAnh_112
[2026-08-13 22:44:44] [INFO]:
Spectator UUID: ee5defd3-4cd7-3cee-b5c6-69baf82ee141
Spectator Name: KhangNon
Taken         : [NETHERITE_BLOCK x 64]
Given         : []
Target        : MinhAnh_112
[2026-08-13 22:44:53] [INFO]:
Spectator UUID: ee5defd3-4cd7-3cee-b5c6-69baf82ee141
Spectator Name: KhangNon
Taken         : [NETHERITE_BLOCK x 64]
Given         : []
Target        : MinhAnh_112
[2026-08-13 22:44:53] [INFO]:
Spectator UUID: ee5defd3-4cd7-3cee-b5c6-69baf82ee141
Spectator Name: KhangNon
Taken         : [NETHERITE_BLOCK x 64]
Given         : []
Target        : MinhAnh_112
[2026-08-13 22:44:53] [INFO]:
Spectator UUID: ee5defd3-4cd7-3cee-b5c6-69baf82ee141
Spectator Name: KhangNon
Taken         : [NETHERITE_BLOCK x 64]
Given         : []
Target        : MinhAnh_112
[2026-08-13 22:44:53] [INFO]:
Spectator UUID: ee5defd3-4cd7-3cee-b5c6-69baf82ee141
Spectator Name: KhangNon
Taken         : [NETHERITE_BLOCK x 64]
Given         : []
Target        : MinhAnh_112
[2026-08-13 22:44:59] [INFO]:
Spectator UUID: ee5defd3-4cd7-3cee-b5c6-69baf82ee141
Spectator Name: KhangNon
Taken         : [NETHERITE_BLOCK x 64]
Given         : []
Target        : MinhAnh_112
[2026-08-13 22:44:59] [INFO]:
Spectator UUID: ee5defd3-4cd7-3cee-b5c6-69baf82ee141
Spectator Name: KhangNon
Taken         : [NETHERITE_BLOCK x 64]
Given         : []
Target        : MinhAnh_112
[2026-08-13 22:44:59] [INFO]:
Spectator UUID: ee5defd3-4cd7-3cee-b5c6-69baf82ee141
Spectator Name: KhangNon
Taken         : [NETHERITE_BLOCK x 64]
Given         : []
Target        : MinhAnh_112
[2026-08-13 22:44:59] [INFO]:
Spectator UUID: ee5defd3-4cd7-3cee-b5c6-69baf82ee141
Spectator Name: KhangNon
Taken         : [NETHERITE_BLOCK x 64]
Given         : []
Target        : MinhAnh_112
[2026-08-13 22:44:59] [INFO]:
Spectator UUID: ee5defd3-4cd7-3cee-b5c6-69baf82ee141
Spectator Name: KhangNon
Taken         : [NETHERITE_BLOCK x 64]
Given         : []
Target        : MinhAnh_112
[2026-08-13 22:44:59] [INFO]:
Spectator UUID: ee5defd3-4cd7-3cee-b5c6-69baf82ee141
Spectator Name: KhangNon
Taken         : [NETHERITE_BLOCK x 64]
Given         : []
Target        : MinhAnh_112
[2026-08-13 22:45:08] [INFO]:
Spectator UUID: ee5defd3-4cd7-3cee-b5c6-69baf82ee141
Spectator Name: KhangNon
Taken         : [NETHERITE_BLOCK x 64]
Given         : []
Target        : MinhAnh_112
[2026-08-13 22:45:08] [INFO]:
Spectator UUID: ee5defd3-4cd7-3cee-b5c6-69baf82ee141
Spectator Name: KhangNon
Taken         : [NETHERITE_BLOCK x 64]
Given         : []
Target        : MinhAnh_112
[2026-08-13 22:45:08] [INFO]:
Spectator UUID: ee5defd3-4cd7-3cee-b5c6-69baf82ee141
Spectator Name: KhangNon
Taken         : [NETHERITE_BLOCK x 64]
Given         : []
Target        : MinhAnh_112
[2026-08-13 22:45:08] [INFO]:
Spectator UUID: ee5defd3-4cd7-3cee-b5c6-69baf82ee141
Spectator Name: KhangNon
Taken         : [NETHERITE_BLOCK x 64]
Given         : []
Target        : MinhAnh_112
[2026-08-13 22:45:08] [INFO]:
Spectator UUID: ee5defd3-4cd7-3cee-b5c6-69baf82ee141
Spectator Name: KhangNon
Taken         : [NETHERITE_BLOCK x 64]
Given         : []
Target        : MinhAnh_112
[2026-08-13 22:45:08] [INFO]:
Spectator UUID: ee5defd3-4cd7-3cee-b5c6-69baf82ee141
Spectator Name: KhangNon
Taken         : [NETHERITE_BLOCK x 64]
Given         : []
Target        : MinhAnh_112
[2026-08-13 22:45:08] [INFO]:
Spectator UUID: ee5defd3-4cd7-3cee-b5c6-69baf82ee141
Spectator Name: KhangNon
Taken         : [NETHERITE_BLOCK x 64]
Given         : []
Target        : MinhAnh_112
[2026-08-13 22:45:26] [INFO]:
Spectator UUID: ee5defd3-4cd7-3cee-b5c6-69baf82ee141
Spectator Name: KhangNon
Taken         : [ELYTRA & UNSPECIFIC_META:{meta-type=UNSPECIFIC, display-name="Khang LGBT", enchants={minecraft:mending=1, minecraft:unbreaking=3}, repair-cost=7} x 3, NETHERITE_UPGRADE_SMITHING_TEMPLATE x 126, DIAMOND_LEGGINGS & ARMOR_META:{meta-type=ARMOR, enchants={minecraft:mending=1}, repair-cost=1} x 1, DIAMOND_CHESTPLATE & ARMOR_META:{meta-type=ARMOR, enchants={minecraft:mending=1, minecraft:protection=3}, repair-cost=3} x 1, DIAMOND_HELMET & ARMOR_META:{meta-type=ARMOR, enchants={minecraft:mending=1, minecraft:protection=3}, repair-cost=7} x 1, NAME_TAG x 128, COOKED_BEEF x 64, BUCKET x 8, ENDER_PEARL x 40, BOOK x 124, WATER_BUCKET x 1, DIAMOND_BOOTS & ARMOR_META:{meta-type=ARMOR, enchants={minecraft:mending=1}, repair-cost=1} x 1, LAPIS_LAZULI x 8, IRON_PICKAXE & UNSPECIFIC_META:{meta-type=UNSPECIFIC, Damage=79} x 1, NETHERITE_SWORD & UNSPECIFIC_META:{meta-type=UNSPECIFIC, display-name="Bé Yêu Của Anh", enchants={minecraft:fire_aspect=2, minecraft:knockback=2, minecraft:looting=3, minecraft:mending=1, minecraft:sharpness=4, minecraft:sweeping_edge=3}, repair-cost=1} x 1, NETHERITE_AXE & UNSPECIFIC_META:{meta-type=UNSPECIFIC, enchants={minecraft:efficiency=4}, Damage=109} x 1, NETHERITE_PICKAXE & UNSPECIFIC_META:{meta-type=UNSPECIFIC, enchants={minecraft:efficiency=5, minecraft:fortune=3, minecraft:mending=1, minecraft:unbreaking=3}, repair-cost=15, Damage=25} x 1, DIAMOND_SHOVEL & UNSPECIFIC_META:{meta-type=UNSPECIFIC, Damage=271} x 1, GOLDEN_APPLE x 35, FIREWORK_ROCKET x 10]
Given         : []
Target        : MinhAnh_112
[2026-08-13 22:45:26] [INFO]:
Spectator UUID: ee5defd3-4cd7-3cee-b5c6-69baf82ee141
Spectator Name: KhangNon
Taken         : [ELYTRA & UNSPECIFIC_META:{meta-type=UNSPECIFIC, display-name="Khang LGBT", enchants={minecraft:mending=1, minecraft:unbreaking=3}, repair-cost=7} x 3, NETHERITE_UPGRADE_SMITHING_TEMPLATE x 126, DIAMOND_LEGGINGS & ARMOR_META:{meta-type=ARMOR, enchants={minecraft:mending=1}, repair-cost=1} x 1, DIAMOND_CHESTPLATE & ARMOR_META:{meta-type=ARMOR, enchants={minecraft:mending=1, minecraft:protection=3}, repair-cost=3} x 1, DIAMOND_HELMET & ARMOR_META:{meta-type=ARMOR, enchants={minecraft:mending=1, minecraft:protection=3}, repair-cost=7} x 1, NAME_TAG x 128, COOKED_BEEF x 64, BUCKET x 8, ENDER_PEARL x 40, BOOK x 124, WATER_BUCKET x 1, DIAMOND_BOOTS & ARMOR_META:{meta-type=ARMOR, enchants={minecraft:mending=1}, repair-cost=1} x 1, LAPIS_LAZULI x 8, IRON_PICKAXE & UNSPECIFIC_META:{meta-type=UNSPECIFIC, Damage=79} x 1, NETHERITE_SWORD & UNSPECIFIC_META:{meta-type=UNSPECIFIC, display-name="Bé Yêu Của Anh", enchants={minecraft:fire_aspect=2, minecraft:knockback=2, minecraft:looting=3, minecraft:mending=1, minecraft:sharpness=4, minecraft:sweeping_edge=3}, repair-cost=1} x 1, NETHERITE_AXE & UNSPECIFIC_META:{meta-type=UNSPECIFIC, enchants={minecraft:efficiency=4}, Damage=109} x 1, NETHERITE_PICKAXE & UNSPECIFIC_META:{meta-type=UNSPECIFIC, enchants={minecraft:efficiency=5, minecraft:fortune=3, minecraft:mending=1, minecraft:unbreaking=3}, repair-cost=15, Damage=25} x 1, DIAMOND_SHOVEL & UNSPECIFIC_META:{meta-type=UNSPECIFIC, Damage=271} x 1, GOLDEN_APPLE x 35, FIREWORK_ROCKET x 10]
Given         : []
Target        : MinhAnh_112
[2026-08-13 22:45:26] [INFO]:
Spectator UUID: ee5defd3-4cd7-3cee-b5c6-69baf82ee141
Spectator Name: KhangNon
Taken         : [ELYTRA & UNSPECIFIC_META:{meta-type=UNSPECIFIC, display-name="Khang LGBT", enchants={minecraft:mending=1, minecraft:unbreaking=3}, repair-cost=7} x 3, NETHERITE_UPGRADE_SMITHING_TEMPLATE x 126, DIAMOND_LEGGINGS & ARMOR_META:{meta-type=ARMOR, enchants={minecraft:mending=1}, repair-cost=1} x 1, DIAMOND_CHESTPLATE & ARMOR_META:{meta-type=ARMOR, enchants={minecraft:mending=1, minecraft:protection=3}, repair-cost=3} x 1, DIAMOND_HELMET & ARMOR_META:{meta-type=ARMOR, enchants={minecraft:mending=1, minecraft:protection=3}, repair-cost=7} x 1, NAME_TAG x 128, COOKED_BEEF x 64, BUCKET x 8, ENDER_PEARL x 40, BOOK x 124, WATER_BUCKET x 1, DIAMOND_BOOTS & ARMOR_META:{meta-type=ARMOR, enchants={minecraft:mending=1}, repair-cost=1} x 1, LAPIS_LAZULI x 8, IRON_PICKAXE & UNSPECIFIC_META:{meta-type=UNSPECIFIC, Damage=79} x 1, NETHERITE_SWORD & UNSPECIFIC_META:{meta-type=UNSPECIFIC, display-name="Bé Yêu Của Anh", enchants={minecraft:fire_aspect=2, minecraft:knockback=2, minecraft:looting=3, minecraft:mending=1, minecraft:sharpness=4, minecraft:sweeping_edge=3}, repair-cost=1} x 1, NETHERITE_AXE & UNSPECIFIC_META:{meta-type=UNSPECIFIC, enchants={minecraft:efficiency=4}, Damage=109} x 1, NETHERITE_PICKAXE & UNSPECIFIC_META:{meta-type=UNSPECIFIC, enchants={minecraft:efficiency=5, minecraft:fortune=3, minecraft:mending=1, minecraft:unbreaking=3}, repair-cost=15, Damage=25} x 1, DIAMOND_SHOVEL & UNSPECIFIC_META:{meta-type=UNSPECIFIC, Damage=271} x 1, GOLDEN_APPLE x 35, FIREWORK_ROCKET x 10]
Given         : []
Target        : MinhAnh_112
[2026-08-13 22:45:26] [INFO]:
Spectator UUID: ee5defd3-4cd7-3cee-b5c6-69baf82ee141
Spectator Name: KhangNon
Taken         : [ELYTRA & UNSPECIFIC_META:{meta-type=UNSPECIFIC, display-name="Khang LGBT", enchants={minecraft:mending=1, minecraft:unbreaking=3}, repair-cost=7} x 3, NETHERITE_UPGRADE_SMITHING_TEMPLATE x 126, DIAMOND_LEGGINGS & ARMOR_META:{meta-type=ARMOR, enchants={minecraft:mending=1}, repair-cost=1} x 1, DIAMOND_CHESTPLATE & ARMOR_META:{meta-type=ARMOR, enchants={minecraft:mending=1, minecraft:protection=3}, repair-cost=3} x 1, DIAMOND_HELMET & ARMOR_META:{meta-type=ARMOR, enchants={minecraft:mending=1, minecraft:protection=3}, repair-cost=7} x 1, NAME_TAG x 128, COOKED_BEEF x 64, BUCKET x 8, ENDER_PEARL x 40, BOOK x 124, WATER_BUCKET x 1, DIAMOND_BOOTS & ARMOR_META:{meta-type=ARMOR, enchants={minecraft:mending=1}, repair-cost=1} x 1, LAPIS_LAZULI x 8, IRON_PICKAXE & UNSPECIFIC_META:{meta-type=UNSPECIFIC, Damage=79} x 1, NETHERITE_SWORD & UNSPECIFIC_META:{meta-type=UNSPECIFIC, display-name="Bé Yêu Của Anh", enchants={minecraft:fire_aspect=2, minecraft:knockback=2, minecraft:looting=3, minecraft:mending=1, minecraft:sharpness=4, minecraft:sweeping_edge=3}, repair-cost=1} x 1, NETHERITE_AXE & UNSPECIFIC_META:{meta-type=UNSPECIFIC, enchants={minecraft:efficiency=4}, Damage=109} x 1, NETHERITE_PICKAXE & UNSPECIFIC_META:{meta-type=UNSPECIFIC, enchants={minecraft:efficiency=5, minecraft:fortune=3, minecraft:mending=1, minecraft:unbreaking=3}, repair-cost=15, Damage=25} x 1, DIAMOND_SHOVEL & UNSPECIFIC_META:{meta-type=UNSPECIFIC, Damage=271} x 1, GOLDEN_APPLE x 35, FIREWORK_ROCKET x 10]
Given         : []
Target        : MinhAnh_112
[2026-08-13 22:45:26] [INFO]:
Spectator UUID: ee5defd3-4cd7-3cee-b5c6-69baf82ee141
Spectator Name: KhangNon
Taken         : [ELYTRA & UNSPECIFIC_META:{meta-type=UNSPECIFIC, display-name="Khang LGBT", enchants={minecraft:mending=1, minecraft:unbreaking=3}, repair-cost=7} x 3, NETHERITE_UPGRADE_SMITHING_TEMPLATE x 126, DIAMOND_LEGGINGS & ARMOR_META:{meta-type=ARMOR, enchants={minecraft:mending=1}, repair-cost=1} x 1, DIAMOND_CHESTPLATE & ARMOR_META:{meta-type=ARMOR, enchants={minecraft:mending=1, minecraft:protection=3}, repair-cost=3} x 1, DIAMOND_HELMET & ARMOR_META:{meta-type=ARMOR, enchants={minecraft:mending=1, minecraft:protection=3}, repair-cost=7} x 1, NAME_TAG x 128, COOKED_BEEF x 64, BUCKET x 8, ENDER_PEARL x 40, BOOK x 124, WATER_BUCKET x 1, DIAMOND_BOOTS & ARMOR_META:{meta-type=ARMOR, enchants={minecraft:mending=1}, repair-cost=1} x 1, LAPIS_LAZULI x 8, IRON_PICKAXE & UNSPECIFIC_META:{meta-type=UNSPECIFIC, Damage=79} x 1, NETHERITE_SWORD & UNSPECIFIC_META:{meta-type=UNSPECIFIC, display-name="Bé Yêu Của Anh", enchants={minecraft:fire_aspect=2, minecraft:knockback=2, minecraft:looting=3, minecraft:mending=1, minecraft:sharpness=4, minecraft:sweeping_edge=3}, repair-cost=1} x 1, NETHERITE_AXE & UNSPECIFIC_META:{meta-type=UNSPECIFIC, enchants={minecraft:efficiency=4}, Damage=109} x 1, NETHERITE_PICKAXE & UNSPECIFIC_META:{meta-type=UNSPECIFIC, enchants={minecraft:efficiency=5, minecraft:fortune=3, minecraft:mending=1, minecraft:unbreaking=3}, repair-cost=15, Damage=25} x 1, DIAMOND_SHOVEL & UNSPECIFIC_META:{meta-type=UNSPECIFIC, Damage=271} x 1, GOLDEN_APPLE x 35, FIREWORK_ROCKET x 10]
Given         : []
Target        : MinhAnh_112
[2026-08-13 22:45:26] [INFO]:
Spectator UUID: ee5defd3-4cd7-3cee-b5c6-69baf82ee141
Spectator Name: KhangNon
Taken         : [ELYTRA & UNSPECIFIC_META:{meta-type=UNSPECIFIC, display-name="Khang LGBT", enchants={minecraft:mending=1, minecraft:unbreaking=3}, repair-cost=7} x 3, NETHERITE_UPGRADE_SMITHING_TEMPLATE x 126, DIAMOND_LEGGINGS & ARMOR_META:{meta-type=ARMOR, enchants={minecraft:mending=1}, repair-cost=1} x 1, DIAMOND_CHESTPLATE & ARMOR_META:{meta-type=ARMOR, enchants={minecraft:mending=1, minecraft:protection=3}, repair-cost=3} x 1, DIAMOND_HELMET & ARMOR_META:{meta-type=ARMOR, enchants={minecraft:mending=1, minecraft:protection=3}, repair-cost=7} x 1, NAME_TAG x 128, COOKED_BEEF x 64, BUCKET x 8, ENDER_PEARL x 40, BOOK x 124, WATER_BUCKET x 1, DIAMOND_BOOTS & ARMOR_META:{meta-type=ARMOR, enchants={minecraft:mending=1}, repair-cost=1} x 1, LAPIS_LAZULI x 8, IRON_PICKAXE & UNSPECIFIC_META:{meta-type=UNSPECIFIC, Damage=79} x 1, NETHERITE_SWORD & UNSPECIFIC_META:{meta-type=UNSPECIFIC, display-name="Bé Yêu Của Anh", enchants={minecraft:fire_aspect=2, minecraft:knockback=2, minecraft:looting=3, minecraft:mending=1, minecraft:sharpness=4, minecraft:sweeping_edge=3}, repair-cost=1} x 1, NETHERITE_AXE & UNSPECIFIC_META:{meta-type=UNSPECIFIC, enchants={minecraft:efficiency=4}, Damage=109} x 1, NETHERITE_PICKAXE & UNSPECIFIC_META:{meta-type=UNSPECIFIC, enchants={minecraft:efficiency=5, minecraft:fortune=3, minecraft:mending=1, minecraft:unbreaking=3}, repair-cost=15, Damage=25} x 1, DIAMOND_SHOVEL & UNSPECIFIC_META:{meta-type=UNSPECIFIC, Damage=271} x 1, GOLDEN_APPLE x 35, FIREWORK_ROCKET x 10]
Given         : []
Target        : MinhAnh_112
[2026-08-13 22:45:26] [INFO]:
Spectator UUID: ee5defd3-4cd7-3cee-b5c6-69baf82ee141
Spectator Name: KhangNon
Taken         : [ELYTRA & UNSPECIFIC_META:{meta-type=UNSPECIFIC, display-name="Khang LGBT", enchants={minecraft:mending=1, minecraft:unbreaking=3}, repair-cost=7} x 3, NETHERITE_UPGRADE_SMITHING_TEMPLATE x 126, DIAMOND_LEGGINGS & ARMOR_META:{meta-type=ARMOR, enchants={minecraft:mending=1}, repair-cost=1} x 1, DIAMOND_CHESTPLATE & ARMOR_META:{meta-type=ARMOR, enchants={minecraft:mending=1, minecraft:protection=3}, repair-cost=3} x 1, DIAMOND_HELMET & ARMOR_META:{meta-type=ARMOR, enchants={minecraft:mending=1, minecraft:protection=3}, repair-cost=7} x 1, NAME_TAG x 128, COOKED_BEEF x 64, BUCKET x 8, ENDER_PEARL x 40, BOOK x 124, WATER_BUCKET x 1, DIAMOND_BOOTS & ARMOR_META:{meta-type=ARMOR, enchants={minecraft:mending=1}, repair-cost=1} x 1, LAPIS_LAZULI x 8, IRON_PICKAXE & UNSPECIFIC_META:{meta-type=UNSPECIFIC, Damage=79} x 1, NETHERITE_SWORD & UNSPECIFIC_META:{meta-type=UNSPECIFIC, display-name="Bé Yêu Của Anh", enchants={minecraft:fire_aspect=2, minecraft:knockback=2, minecraft:looting=3, minecraft:mending=1, minecraft:sharpness=4, minecraft:sweeping_edge=3}, repair-cost=1} x 1, NETHERITE_AXE & UNSPECIFIC_META:{meta-type=UNSPECIFIC, enchants={minecraft:efficiency=4}, Damage=109} x 1, NETHERITE_PICKAXE & UNSPECIFIC_META:{meta-type=UNSPECIFIC, enchants={minecraft:efficiency=5, minecraft:fortune=3, minecraft:mending=1, minecraft:unbreaking=3}, repair-cost=15, Damage=25} x 1, DIAMOND_SHOVEL & UNSPECIFIC_META:{meta-type=UNSPECIFIC, Damage=271} x 1, GOLDEN_APPLE x 35, FIREWORK_ROCKET x 10]
Given         : []
Target        : MinhAnh_112
[2026-08-13 22:45:26] [INFO]:
Spectator UUID: ee5defd3-4cd7-3cee-b5c6-69baf82ee141
Spectator Name: KhangNon
Taken         : [ELYTRA & UNSPECIFIC_META:{meta-type=UNSPECIFIC, display-name="Khang LGBT", enchants={minecraft:mending=1, minecraft:unbreaking=3}, repair-cost=7} x 3, NETHERITE_UPGRADE_SMITHING_TEMPLATE x 126, DIAMOND_LEGGINGS & ARMOR_META:{meta-type=ARMOR, enchants={minecraft:mending=1}, repair-cost=1} x 1, DIAMOND_CHESTPLATE & ARMOR_META:{meta-type=ARMOR, enchants={minecraft:mending=1, minecraft:protection=3}, repair-cost=3} x 1, DIAMOND_HELMET & ARMOR_META:{meta-type=ARMOR, enchants={minecraft:mending=1, minecraft:protection=3}, repair-cost=7} x 1, NAME_TAG x 128, COOKED_BEEF x 64, BUCKET x 8, ENDER_PEARL x 40, BOOK x 124, WATER_BUCKET x 1, DIAMOND_BOOTS & ARMOR_META:{meta-type=ARMOR, enchants={minecraft:mending=1}, repair-cost=1} x 1, LAPIS_LAZULI x 8, IRON_PICKAXE & UNSPECIFIC_META:{meta-type=UNSPECIFIC, Damage=79} x 1, NETHERITE_SWORD & UNSPECIFIC_META:{meta-type=UNSPECIFIC, display-name="Bé Yêu Của Anh", enchants={minecraft:fire_aspect=2, minecraft:knockback=2, minecraft:looting=3, minecraft:mending=1, minecraft:sharpness=4, minecraft:sweeping_edge=3}, repair-cost=1} x 1, NETHERITE_AXE & UNSPECIFIC_META:{meta-type=UNSPECIFIC, enchants={minecraft:efficiency=4}, Damage=109} x 1, NETHERITE_PICKAXE & UNSPECIFIC_META:{meta-type=UNSPECIFIC, enchants={minecraft:efficiency=5, minecraft:fortune=3, minecraft:mending=1, minecraft:unbreaking=3}, repair-cost=15, Damage=25} x 1, DIAMOND_SHOVEL & UNSPECIFIC_META:{meta-type=UNSPECIFIC, Damage=271} x 1, GOLDEN_APPLE x 35, FIREWORK_ROCKET x 10]
Given         : []
Target        : MinhAnh_112
[2026-08-13 22:45:36] [INFO]:
Spectator UUID: ee5defd3-4cd7-3cee-b5c6-69baf82ee141
Spectator Name: KhangNon
Taken         : [NAME_TAG x 192, ELYTRA & UNSPECIFIC_META:{meta-type=UNSPECIFIC, display-name="Khang LGBT", enchants={minecraft:mending=1, minecraft:unbreaking=3}, repair-cost=7} x 6, NETHERITE_UPGRADE_SMITHING_TEMPLATE x 189, ENDER_PEARL x 104, FIREWORK_ROCKET x 20, WATER_BUCKET x 3, DIAMOND_BOOTS & ARMOR_META:{meta-type=ARMOR, enchants={minecraft:mending=1}, repair-cost=1} x 3, LAPIS_LAZULI x 24, IRON_PICKAXE & UNSPECIFIC_META:{meta-type=UNSPECIFIC, Damage=79} x 3, NETHERITE_SWORD & UNSPECIFIC_META:{meta-type=UNSPECIFIC, display-name="Bé Yêu Của Anh", enchants={minecraft:fire_aspect=2, minecraft:knockback=2, minecraft:looting=3, minecraft:mending=1, minecraft:sharpness=4, minecraft:sweeping_edge=3}, repair-cost=1} x 2, NETHERITE_AXE & UNSPECIFIC_META:{meta-type=UNSPECIFIC, enchants={minecraft:efficiency=4}, Damage=109} x 2, NETHERITE_PICKAXE & UNSPECIFIC_META:{meta-type=UNSPECIFIC, enchants={minecraft:efficiency=5, minecraft:fortune=3, minecraft:mending=1, minecraft:unbreaking=3}, repair-cost=15, Damage=25} x 3, DIAMOND_SHOVEL & UNSPECIFIC_META:{meta-type=UNSPECIFIC, Damage=271} x 2, GOLDEN_APPLE x 70, BOOK x 308, BUCKET x 24, DIAMOND_CHESTPLATE & ARMOR_META:{meta-type=ARMOR, enchants={minecraft:mending=1, minecraft:protection=3}, repair-cost=3} x 2, DIAMOND_LEGGINGS & ARMOR_META:{meta-type=ARMOR, enchants={minecraft:mending=1}, repair-cost=1} x 2, DIAMOND_HELMET & ARMOR_META:{meta-type=ARMOR, enchants={minecraft:mending=1, minecraft:protection=3}, repair-cost=7} x 3, COOKED_BEEF x 128]
Given         : []
Target        : MinhAnh_112
[2026-08-13 22:45:36] [INFO]:
Spectator UUID: ee5defd3-4cd7-3cee-b5c6-69baf82ee141
Spectator Name: KhangNon
Taken         : [NAME_TAG x 192, ELYTRA & UNSPECIFIC_META:{meta-type=UNSPECIFIC, display-name="Khang LGBT", enchants={minecraft:mending=1, minecraft:unbreaking=3}, repair-cost=7} x 6, NETHERITE_UPGRADE_SMITHING_TEMPLATE x 189, ENDER_PEARL x 104, FIREWORK_ROCKET x 20, WATER_BUCKET x 3, DIAMOND_BOOTS & ARMOR_META:{meta-type=ARMOR, enchants={minecraft:mending=1}, repair-cost=1} x 3, LAPIS_LAZULI x 24, IRON_PICKAXE & UNSPECIFIC_META:{meta-type=UNSPECIFIC, Damage=79} x 3, NETHERITE_SWORD & UNSPECIFIC_META:{meta-type=UNSPECIFIC, display-name="Bé Yêu Của Anh", enchants={minecraft:fire_aspect=2, minecraft:knockback=2, minecraft:looting=3, minecraft:mending=1, minecraft:sharpness=4, minecraft:sweeping_edge=3}, repair-cost=1} x 2, NETHERITE_AXE & UNSPECIFIC_META:{meta-type=UNSPECIFIC, enchants={minecraft:efficiency=4}, Damage=109} x 2, NETHERITE_PICKAXE & UNSPECIFIC_META:{meta-type=UNSPECIFIC, enchants={minecraft:efficiency=5, minecraft:fortune=3, minecraft:mending=1, minecraft:unbreaking=3}, repair-cost=15, Damage=25} x 3, DIAMOND_SHOVEL & UNSPECIFIC_META:{meta-type=UNSPECIFIC, Damage=271} x 2, GOLDEN_APPLE x 70, BOOK x 308, BUCKET x 24, DIAMOND_CHESTPLATE & ARMOR_META:{meta-type=ARMOR, enchants={minecraft:mending=1, minecraft:protection=3}, repair-cost=3} x 2, DIAMOND_LEGGINGS & ARMOR_META:{meta-type=ARMOR, enchants={minecraft:mending=1}, repair-cost=1} x 2, DIAMOND_HELMET & ARMOR_META:{meta-type=ARMOR, enchants={minecraft:mending=1, minecraft:protection=3}, repair-cost=7} x 3, COOKED_BEEF x 128]
Given         : []
Target        : MinhAnh_112
[2026-08-13 22:45:36] [INFO]:
Spectator UUID: ee5defd3-4cd7-3cee-b5c6-69baf82ee141
Spectator Name: KhangNon
Taken         : [NAME_TAG x 192, ELYTRA & UNSPECIFIC_META:{meta-type=UNSPECIFIC, display-name="Khang LGBT", enchants={minecraft:mending=1, minecraft:unbreaking=3}, repair-cost=7} x 6, NETHERITE_UPGRADE_SMITHING_TEMPLATE x 189, ENDER_PEARL x 104, FIREWORK_ROCKET x 20, WATER_BUCKET x 3, DIAMOND_BOOTS & ARMOR_META:{meta-type=ARMOR, enchants={minecraft:mending=1}, repair-cost=1} x 3, LAPIS_LAZULI x 24, IRON_PICKAXE & UNSPECIFIC_META:{meta-type=UNSPECIFIC, Damage=79} x 3, NETHERITE_SWORD & UNSPECIFIC_META:{meta-type=UNSPECIFIC, display-name="Bé Yêu Của Anh", enchants={minecraft:fire_aspect=2, minecraft:knockback=2, minecraft:looting=3, minecraft:mending=1, minecraft:sharpness=4, minecraft:sweeping_edge=3}, repair-cost=1} x 2, NETHERITE_AXE & UNSPECIFIC_META:{meta-type=UNSPECIFIC, enchants={minecraft:efficiency=4}, Damage=109} x 2, NETHERITE_PICKAXE & UNSPECIFIC_META:{meta-type=UNSPECIFIC, enchants={minecraft:efficiency=5, minecraft:fortune=3, minecraft:mending=1, minecraft:unbreaking=3}, repair-cost=15, Damage=25} x 3, DIAMOND_SHOVEL & UNSPECIFIC_META:{meta-type=UNSPECIFIC, Damage=271} x 2, GOLDEN_APPLE x 70, BOOK x 308, BUCKET x 24, DIAMOND_CHESTPLATE & ARMOR_META:{meta-type=ARMOR, enchants={minecraft:mending=1, minecraft:protection=3}, repair-cost=3} x 2, DIAMOND_LEGGINGS & ARMOR_META:{meta-type=ARMOR, enchants={minecraft:mending=1}, repair-cost=1} x 2, DIAMOND_HELMET & ARMOR_META:{meta-type=ARMOR, enchants={minecraft:mending=1, minecraft:protection=3}, repair-cost=7} x 3, COOKED_BEEF x 128]
Given         : []
Target        : MinhAnh_112
[2026-08-13 22:45:36] [INFO]:
Spectator UUID: ee5defd3-4cd7-3cee-b5c6-69baf82ee141
Spectator Name: KhangNon
Taken         : [NAME_TAG x 192, ELYTRA & UNSPECIFIC_META:{meta-type=UNSPECIFIC, display-name="Khang LGBT", enchants={minecraft:mending=1, minecraft:unbreaking=3}, repair-cost=7} x 6, NETHERITE_UPGRADE_SMITHING_TEMPLATE x 189, ENDER_PEARL x 104, FIREWORK_ROCKET x 20, WATER_BUCKET x 3, DIAMOND_BOOTS & ARMOR_META:{meta-type=ARMOR, enchants={minecraft:mending=1}, repair-cost=1} x 3, LAPIS_LAZULI x 24, IRON_PICKAXE & UNSPECIFIC_META:{meta-type=UNSPECIFIC, Damage=79} x 3, NETHERITE_SWORD & UNSPECIFIC_META:{meta-type=UNSPECIFIC, display-name="Bé Yêu Của Anh", enchants={minecraft:fire_aspect=2, minecraft:knockback=2, minecraft:looting=3, minecraft:mending=1, minecraft:sharpness=4, minecraft:sweeping_edge=3}, repair-cost=1} x 2, NETHERITE_AXE & UNSPECIFIC_META:{meta-type=UNSPECIFIC, enchants={minecraft:efficiency=4}, Damage=109} x 2, NETHERITE_PICKAXE & UNSPECIFIC_META:{meta-type=UNSPECIFIC, enchants={minecraft:efficiency=5, minecraft:fortune=3, minecraft:mending=1, minecraft:unbreaking=3}, repair-cost=15, Damage=25} x 3, DIAMOND_SHOVEL & UNSPECIFIC_META:{meta-type=UNSPECIFIC, Damage=271} x 2, GOLDEN_APPLE x 70, BOOK x 308, BUCKET x 24, DIAMOND_CHESTPLATE & ARMOR_META:{meta-type=ARMOR, enchants={minecraft:mending=1, minecraft:protection=3}, repair-cost=3} x 2, DIAMOND_LEGGINGS & ARMOR_META:{meta-type=ARMOR, enchants={minecraft:mending=1}, repair-cost=1} x 2, DIAMOND_HELMET & ARMOR_META:{meta-type=ARMOR, enchants={minecraft:mending=1, minecraft:protection=3}, repair-cost=7} x 3, COOKED_BEEF x 128]
Given         : []
Target        : MinhAnh_112
[2026-08-13 22:45:36] [INFO]:
Spectator UUID: ee5defd3-4cd7-3cee-b5c6-69baf82ee141
Spectator Name: KhangNon
Taken         : [NAME_TAG x 192, ELYTRA & UNSPECIFIC_META:{meta-type=UNSPECIFIC, display-name="Khang LGBT", enchants={minecraft:mending=1, minecraft:unbreaking=3}, repair-cost=7} x 6, NETHERITE_UPGRADE_SMITHING_TEMPLATE x 189, ENDER_PEARL x 104, FIREWORK_ROCKET x 20, WATER_BUCKET x 3, DIAMOND_BOOTS & ARMOR_META:{meta-type=ARMOR, enchants={minecraft:mending=1}, repair-cost=1} x 3, LAPIS_LAZULI x 24, IRON_PICKAXE & UNSPECIFIC_META:{meta-type=UNSPECIFIC, Damage=79} x 3, NETHERITE_SWORD & UNSPECIFIC_META:{meta-type=UNSPECIFIC, display-name="Bé Yêu Của Anh", enchants={minecraft:fire_aspect=2, minecraft:knockback=2, minecraft:looting=3, minecraft:mending=1, minecraft:sharpness=4, minecraft:sweeping_edge=3}, repair-cost=1} x 2, NETHERITE_AXE & UNSPECIFIC_META:{meta-type=UNSPECIFIC, enchants={minecraft:efficiency=4}, Damage=109} x 2, NETHERITE_PICKAXE & UNSPECIFIC_META:{meta-type=UNSPECIFIC, enchants={minecraft:efficiency=5, minecraft:fortune=3, minecraft:mending=1, minecraft:unbreaking=3}, repair-cost=15, Damage=25} x 3, DIAMOND_SHOVEL & UNSPECIFIC_META:{meta-type=UNSPECIFIC, Damage=271} x 2, GOLDEN_APPLE x 70, BOOK x 308, BUCKET x 24, DIAMOND_CHESTPLATE & ARMOR_META:{meta-type=ARMOR, enchants={minecraft:mending=1, minecraft:protection=3}, repair-cost=3} x 2, DIAMOND_LEGGINGS & ARMOR_META:{meta-type=ARMOR, enchants={minecraft:mending=1}, repair-cost=1} x 2, DIAMOND_HELMET & ARMOR_META:{meta-type=ARMOR, enchants={minecraft:mending=1, minecraft:protection=3}, repair-cost=7} x 3, COOKED_BEEF x 128]
Given         : []
Target        : MinhAnh_112
[2026-08-13 22:45:36] [INFO]:
Spectator UUID: ee5defd3-4cd7-3cee-b5c6-69baf82ee141
Spectator Name: KhangNon
Taken         : [NAME_TAG x 192, ELYTRA & UNSPECIFIC_META:{meta-type=UNSPECIFIC, display-name="Khang LGBT", enchants={minecraft:mending=1, minecraft:unbreaking=3}, repair-cost=7} x 6, NETHERITE_UPGRADE_SMITHING_TEMPLATE x 189, ENDER_PEARL x 104, FIREWORK_ROCKET x 20, WATER_BUCKET x 3, DIAMOND_BOOTS & ARMOR_META:{meta-type=ARMOR, enchants={minecraft:mending=1}, repair-cost=1} x 3, LAPIS_LAZULI x 24, IRON_PICKAXE & UNSPECIFIC_META:{meta-type=UNSPECIFIC, Damage=79} x 3, NETHERITE_SWORD & UNSPECIFIC_META:{meta-type=UNSPECIFIC, display-name="Bé Yêu Của Anh", enchants={minecraft:fire_aspect=2, minecraft:knockback=2, minecraft:looting=3, minecraft:mending=1, minecraft:sharpness=4, minecraft:sweeping_edge=3}, repair-cost=1} x 2, NETHERITE_AXE & UNSPECIFIC_META:{meta-type=UNSPECIFIC, enchants={minecraft:efficiency=4}, Damage=109} x 2, NETHERITE_PICKAXE & UNSPECIFIC_META:{meta-type=UNSPECIFIC, enchants={minecraft:efficiency=5, minecraft:fortune=3, minecraft:mending=1, minecraft:unbreaking=3}, repair-cost=15, Damage=25} x 3, DIAMOND_SHOVEL & UNSPECIFIC_META:{meta-type=UNSPECIFIC, Damage=271} x 2, GOLDEN_APPLE x 70, BOOK x 308, BUCKET x 24, DIAMOND_CHESTPLATE & ARMOR_META:{meta-type=ARMOR, enchants={minecraft:mending=1, minecraft:protection=3}, repair-cost=3} x 2, DIAMOND_LEGGINGS & ARMOR_META:{meta-type=ARMOR, enchants={minecraft:mending=1}, repair-cost=1} x 2, DIAMOND_HELMET & ARMOR_META:{meta-type=ARMOR, enchants={minecraft:mending=1, minecraft:protection=3}, repair-cost=7} x 3, COOKED_BEEF x 128]
Given         : []
Target        : MinhAnh_112
[2026-08-13 22:45:36] [INFO]:
Spectator UUID: ee5defd3-4cd7-3cee-b5c6-69baf82ee141
Spectator Name: KhangNon
Taken         : [NAME_TAG x 192, ELYTRA & UNSPECIFIC_META:{meta-type=UNSPECIFIC, display-name="Khang LGBT", enchants={minecraft:mending=1, minecraft:unbreaking=3}, repair-cost=7} x 6, NETHERITE_UPGRADE_SMITHING_TEMPLATE x 189, ENDER_PEARL x 104, FIREWORK_ROCKET x 20, WATER_BUCKET x 3, DIAMOND_BOOTS & ARMOR_META:{meta-type=ARMOR, enchants={minecraft:mending=1}, repair-cost=1} x 3, LAPIS_LAZULI x 24, IRON_PICKAXE & UNSPECIFIC_META:{meta-type=UNSPECIFIC, Damage=79} x 3, NETHERITE_SWORD & UNSPECIFIC_META:{meta-type=UNSPECIFIC, display-name="Bé Yêu Của Anh", enchants={minecraft:fire_aspect=2, minecraft:knockback=2, minecraft:looting=3, minecraft:mending=1, minecraft:sharpness=4, minecraft:sweeping_edge=3}, repair-cost=1} x 2, NETHERITE_AXE & UNSPECIFIC_META:{meta-type=UNSPECIFIC, enchants={minecraft:efficiency=4}, Damage=109} x 2, NETHERITE_PICKAXE & UNSPECIFIC_META:{meta-type=UNSPECIFIC, enchants={minecraft:efficiency=5, minecraft:fortune=3, minecraft:mending=1, minecraft:unbreaking=3}, repair-cost=15, Damage=25} x 3, DIAMOND_SHOVEL & UNSPECIFIC_META:{meta-type=UNSPECIFIC, Damage=271} x 2, GOLDEN_APPLE x 70, BOOK x 308, BUCKET x 24, DIAMOND_CHESTPLATE & ARMOR_META:{meta-type=ARMOR, enchants={minecraft:mending=1, minecraft:protection=3}, repair-cost=3} x 2, DIAMOND_LEGGINGS & ARMOR_META:{meta-type=ARMOR, enchants={minecraft:mending=1}, repair-cost=1} x 2, DIAMOND_HELMET & ARMOR_META:{meta-type=ARMOR, enchants={minecraft:mending=1, minecraft:protection=3}, repair-cost=7} x 3, COOKED_BEEF x 128]
Given         : []
Target        : MinhAnh_112
[2026-08-13 22:45:36] [INFO]:
Spectator UUID: ee5defd3-4cd7-3cee-b5c6-69baf82ee141
Spectator Name: KhangNon
Taken         : [NAME_TAG x 192, ELYTRA & UNSPECIFIC_META:{meta-type=UNSPECIFIC, display-name="Khang LGBT", enchants={minecraft:mending=1, minecraft:unbreaking=3}, repair-cost=7} x 6, NETHERITE_UPGRADE_SMITHING_TEMPLATE x 189, ENDER_PEARL x 104, FIREWORK_ROCKET x 20, WATER_BUCKET x 3, DIAMOND_BOOTS & ARMOR_META:{meta-type=ARMOR, enchants={minecraft:mending=1}, repair-cost=1} x 3, LAPIS_LAZULI x 24, IRON_PICKAXE & UNSPECIFIC_META:{meta-type=UNSPECIFIC, Damage=79} x 3, NETHERITE_SWORD & UNSPECIFIC_META:{meta-type=UNSPECIFIC, display-name="Bé Yêu Của Anh", enchants={minecraft:fire_aspect=2, minecraft:knockback=2, minecraft:looting=3, minecraft:mending=1, minecraft:sharpness=4, minecraft:sweeping_edge=3}, repair-cost=1} x 2, NETHERITE_AXE & UNSPECIFIC_META:{meta-type=UNSPECIFIC, enchants={minecraft:efficiency=4}, Damage=109} x 2, NETHERITE_PICKAXE & UNSPECIFIC_META:{meta-type=UNSPECIFIC, enchants={minecraft:efficiency=5, minecraft:fortune=3, minecraft:mending=1, minecraft:unbreaking=3}, repair-cost=15, Damage=25} x 3, DIAMOND_SHOVEL & UNSPECIFIC_META:{meta-type=UNSPECIFIC, Damage=271} x 2, GOLDEN_APPLE x 70, BOOK x 308, BUCKET x 24, DIAMOND_CHESTPLATE & ARMOR_META:{meta-type=ARMOR, enchants={minecraft:mending=1, minecraft:protection=3}, repair-cost=3} x 2, DIAMOND_LEGGINGS & ARMOR_META:{meta-type=ARMOR, enchants={minecraft:mending=1}, repair-cost=1} x 2, DIAMOND_HELMET & ARMOR_META:{meta-type=ARMOR, enchants={minecraft:mending=1, minecraft:protection=3}, repair-cost=7} x 3, COOKED_BEEF x 128]
Given         : []
Target        : MinhAnh_112
[2026-08-13 22:45:36] [INFO]:
Spectator UUID: ee5defd3-4cd7-3cee-b5c6-69baf82ee141
Spectator Name: KhangNon
Taken         : [NAME_TAG x 192, ELYTRA & UNSPECIFIC_META:{meta-type=UNSPECIFIC, display-name="Khang LGBT", enchants={minecraft:mending=1, minecraft:unbreaking=3}, repair-cost=7} x 6, NETHERITE_UPGRADE_SMITHING_TEMPLATE x 189, ENDER_PEARL x 104, FIREWORK_ROCKET x 20, WATER_BUCKET x 3, DIAMOND_BOOTS & ARMOR_META:{meta-type=ARMOR, enchants={minecraft:mending=1}, repair-cost=1} x 3, LAPIS_LAZULI x 24, IRON_PICKAXE & UNSPECIFIC_META:{meta-type=UNSPECIFIC, Damage=79} x 3, NETHERITE_SWORD & UNSPECIFIC_META:{meta-type=UNSPECIFIC, display-name="Bé Yêu Của Anh", enchants={minecraft:fire_aspect=2, minecraft:knockback=2, minecraft:looting=3, minecraft:mending=1, minecraft:sharpness=4, minecraft:sweeping_edge=3}, repair-cost=1} x 2, NETHERITE_AXE & UNSPECIFIC_META:{meta-type=UNSPECIFIC, enchants={minecraft:efficiency=4}, Damage=109} x 2, NETHERITE_PICKAXE & UNSPECIFIC_META:{meta-type=UNSPECIFIC, enchants={minecraft:efficiency=5, minecraft:fortune=3, minecraft:mending=1, minecraft:unbreaking=3}, repair-cost=15, Damage=25} x 3, DIAMOND_SHOVEL & UNSPECIFIC_META:{meta-type=UNSPECIFIC, Damage=271} x 2, GOLDEN_APPLE x 70, BOOK x 308, BUCKET x 24, DIAMOND_CHESTPLATE & ARMOR_META:{meta-type=ARMOR, enchants={minecraft:mending=1, minecraft:protection=3}, repair-cost=3} x 2, DIAMOND_LEGGINGS & ARMOR_META:{meta-type=ARMOR, enchants={minecraft:mending=1}, repair-cost=1} x 2, DIAMOND_HELMET & ARMOR_META:{meta-type=ARMOR, enchants={minecraft:mending=1, minecraft:protection=3}, repair-cost=7} x 3, COOKED_BEEF x 128]
Given         : []
Target        : MinhAnh_112
[2026-08-13 22:46:00] [INFO]:
Spectator UUID: ee5defd3-4cd7-3cee-b5c6-69baf82ee141
Spectator Name: KhangNon
Taken         : [TOTEM_OF_UNDYING x 1, DIAMOND_HELMET & ARMOR_META:{meta-type=ARMOR, enchants={minecraft:protection=3}, Damage=127} x 1, DIAMOND_CHESTPLATE & ARMOR_META:{meta-type=ARMOR, enchants={minecraft:protection=4, minecraft:unbreaking=3}, Damage=154, trim={material=minecraft:gold, pattern=minecraft:snout}} x 1, DIAMOND_BOOTS & ARMOR_META:{meta-type=ARMOR, enchants={minecraft:depth_strider=3, minecraft:protection=4, minecraft:unbreaking=3}, Damage=144} x 1, DIAMOND_LEGGINGS & ARMOR_META:{meta-type=ARMOR, enchants={minecraft:protection=3, minecraft:unbreaking=3}, Damage=143} x 1, SPRUCE_LOG x 128, ENDER_PEARL x 3, BREAD x 70, SPRUCE_TRAPDOOR x 1, DIAMOND_PICKAXE & UNSPECIFIC_META:{meta-type=UNSPECIFIC, enchants={minecraft:efficiency=4, minecraft:fortune=3}, repair-cost=1, Damage=425} x 1, DIAMOND_SWORD & UNSPECIFIC_META:{meta-type=UNSPECIFIC, enchants={minecraft:knockback=2, minecraft:sharpness=3, minecraft:unbreaking=3}, Damage=448} x 1, DIAMOND_AXE & UNSPECIFIC_META:{meta-type=UNSPECIFIC, enchants={minecraft:efficiency=4, minecraft:fortune=3, minecraft:unbreaking=3}, Damage=153} x 1, DIAMOND_SHOVEL & UNSPECIFIC_META:{meta-type=UNSPECIFIC, enchants={minecraft:efficiency=4, minecraft:unbreaking=3}, Damage=35} x 1, SPRUCE_PLANKS x 80]
Given         : []
Target        : tysooon
[2026-08-13 22:46:06] [INFO]:
Spectator UUID: ee5defd3-4cd7-3cee-b5c6-69baf82ee141
Spectator Name: KhangNon
Taken         : [DIAMOND_HELMET & ARMOR_META:{meta-type=ARMOR, enchants={minecraft:protection=3}, Damage=127} x 1, DIAMOND_CHESTPLATE & ARMOR_META:{meta-type=ARMOR, enchants={minecraft:protection=4, minecraft:unbreaking=3}, Damage=154, trim={material=minecraft:gold, pattern=minecraft:snout}} x 1, DIAMOND_LEGGINGS & ARMOR_META:{meta-type=ARMOR, enchants={minecraft:protection=3, minecraft:unbreaking=3}, Damage=143} x 1, DIAMOND_BOOTS & ARMOR_META:{meta-type=ARMOR, enchants={minecraft:depth_strider=3, minecraft:protection=4, minecraft:unbreaking=3}, Damage=144} x 1, BREAD x 70, SPRUCE_TRAPDOOR x 1, SPRUCE_LOG x 128, DIAMOND_PICKAXE & UNSPECIFIC_META:{meta-type=UNSPECIFIC, enchants={minecraft:efficiency=4, minecraft:fortune=3}, repair-cost=1, Damage=425} x 1, DIAMOND_AXE & UNSPECIFIC_META:{meta-type=UNSPECIFIC, enchants={minecraft:efficiency=4, minecraft:fortune=3, minecraft:unbreaking=3}, Damage=153} x 1, DIAMOND_SWORD & UNSPECIFIC_META:{meta-type=UNSPECIFIC, enchants={minecraft:knockback=2, minecraft:sharpness=3, minecraft:unbreaking=3}, Damage=448} x 1, SPRUCE_PLANKS x 80, DIAMOND_SHOVEL & UNSPECIFIC_META:{meta-type=UNSPECIFIC, enchants={minecraft:efficiency=4, minecraft:unbreaking=3}, Damage=35} x 1, TOTEM_OF_UNDYING x 1, ENDER_PEARL x 3]
Given         : []
Target        : tysooon
[2026-08-13 22:46:06] [INFO]:
Spectator UUID: ee5defd3-4cd7-3cee-b5c6-69baf82ee141
Spectator Name: KhangNon
Taken         : [DIAMOND_HELMET & ARMOR_META:{meta-type=ARMOR, enchants={minecraft:protection=3}, Damage=127} x 1, DIAMOND_CHESTPLATE & ARMOR_META:{meta-type=ARMOR, enchants={minecraft:protection=4, minecraft:unbreaking=3}, Damage=154, trim={material=minecraft:gold, pattern=minecraft:snout}} x 1, DIAMOND_LEGGINGS & ARMOR_META:{meta-type=ARMOR, enchants={minecraft:protection=3, minecraft:unbreaking=3}, Damage=143} x 1, DIAMOND_BOOTS & ARMOR_META:{meta-type=ARMOR, enchants={minecraft:depth_strider=3, minecraft:protection=4, minecraft:unbreaking=3}, Damage=144} x 1, BREAD x 70, SPRUCE_TRAPDOOR x 1, SPRUCE_LOG x 128, DIAMOND_PICKAXE & UNSPECIFIC_META:{meta-type=UNSPECIFIC, enchants={minecraft:efficiency=4, minecraft:fortune=3}, repair-cost=1, Damage=425} x 1, DIAMOND_AXE & UNSPECIFIC_META:{meta-type=UNSPECIFIC, enchants={minecraft:efficiency=4, minecraft:fortune=3, minecraft:unbreaking=3}, Damage=153} x 1, DIAMOND_SWORD & UNSPECIFIC_META:{meta-type=UNSPECIFIC, enchants={minecraft:knockback=2, minecraft:sharpness=3, minecraft:unbreaking=3}, Damage=448} x 1, SPRUCE_PLANKS x 80, DIAMOND_SHOVEL & UNSPECIFIC_META:{meta-type=UNSPECIFIC, enchants={minecraft:efficiency=4, minecraft:unbreaking=3}, Damage=35} x 1, TOTEM_OF_UNDYING x 1, ENDER_PEARL x 3]
Given         : []
Target        : tysooon
[2026-08-13 22:46:14] [INFO]:
Spectator UUID: ee5defd3-4cd7-3cee-b5c6-69baf82ee141
Spectator Name: KhangNon
Taken         : [DIAMOND_HELMET & ARMOR_META:{meta-type=ARMOR, enchants={minecraft:protection=3}, Damage=127} x 1, DIAMOND_CHESTPLATE & ARMOR_META:{meta-type=ARMOR, enchants={minecraft:protection=4, minecraft:unbreaking=3}, Damage=154, trim={material=minecraft:gold, pattern=minecraft:snout}} x 1, DIAMOND_LEGGINGS & ARMOR_META:{meta-type=ARMOR, enchants={minecraft:protection=3, minecraft:unbreaking=3}, Damage=143} x 1, DIAMOND_BOOTS & ARMOR_META:{meta-type=ARMOR, enchants={minecraft:depth_strider=3, minecraft:protection=4, minecraft:unbreaking=3}, Damage=144} x 1, SPRUCE_TRAPDOOR x 1, BREAD x 70, SPRUCE_PLANKS x 80, TOTEM_OF_UNDYING x 1, SPRUCE_LOG x 128, ENDER_PEARL x 3, DIAMOND_AXE & UNSPECIFIC_META:{meta-type=UNSPECIFIC, enchants={minecraft:efficiency=4, minecraft:fortune=3, minecraft:unbreaking=3}, Damage=153} x 1, DIAMOND_PICKAXE & UNSPECIFIC_META:{meta-type=UNSPECIFIC, enchants={minecraft:efficiency=4, minecraft:fortune=3}, repair-cost=1, Damage=425} x 1, DIAMOND_SHOVEL & UNSPECIFIC_META:{meta-type=UNSPECIFIC, enchants={minecraft:efficiency=4, minecraft:unbreaking=3}, Damage=35} x 1, DIAMOND_SWORD & UNSPECIFIC_META:{meta-type=UNSPECIFIC, enchants={minecraft:knockback=2, minecraft:sharpness=3, minecraft:unbreaking=3}, Damage=448} x 1]
Given         : []
Target        : tysooon
[2026-08-13 22:46:14] [INFO]:
Spectator UUID: ee5defd3-4cd7-3cee-b5c6-69baf82ee141
Spectator Name: KhangNon
Taken         : [DIAMOND_HELMET & ARMOR_META:{meta-type=ARMOR, enchants={minecraft:protection=3}, Damage=127} x 1, DIAMOND_CHESTPLATE & ARMOR_META:{meta-type=ARMOR, enchants={minecraft:protection=4, minecraft:unbreaking=3}, Damage=154, trim={material=minecraft:gold, pattern=minecraft:snout}} x 1, DIAMOND_LEGGINGS & ARMOR_META:{meta-type=ARMOR, enchants={minecraft:protection=3, minecraft:unbreaking=3}, Damage=143} x 1, DIAMOND_BOOTS & ARMOR_META:{meta-type=ARMOR, enchants={minecraft:depth_strider=3, minecraft:protection=4, minecraft:unbreaking=3}, Damage=144} x 1, SPRUCE_TRAPDOOR x 1, BREAD x 70, SPRUCE_PLANKS x 80, TOTEM_OF_UNDYING x 1, SPRUCE_LOG x 128, ENDER_PEARL x 3, DIAMOND_AXE & UNSPECIFIC_META:{meta-type=UNSPECIFIC, enchants={minecraft:efficiency=4, minecraft:fortune=3, minecraft:unbreaking=3}, Damage=153} x 1, DIAMOND_PICKAXE & UNSPECIFIC_META:{meta-type=UNSPECIFIC, enchants={minecraft:efficiency=4, minecraft:fortune=3}, repair-cost=1, Damage=425} x 1, DIAMOND_SHOVEL & UNSPECIFIC_META:{meta-type=UNSPECIFIC, enchants={minecraft:efficiency=4, minecraft:unbreaking=3}, Damage=35} x 1, DIAMOND_SWORD & UNSPECIFIC_META:{meta-type=UNSPECIFIC, enchants={minecraft:knockback=2, minecraft:sharpness=3, minecraft:unbreaking=3}, Damage=448} x 1]
Given         : []
Target        : tysooon
[2026-08-13 22:46:14] [INFO]:
Spectator UUID: ee5defd3-4cd7-3cee-b5c6-69baf82ee141
Spectator Name: KhangNon
Taken         : [DIAMOND_HELMET & ARMOR_META:{meta-type=ARMOR, enchants={minecraft:protection=3}, Damage=127} x 1, DIAMOND_CHESTPLATE & ARMOR_META:{meta-type=ARMOR, enchants={minecraft:protection=4, minecraft:unbreaking=3}, Damage=154, trim={material=minecraft:gold, pattern=minecraft:snout}} x 1, DIAMOND_LEGGINGS & ARMOR_META:{meta-type=ARMOR, enchants={minecraft:protection=3, minecraft:unbreaking=3}, Damage=143} x 1, DIAMOND_BOOTS & ARMOR_META:{meta-type=ARMOR, enchants={minecraft:depth_strider=3, minecraft:protection=4, minecraft:unbreaking=3}, Damage=144} x 1, SPRUCE_TRAPDOOR x 1, BREAD x 70, SPRUCE_PLANKS x 80, TOTEM_OF_UNDYING x 1, SPRUCE_LOG x 128, ENDER_PEARL x 3, DIAMOND_AXE & UNSPECIFIC_META:{meta-type=UNSPECIFIC, enchants={minecraft:efficiency=4, minecraft:fortune=3, minecraft:unbreaking=3}, Damage=153} x 1, DIAMOND_PICKAXE & UNSPECIFIC_META:{meta-type=UNSPECIFIC, enchants={minecraft:efficiency=4, minecraft:fortune=3}, repair-cost=1, Damage=425} x 1, DIAMOND_SHOVEL & UNSPECIFIC_META:{meta-type=UNSPECIFIC, enchants={minecraft:efficiency=4, minecraft:unbreaking=3}, Damage=35} x 1, DIAMOND_SWORD & UNSPECIFIC_META:{meta-type=UNSPECIFIC, enchants={minecraft:knockback=2, minecraft:sharpness=3, minecraft:unbreaking=3}, Damage=448} x 1]
Given         : []
Target        : tysooon
[2026-08-13 22:48:20] [INFO]:
Spectator UUID: ee5defd3-4cd7-3cee-b5c6-69baf82ee141
Spectator Name: KhangNon
Taken         : [NETHERITE_SWORD & UNSPECIFIC_META:{meta-type=UNSPECIFIC, enchants={minecraft:fire_aspect=2, minecraft:knockback=1, minecraft:looting=3, minecraft:mending=1, minecraft:sharpness=5, minecraft:sweeping_edge=3, minecraft:unbreaking=3}, repair-cost=31} x 1, ENDER_PEARL x 7, END_CRYSTAL x 22, OBSIDIAN x 18, NETHERITE_CHESTPLATE & ARMOR_META:{meta-type=ARMOR, enchants={minecraft:mending=1, minecraft:protection=4, minecraft:thorns=2, minecraft:unbreaking=3}, repair-cost=1, trim={material=minecraft:redstone, pattern=minecraft:rib}} x 1, RESPAWN_ANCHOR x 64, FIREWORK_ROCKET x 54, GOLDEN_APPLE x 36, NETHERITE_PICKAXE & UNSPECIFIC_META:{meta-type=UNSPECIFIC, enchants={minecraft:efficiency=5, minecraft:fortune=3, minecraft:mending=1, minecraft:unbreaking=3}, repair-cost=3, Damage=6} x 1, ARROW x 293, SHULKER_BOX & TILE_ENTITY_META:{meta-type=TILE_ENTITY, internal=H4sIAAAAAAAA/7WUTU7DMBCFp3UKbWAB4qeAuEIvwGUi15kkVpJxZDtFXXJzHCpkm1AqWnUXz9PLfH5jOwVIYblulKhXSFba7UqotlPkFmYBd60kFJoX9k0ostytdAoA1wwS0yjrPp0/kRbbOUxlDq/ekEveKsozUaGxXcMtMpgJ1dPgmqSQ+kYpPHofkqg42XYQGNx6wVVySeXgZvDs64XUmHVaWRRWKnJ6wuDG67ZSmowrTwdcTz6JyJdj8rVSA8IeaAYP3qKx41JnQhn71SPsMz2tzx/hBEKhXevsnTc16qHngYRYHAWLEF/GiA2Wpcv+KMp7L/ycUiD1tNbI692AGUQTzHnLS3T1j4g6OSd1EN+GkzSV+1Emem1wdwD37ipOdhYxPo0ZTaU22JyYKxaFFNLJ2wO5RheqUNr2hOPjcBFBB4PAZms1D2FD2+Vxtvmh+2E65PocMwyeN1Nx3REaswswSKlxt/P7VEYpLc7G/Xv3iLcm92SvuajH71p63Biu/mMD+ATI3b0qOgYAAA==, blockMaterial=SHULKER_BOX} x 1, TOTEM_OF_UNDYING x 17, SHULKER_SHELL x 1, BOW & UNSPECIFIC_META:{meta-type=UNSPECIFIC, Damage=25} x 1, GLOWSTONE x 64, NETHERITE_BOOTS & ARMOR_META:{meta-type=ARMOR, enchants={minecraft:depth_strider=3, minecraft:feather_falling=4, minecraft:mending=1, minecraft:protection=4, minecraft:unbreaking=3}, repair-cost=3, trim={material=minecraft:redstone, pattern=minecraft:rib}} x 1, NETHERITE_LEGGINGS & ARMOR_META:{meta-type=ARMOR, enchants={minecraft:blast_protection=4, minecraft:mending=1, minecraft:unbreaking=3}, repair-cost=1, trim={material=minecraft:redstone, pattern=minecraft:rib}} x 1, ELYTRA & UNSPECIFIC_META:{meta-type=UNSPECIFIC, enchants={minecraft:mending=1, minecraft:unbreaking=3}, repair-cost=3, Damage=196} x 1, NETHERITE_HELMET & ARMOR_META:{meta-type=ARMOR, enchants={minecraft:aqua_affinity=1, minecraft:mending=1, minecraft:protection=4, minecraft:unbreaking=3}, repair-cost=7, trim={material=minecraft:redstone, pattern=minecraft:rib}} x 1]
Given         : []
Target        : badluck_7th9
[2026-08-13 22:48:47] [INFO]:
Spectator UUID: ee5defd3-4cd7-3cee-b5c6-69baf82ee141
Spectator Name: KhangNon
Taken         : [NETHERITE_HELMET & ARMOR_META:{meta-type=ARMOR, enchants={minecraft:aqua_affinity=1, minecraft:mending=1, minecraft:protection=4, minecraft:unbreaking=3}, repair-cost=7, trim={material=minecraft:redstone, pattern=minecraft:rib}} x 1, NETHERITE_CHESTPLATE & ARMOR_META:{meta-type=ARMOR, enchants={minecraft:mending=1, minecraft:protection=4, minecraft:thorns=2, minecraft:unbreaking=3}, repair-cost=1, trim={material=minecraft:redstone, pattern=minecraft:rib}} x 1, NETHERITE_LEGGINGS & ARMOR_META:{meta-type=ARMOR, enchants={minecraft:blast_protection=4, minecraft:mending=1, minecraft:unbreaking=3}, repair-cost=1, trim={material=minecraft:redstone, pattern=minecraft:rib}} x 1, NETHERITE_BOOTS & ARMOR_META:{meta-type=ARMOR, enchants={minecraft:depth_strider=3, minecraft:feather_falling=4, minecraft:mending=1, minecraft:protection=4, minecraft:unbreaking=3}, repair-cost=3, trim={material=minecraft:redstone, pattern=minecraft:rib}} x 1, ARROW x 293, TOTEM_OF_UNDYING x 17, ELYTRA & UNSPECIFIC_META:{meta-type=UNSPECIFIC, enchants={minecraft:mending=1, minecraft:unbreaking=3}, repair-cost=3, Damage=196} x 1, GOLDEN_APPLE x 36, FIREWORK_ROCKET x 54, SHULKER_BOX & TILE_ENTITY_META:{meta-type=TILE_ENTITY, internal=H4sIAAAAAAAA/7WUTU7DMBCFp3UKbWAB4qeAuEIvwGUi15kkVpJxZDtFXXJzHCpkm1AqWnUXz9PLfH5jOwVIYblulKhXSFba7UqotlPkFmYBd60kFJoX9k0ostytdAoA1wwS0yjrPp0/kRbbOUxlDq/ekEveKsozUaGxXcMtMpgJ1dPgmqSQ+kYpPHofkqg42XYQGNx6wVVySeXgZvDs64XUmHVaWRRWKnJ6wuDG67ZSmowrTwdcTz6JyJdj8rVSA8IeaAYP3qKx41JnQhn71SPsMz2tzx/hBEKhXevsnTc16qHngYRYHAWLEF/GiA2Wpcv+KMp7L/ycUiD1tNbI692AGUQTzHnLS3T1j4g6OSd1EN+GkzSV+1Emem1wdwD37ipOdhYxPo0ZTaU22JyYKxaFFNLJ2wO5RheqUNr2hOPjcBFBB4PAZms1D2FD2+Vxtvmh+2E65PocMwyeN1Nx3REaswswSKlxt/P7VEYpLc7G/Xv3iLcm92SvuajH71p63Biu/mMD+ATI3b0qOgYAAA==, blockMaterial=SHULKER_BOX} x 1, SHULKER_SHELL x 1, BOW & UNSPECIFIC_META:{meta-type=UNSPECIFIC, Damage=25} x 1, END_CRYSTAL x 22, ENDER_PEARL x 7, NETHERITE_PICKAXE & UNSPECIFIC_META:{meta-type=UNSPECIFIC, enchants={minecraft:efficiency=5, minecraft:fortune=3, minecraft:mending=1, minecraft:unbreaking=3}, repair-cost=3, Damage=6} x 1, GLOWSTONE x 64, OBSIDIAN x 18, NETHERITE_SWORD & UNSPECIFIC_META:{meta-type=UNSPECIFIC, enchants={minecraft:fire_aspect=2, minecraft:knockback=1, minecraft:looting=3, minecraft:mending=1, minecraft:sharpness=5, minecraft:sweeping_edge=3, minecraft:unbreaking=3}, repair-cost=31} x 1]
Given         : []
Target        : badluck_7th9
[2026-08-13 22:48:47] [INFO]:
Spectator UUID: ee5defd3-4cd7-3cee-b5c6-69baf82ee141
Spectator Name: KhangNon
Taken         : [NETHERITE_HELMET & ARMOR_META:{meta-type=ARMOR, enchants={minecraft:aqua_affinity=1, minecraft:mending=1, minecraft:protection=4, minecraft:unbreaking=3}, repair-cost=7, trim={material=minecraft:redstone, pattern=minecraft:rib}} x 1, NETHERITE_CHESTPLATE & ARMOR_META:{meta-type=ARMOR, enchants={minecraft:mending=1, minecraft:protection=4, minecraft:thorns=2, minecraft:unbreaking=3}, repair-cost=1, trim={material=minecraft:redstone, pattern=minecraft:rib}} x 1, NETHERITE_LEGGINGS & ARMOR_META:{meta-type=ARMOR, enchants={minecraft:blast_protection=4, minecraft:mending=1, minecraft:unbreaking=3}, repair-cost=1, trim={material=minecraft:redstone, pattern=minecraft:rib}} x 1, NETHERITE_BOOTS & ARMOR_META:{meta-type=ARMOR, enchants={minecraft:depth_strider=3, minecraft:feather_falling=4, minecraft:mending=1, minecraft:protection=4, minecraft:unbreaking=3}, repair-cost=3, trim={material=minecraft:redstone, pattern=minecraft:rib}} x 1, ARROW x 293, TOTEM_OF_UNDYING x 17, ELYTRA & UNSPECIFIC_META:{meta-type=UNSPECIFIC, enchants={minecraft:mending=1, minecraft:unbreaking=3}, repair-cost=3, Damage=196} x 1, GOLDEN_APPLE x 36, FIREWORK_ROCKET x 54, SHULKER_BOX & TILE_ENTITY_META:{meta-type=TILE_ENTITY, internal=H4sIAAAAAAAA/7WUTU7DMBCFp3UKbWAB4qeAuEIvwGUi15kkVpJxZDtFXXJzHCpkm1AqWnUXz9PLfH5jOwVIYblulKhXSFba7UqotlPkFmYBd60kFJoX9k0ostytdAoA1wwS0yjrPp0/kRbbOUxlDq/ekEveKsozUaGxXcMtMpgJ1dPgmqSQ+kYpPHofkqg42XYQGNx6wVVySeXgZvDs64XUmHVaWRRWKnJ6wuDG67ZSmowrTwdcTz6JyJdj8rVSA8IeaAYP3qKx41JnQhn71SPsMz2tzx/hBEKhXevsnTc16qHngYRYHAWLEF/GiA2Wpcv+KMp7L/ycUiD1tNbI692AGUQTzHnLS3T1j4g6OSd1EN+GkzSV+1Emem1wdwD37ipOdhYxPo0ZTaU22JyYKxaFFNLJ2wO5RheqUNr2hOPjcBFBB4PAZms1D2FD2+Vxtvmh+2E65PocMwyeN1Nx3REaswswSKlxt/P7VEYpLc7G/Xv3iLcm92SvuajH71p63Biu/mMD+ATI3b0qOgYAAA==, blockMaterial=SHULKER_BOX} x 1, SHULKER_SHELL x 1, BOW & UNSPECIFIC_META:{meta-type=UNSPECIFIC, Damage=25} x 1, END_CRYSTAL x 22, ENDER_PEARL x 7, NETHERITE_PICKAXE & UNSPECIFIC_META:{meta-type=UNSPECIFIC, enchants={minecraft:efficiency=5, minecraft:fortune=3, minecraft:mending=1, minecraft:unbreaking=3}, repair-cost=3, Damage=6} x 1, GLOWSTONE x 64, OBSIDIAN x 18, NETHERITE_SWORD & UNSPECIFIC_META:{meta-type=UNSPECIFIC, enchants={minecraft:fire_aspect=2, minecraft:knockback=1, minecraft:looting=3, minecraft:mending=1, minecraft:sharpness=5, minecraft:sweeping_edge=3, minecraft:unbreaking=3}, repair-cost=31} x 1]
Given         : []
Target        : badluck_7th9
[2026-08-13 22:49:28] [INFO]:
Spectator UUID: ee5defd3-4cd7-3cee-b5c6-69baf82ee141
Spectator Name: KhangNon
Taken         : [NETHERITE_HELMET & ARMOR_META:{meta-type=ARMOR, enchants={minecraft:aqua_affinity=1, minecraft:mending=1, minecraft:protection=4, minecraft:unbreaking=3}, repair-cost=7, trim={material=minecraft:redstone, pattern=minecraft:rib}} x 3, NETHERITE_CHESTPLATE & ARMOR_META:{meta-type=ARMOR, enchants={minecraft:mending=1, minecraft:protection=4, minecraft:thorns=2, minecraft:unbreaking=3}, repair-cost=1, trim={material=minecraft:redstone, pattern=minecraft:rib}} x 3, NETHERITE_LEGGINGS & ARMOR_META:{meta-type=ARMOR, enchants={minecraft:blast_protection=4, minecraft:mending=1, minecraft:unbreaking=3}, repair-cost=1, trim={material=minecraft:redstone, pattern=minecraft:rib}} x 3, NETHERITE_BOOTS & ARMOR_META:{meta-type=ARMOR, enchants={minecraft:depth_strider=3, minecraft:feather_falling=4, minecraft:mending=1, minecraft:protection=4, minecraft:unbreaking=3}, repair-cost=3, trim={material=minecraft:redstone, pattern=minecraft:rib}} x 3, ARROW x 879, TOTEM_OF_UNDYING x 47, RESPAWN_ANCHOR x 192, OBSIDIAN x 54, ENDER_CHEST x 3, END_CRYSTAL x 66, NETHERITE_PICKAXE & UNSPECIFIC_META:{meta-type=UNSPECIFIC, enchants={minecraft:efficiency=5, minecraft:fortune=3, minecraft:mending=1, minecraft:unbreaking=3}, repair-cost=3, Damage=6} x 3, GLOWSTONE x 192, ENDER_PEARL x 21, GOLDEN_APPLE x 72, NETHERITE_SWORD & UNSPECIFIC_META:{meta-type=UNSPECIFIC, enchants={minecraft:fire_aspect=2, minecraft:knockback=1, minecraft:looting=3, minecraft:mending=1, minecraft:sharpness=5, minecraft:sweeping_edge=3, minecraft:unbreaking=3}, repair-cost=31} x 2, BOW & UNSPECIFIC_META:{meta-type=UNSPECIFIC, Damage=25} x 2]
Given         : []
Target        : badluck_7th9
[2026-08-13 22:49:28] [INFO]:
Spectator UUID: ee5defd3-4cd7-3cee-b5c6-69baf82ee141
Spectator Name: KhangNon
Taken         : [NETHERITE_HELMET & ARMOR_META:{meta-type=ARMOR, enchants={minecraft:aqua_affinity=1, minecraft:mending=1, minecraft:protection=4, minecraft:unbreaking=3}, repair-cost=7, trim={material=minecraft:redstone, pattern=minecraft:rib}} x 3, NETHERITE_CHESTPLATE & ARMOR_META:{meta-type=ARMOR, enchants={minecraft:mending=1, minecraft:protection=4, minecraft:thorns=2, minecraft:unbreaking=3}, repair-cost=1, trim={material=minecraft:redstone, pattern=minecraft:rib}} x 3, NETHERITE_LEGGINGS & ARMOR_META:{meta-type=ARMOR, enchants={minecraft:blast_protection=4, minecraft:mending=1, minecraft:unbreaking=3}, repair-cost=1, trim={material=minecraft:redstone, pattern=minecraft:rib}} x 3, NETHERITE_BOOTS & ARMOR_META:{meta-type=ARMOR, enchants={minecraft:depth_strider=3, minecraft:feather_falling=4, minecraft:mending=1, minecraft:protection=4, minecraft:unbreaking=3}, repair-cost=3, trim={material=minecraft:redstone, pattern=minecraft:rib}} x 3, ARROW x 879, TOTEM_OF_UNDYING x 47, RESPAWN_ANCHOR x 192, OBSIDIAN x 54, ENDER_CHEST x 3, END_CRYSTAL x 66, NETHERITE_PICKAXE & UNSPECIFIC_META:{meta-type=UNSPECIFIC, enchants={minecraft:efficiency=5, minecraft:fortune=3, minecraft:mending=1, minecraft:unbreaking=3}, repair-cost=3, Damage=6} x 3, GLOWSTONE x 192, ENDER_PEARL x 21, GOLDEN_APPLE x 72, NETHERITE_SWORD & UNSPECIFIC_META:{meta-type=UNSPECIFIC, enchants={minecraft:fire_aspect=2, minecraft:knockback=1, minecraft:looting=3, minecraft:mending=1, minecraft:sharpness=5, minecraft:sweeping_edge=3, minecraft:unbreaking=3}, repair-cost=31} x 2, BOW & UNSPECIFIC_META:{meta-type=UNSPECIFIC, Damage=25} x 2]
Given         : []
Target        : badluck_7th9
[2026-08-13 22:49:28] [INFO]:
Spectator UUID: ee5defd3-4cd7-3cee-b5c6-69baf82ee141
Spectator Name: KhangNon
Taken         : [NETHERITE_HELMET & ARMOR_META:{meta-type=ARMOR, enchants={minecraft:aqua_affinity=1, minecraft:mending=1, minecraft:protection=4, minecraft:unbreaking=3}, repair-cost=7, trim={material=minecraft:redstone, pattern=minecraft:rib}} x 3, NETHERITE_CHESTPLATE & ARMOR_META:{meta-type=ARMOR, enchants={minecraft:mending=1, minecraft:protection=4, minecraft:thorns=2, minecraft:unbreaking=3}, repair-cost=1, trim={material=minecraft:redstone, pattern=minecraft:rib}} x 3, NETHERITE_LEGGINGS & ARMOR_META:{meta-type=ARMOR, enchants={minecraft:blast_protection=4, minecraft:mending=1, minecraft:unbreaking=3}, repair-cost=1, trim={material=minecraft:redstone, pattern=minecraft:rib}} x 3, NETHERITE_BOOTS & ARMOR_META:{meta-type=ARMOR, enchants={minecraft:depth_strider=3, minecraft:feather_falling=4, minecraft:mending=1, minecraft:protection=4, minecraft:unbreaking=3}, repair-cost=3, trim={material=minecraft:redstone, pattern=minecraft:rib}} x 3, ARROW x 879, TOTEM_OF_UNDYING x 47, RESPAWN_ANCHOR x 192, OBSIDIAN x 54, ENDER_CHEST x 3, END_CRYSTAL x 66, NETHERITE_PICKAXE & UNSPECIFIC_META:{meta-type=UNSPECIFIC, enchants={minecraft:efficiency=5, minecraft:fortune=3, minecraft:mending=1, minecraft:unbreaking=3}, repair-cost=3, Damage=6} x 3, GLOWSTONE x 192, ENDER_PEARL x 21, GOLDEN_APPLE x 72, NETHERITE_SWORD & UNSPECIFIC_META:{meta-type=UNSPECIFIC, enchants={minecraft:fire_aspect=2, minecraft:knockback=1, minecraft:looting=3, minecraft:mending=1, minecraft:sharpness=5, minecraft:sweeping_edge=3, minecraft:unbreaking=3}, repair-cost=31} x 2, BOW & UNSPECIFIC_META:{meta-type=UNSPECIFIC, Damage=25} x 2]
Given         : []
Target        : badluck_7th9
[2026-08-13 23:21:14] [INFO]:
Spectator UUID: ee5defd3-4cd7-3cee-b5c6-69baf82ee141
Spectator Name: KhangNon
Taken         : [BEDROCK x 64]
Given         : []
Target        : MinhAnh_112
[2026-08-14 20:17:01] [INFO]:
Spectator UUID: ee5defd3-4cd7-3cee-b5c6-69baf82ee141
Spectator Name: KhangNon
Taken         : [ELYTRA & UNSPECIFIC_META:{meta-type=UNSPECIFIC, enchants={minecraft:mending=1, minecraft:unbreaking=3}, repair-cost=3, Damage=38} x 1]
Given         : [OAK_BUTTON x 6]
Target        : huy504689
[2026-08-14 20:17:15] [INFO]:
Spectator UUID: ee5defd3-4cd7-3cee-b5c6-69baf82ee141
Spectator Name: KhangNon
Taken         : []
Given         : [ELYTRA & UNSPECIFIC_META:{meta-type=UNSPECIFIC, enchants={minecraft:mending=1, minecraft:unbreaking=3}, repair-cost=3, Damage=38} x 1]
Target        : huy504689
[2026-08-14 20:17:15] [INFO]:
Spectator UUID: ee5defd3-4cd7-3cee-b5c6-69baf82ee141
Spectator Name: KhangNon
Taken         : []
Given         : [ELYTRA & UNSPECIFIC_META:{meta-type=UNSPECIFIC, enchants={minecraft:mending=1, minecraft:unbreaking=3}, repair-cost=3, Damage=38} x 1]
Target        : huy504689
[2026-08-14 20:17:15] [INFO]:
Spectator UUID: ee5defd3-4cd7-3cee-b5c6-69baf82ee141
Spectator Name: KhangNon
Taken         : []
Given         : [ELYTRA & UNSPECIFIC_META:{meta-type=UNSPECIFIC, enchants={minecraft:mending=1, minecraft:unbreaking=3}, repair-cost=3, Damage=38} x 1]
Target        : huy504689
[2026-08-14 20:17:39] [INFO]:
Spectator UUID: ee5defd3-4cd7-3cee-b5c6-69baf82ee141
Spectator Name: KhangNon
Taken         : [TOTEM_OF_UNDYING x 19, NETHERITE_LEGGINGS & ARMOR_META:{meta-type=ARMOR, enchants={minecraft:mending=1, minecraft:protection=4, minecraft:unbreaking=3}, repair-cost=3, Damage=5, trim={material=minecraft:diamond, pattern=minecraft:spire}} x 5, NETHERITE_BOOTS & ARMOR_META:{meta-type=ARMOR, enchants={minecraft:depth_strider=2, minecraft:feather_falling=3, minecraft:mending=1, minecraft:protection=4, minecraft:unbreaking=3}, repair-cost=7, Damage=4, trim={material=minecraft:diamond, pattern=minecraft:flow}} x 5, ELYTRA & UNSPECIFIC_META:{meta-type=UNSPECIFIC, enchants={minecraft:mending=1, minecraft:unbreaking=3}, repair-cost=3, Damage=38} x 5, NETHERITE_HELMET & ARMOR_META:{meta-type=ARMOR, enchants={minecraft:aqua_affinity=1, minecraft:mending=1, minecraft:protection=4, minecraft:respiration=3, minecraft:thorns=2, minecraft:unbreaking=3}, repair-cost=15, Damage=7, trim={material=minecraft:diamond, pattern=minecraft:flow}} x 5, DIAMOND_SPEAR & UNSPECIFIC_META:{meta-type=UNSPECIFIC, enchants={minecraft:fire_aspect=2, minecraft:lunge=3, minecraft:mending=1, minecraft:sharpness=5, minecraft:unbreaking=3}, repair-cost=15} x 4, WATER_BUCKET x 4, DIAMOND_SHOVEL & UNSPECIFIC_META:{meta-type=UNSPECIFIC, enchants={minecraft:efficiency=4, minecraft:mending=1, minecraft:unbreaking=3}, repair-cost=1, Damage=25} x 4, TRIDENT & UNSPECIFIC_META:{meta-type=UNSPECIFIC, enchants={minecraft:impaling=4, minecraft:loyalty=3, minecraft:mending=1, minecraft:unbreaking=3}, repair-cost=15} x 4, WIND_CHARGE x 164, GOLDEN_CARROT x 300, OAK_BUTTON x 24, FIREWORK_ROCKET x 244, DIAMOND_AXE & UNSPECIFIC_META:{meta-type=UNSPECIFIC, enchants={minecraft:efficiency=4, minecraft:fortune=2, minecraft:mending=1, minecraft:unbreaking=3}, repair-cost=7} x 4, NETHERITE_PICKAXE & UNSPECIFIC_META:{meta-type=UNSPECIFIC, enchants={excellentenchants:tunnel=3, minecraft:efficiency=5, minecraft:fortune=3, minecraft:mending=1, minecraft:unbreaking=3}, repair-cost=15} x 4, NETHERITE_PICKAXE & UNSPECIFIC_META:{meta-type=UNSPECIFIC, enchants={minecraft:efficiency=5, minecraft:mending=1, minecraft:silk_touch=1, minecraft:unbreaking=3}, repair-cost=7} x 4, NETHERITE_CHESTPLATE & ARMOR_META:{meta-type=ARMOR, enchants={minecraft:mending=1, minecraft:protection=4, minecraft:thorns=2, minecraft:unbreaking=3}, repair-cost=7, trim={material=minecraft:diamond, pattern=minecraft:flow}} x 4, NETHERITE_SWORD & UNSPECIFIC_META:{meta-type=UNSPECIFIC, enchants={minecraft:fire_aspect=2, minecraft:looting=3, minecraft:mending=1, minecraft:sharpness=5, minecraft:sweeping_edge=3, minecraft:unbreaking=3}, repair-cost=63, Damage=1} x 4]
Given         : []
Target        : huy504689
[2026-08-14 20:32:29] [INFO]:
Spectator UUID: ee5defd3-4cd7-3cee-b5c6-69baf82ee141
Spectator Name: KhangNon
Taken         : []
Given         : [NETHERITE_SWORD & UNSPECIFIC_META:{meta-type=UNSPECIFIC, enchants={minecraft:fire_aspect=2, minecraft:looting=3, minecraft:mending=1, minecraft:sharpness=5, minecraft:sweeping_edge=3, minecraft:unbreaking=3}, repair-cost=63} x 1, NETHERITE_PICKAXE & UNSPECIFIC_META:{meta-type=UNSPECIFIC, enchants={minecraft:efficiency=5, minecraft:mending=1, minecraft:silk_touch=1, minecraft:unbreaking=3}, repair-cost=7} x 1, WHEAT_SEEDS x 1, TOTEM_OF_UNDYING x 11, WHITE_TERRACOTTA x 1, DIAMOND_AXE & UNSPECIFIC_META:{meta-type=UNSPECIFIC, enchants={minecraft:efficiency=4, minecraft:fortune=2, minecraft:mending=1, minecraft:unbreaking=3}, repair-cost=7} x 1, DIAMOND_SHOVEL & UNSPECIFIC_META:{meta-type=UNSPECIFIC, enchants={minecraft:efficiency=4, minecraft:mending=1, minecraft:unbreaking=3}, repair-cost=1, Damage=25} x 1, DIAMOND_SPEAR & UNSPECIFIC_META:{meta-type=UNSPECIFIC, enchants={minecraft:fire_aspect=2, minecraft:lunge=3, minecraft:mending=1, minecraft:sharpness=5, minecraft:unbreaking=3}, repair-cost=15} x 1, WATER_BUCKET x 1, NETHERITE_PICKAXE & UNSPECIFIC_META:{meta-type=UNSPECIFIC, enchants={excellentenchants:tunnel=3, minecraft:efficiency=5, minecraft:fortune=3, minecraft:mending=1, minecraft:unbreaking=3}, repair-cost=15} x 1, LEAF_LITTER x 2, ENDER_PEARL x 12, END_CRYSTAL x 29, RESPAWN_ANCHOR x 30, GLOWSTONE x 32, FIREWORK_ROCKET x 39, GOLDEN_CARROT x 62, WRITTEN_BOOK & BOOK_SIGNED_META:{meta-type=BOOK_SIGNED, lore=[{"text":"","extra":[{"text":"Date: 14-08-2026","color":"gray","bold":false,"italic":false,"underlined":false,"strikethrough":false,"obfuscated":false}]}], title=§chuy504689's Obituary, author=Exploded, pages=[{"text":"","extra":["         Obituary         \n-------------------\n  Name: huy504689\n  Cause: Exploded\n  Date: 14-08-2026\n  Items: 0\n  Exp: 144543\n  Location:\n    World: World\n    X: -4769.5\n    Y: 64.5\n    Z: 5241.5"]}]} x 1, WIND_CHARGE x 41]
Target        : huy504689
[2026-08-14 20:40:38] [INFO]:
Spectator UUID: ee5defd3-4cd7-3cee-b5c6-69baf82ee141
Spectator Name: KhangNon
Taken         : [EMERALD_BLOCK x 1329]
Given         : []
Target        : huy504689
[2026-08-14 21:02:57] [INFO]:
Spectator UUID: ee5defd3-4cd7-3cee-b5c6-69baf82ee141
Spectator Name: KhangNon
Taken         : [ELYTRA & UNSPECIFIC_META:{meta-type=UNSPECIFIC, Damage=27} x 1]
Given         : []
Target        : HappyBoiz2009
[2026-08-14 21:08:03] [INFO]:
Spectator UUID: ee5defd3-4cd7-3cee-b5c6-69baf82ee141
Spectator Name: KhangNon
Taken         : [NETHERITE_HELMET & ARMOR_META:{meta-type=ARMOR, enchants={minecraft:aqua_affinity=1, minecraft:mending=1, minecraft:protection=4, minecraft:thorns=3, minecraft:unbreaking=3}, repair-cost=31, Damage=79, trim={material=minecraft:redstone, pattern=minecraft:silence}} x 1, NETHERITE_CHESTPLATE & ARMOR_META:{meta-type=ARMOR, enchants={minecraft:mending=1, minecraft:protection=4, minecraft:thorns=3, minecraft:unbreaking=3}, repair-cost=7, Damage=69, trim={material=minecraft:redstone, pattern=minecraft:eye}} x 1, NETHERITE_LEGGINGS & ARMOR_META:{meta-type=ARMOR, enchants={minecraft:mending=1, minecraft:protection=4, minecraft:thorns=3, minecraft:unbreaking=3}, repair-cost=7, Damage=81, trim={material=minecraft:redstone, pattern=minecraft:tide}} x 1, NETHERITE_BOOTS & ARMOR_META:{meta-type=ARMOR, enchants={minecraft:feather_falling=4, minecraft:mending=1, minecraft:protection=4, minecraft:thorns=3, minecraft:unbreaking=3}, repair-cost=31, Damage=83, trim={material=minecraft:redstone, pattern=minecraft:bolt}} x 1]
Given         : []
Target        : HappyBoiz2009
[2026-08-14 21:08:09] [INFO]:
Spectator UUID: ee5defd3-4cd7-3cee-b5c6-69baf82ee141
Spectator Name: KhangNon
Taken         : [NETHERITE_HELMET & ARMOR_META:{meta-type=ARMOR, enchants={minecraft:aqua_affinity=1, minecraft:mending=1, minecraft:protection=4, minecraft:thorns=3, minecraft:unbreaking=3}, repair-cost=31, Damage=4, trim={material=minecraft:redstone, pattern=minecraft:silence}} x 1, NETHERITE_CHESTPLATE & ARMOR_META:{meta-type=ARMOR, enchants={minecraft:mending=1, minecraft:protection=4, minecraft:thorns=3, minecraft:unbreaking=3}, repair-cost=7, Damage=4, trim={material=minecraft:redstone, pattern=minecraft:eye}} x 1, NETHERITE_LEGGINGS & ARMOR_META:{meta-type=ARMOR, enchants={minecraft:mending=1, minecraft:protection=4, minecraft:thorns=3, minecraft:unbreaking=3}, repair-cost=7, Damage=5, trim={material=minecraft:redstone, pattern=minecraft:tide}} x 1, NETHERITE_BOOTS & ARMOR_META:{meta-type=ARMOR, enchants={minecraft:feather_falling=4, minecraft:mending=1, minecraft:protection=4, minecraft:thorns=3, minecraft:unbreaking=3}, repair-cost=31, Damage=5, trim={material=minecraft:redstone, pattern=minecraft:bolt}} x 1]
Given         : []
Target        : senfifai
[2026-08-14 21:08:09] [INFO]:
Spectator UUID: ee5defd3-4cd7-3cee-b5c6-69baf82ee141
Spectator Name: KhangNon
Taken         : [NETHERITE_HELMET & ARMOR_META:{meta-type=ARMOR, enchants={minecraft:aqua_affinity=1, minecraft:mending=1, minecraft:protection=4, minecraft:thorns=3, minecraft:unbreaking=3}, repair-cost=31, Damage=4, trim={material=minecraft:redstone, pattern=minecraft:silence}} x 1, NETHERITE_CHESTPLATE & ARMOR_META:{meta-type=ARMOR, enchants={minecraft:mending=1, minecraft:protection=4, minecraft:thorns=3, minecraft:unbreaking=3}, repair-cost=7, Damage=4, trim={material=minecraft:redstone, pattern=minecraft:eye}} x 1, NETHERITE_LEGGINGS & ARMOR_META:{meta-type=ARMOR, enchants={minecraft:mending=1, minecraft:protection=4, minecraft:thorns=3, minecraft:unbreaking=3}, repair-cost=7, Damage=5, trim={material=minecraft:redstone, pattern=minecraft:tide}} x 1, NETHERITE_BOOTS & ARMOR_META:{meta-type=ARMOR, enchants={minecraft:feather_falling=4, minecraft:mending=1, minecraft:protection=4, minecraft:thorns=3, minecraft:unbreaking=3}, repair-cost=31, Damage=5, trim={material=minecraft:redstone, pattern=minecraft:bolt}} x 1]
Given         : []
Target        : senfifai
[2026-08-14 21:08:57] [INFO]:
Spectator UUID: ee5defd3-4cd7-3cee-b5c6-69baf82ee141
Spectator Name: KhangNon
Taken         : [NETHERITE_HELMET & ARMOR_META:{meta-type=ARMOR, enchants={minecraft:aqua_affinity=1, minecraft:mending=1, minecraft:protection=4, minecraft:thorns=3, minecraft:unbreaking=3}, repair-cost=31, Damage=4, trim={material=minecraft:redstone, pattern=minecraft:silence}} x 1, NETHERITE_CHESTPLATE & ARMOR_META:{meta-type=ARMOR, enchants={minecraft:mending=1, minecraft:protection=4, minecraft:thorns=3, minecraft:unbreaking=3}, repair-cost=7, Damage=4, trim={material=minecraft:redstone, pattern=minecraft:eye}} x 1, NETHERITE_LEGGINGS & ARMOR_META:{meta-type=ARMOR, enchants={minecraft:mending=1, minecraft:protection=4, minecraft:thorns=3, minecraft:unbreaking=3}, repair-cost=7, Damage=5, trim={material=minecraft:redstone, pattern=minecraft:tide}} x 1, NETHERITE_BOOTS & ARMOR_META:{meta-type=ARMOR, enchants={minecraft:feather_falling=4, minecraft:mending=1, minecraft:protection=4, minecraft:thorns=3, minecraft:unbreaking=3}, repair-cost=31, Damage=5, trim={material=minecraft:redstone, pattern=minecraft:bolt}} x 1, NETHERITE_LEGGINGS & ARMOR_META:{meta-type=ARMOR, enchants={minecraft:mending=1, minecraft:protection=4, minecraft:thorns=3, minecraft:unbreaking=3}, repair-cost=7, Damage=81, trim={material=minecraft:redstone, pattern=minecraft:tide}} x 1, NETHERITE_BOOTS & ARMOR_META:{meta-type=ARMOR, enchants={minecraft:feather_falling=4, minecraft:mending=1, minecraft:protection=4, minecraft:thorns=3, minecraft:unbreaking=3}, repair-cost=31, Damage=83, trim={material=minecraft:redstone, pattern=minecraft:bolt}} x 1]
Given         : []
Target        : senfifai
[2026-08-14 21:08:57] [INFO]:
Spectator UUID: ee5defd3-4cd7-3cee-b5c6-69baf82ee141
Spectator Name: KhangNon
Taken         : [NETHERITE_HELMET & ARMOR_META:{meta-type=ARMOR, enchants={minecraft:aqua_affinity=1, minecraft:mending=1, minecraft:protection=4, minecraft:thorns=3, minecraft:unbreaking=3}, repair-cost=31, Damage=4, trim={material=minecraft:redstone, pattern=minecraft:silence}} x 1, NETHERITE_CHESTPLATE & ARMOR_META:{meta-type=ARMOR, enchants={minecraft:mending=1, minecraft:protection=4, minecraft:thorns=3, minecraft:unbreaking=3}, repair-cost=7, Damage=4, trim={material=minecraft:redstone, pattern=minecraft:eye}} x 1, NETHERITE_LEGGINGS & ARMOR_META:{meta-type=ARMOR, enchants={minecraft:mending=1, minecraft:protection=4, minecraft:thorns=3, minecraft:unbreaking=3}, repair-cost=7, Damage=5, trim={material=minecraft:redstone, pattern=minecraft:tide}} x 1, NETHERITE_BOOTS & ARMOR_META:{meta-type=ARMOR, enchants={minecraft:feather_falling=4, minecraft:mending=1, minecraft:protection=4, minecraft:thorns=3, minecraft:unbreaking=3}, repair-cost=31, Damage=5, trim={material=minecraft:redstone, pattern=minecraft:bolt}} x 1, NETHERITE_LEGGINGS & ARMOR_META:{meta-type=ARMOR, enchants={minecraft:mending=1, minecraft:protection=4, minecraft:thorns=3, minecraft:unbreaking=3}, repair-cost=7, Damage=81, trim={material=minecraft:redstone, pattern=minecraft:tide}} x 1, NETHERITE_BOOTS & ARMOR_META:{meta-type=ARMOR, enchants={minecraft:feather_falling=4, minecraft:mending=1, minecraft:protection=4, minecraft:thorns=3, minecraft:unbreaking=3}, repair-cost=31, Damage=83, trim={material=minecraft:redstone, pattern=minecraft:bolt}} x 1]
Given         : []
Target        : senfifai
[2026-08-14 21:08:57] [INFO]:
Spectator UUID: ee5defd3-4cd7-3cee-b5c6-69baf82ee141
Spectator Name: KhangNon
Taken         : [NETHERITE_HELMET & ARMOR_META:{meta-type=ARMOR, enchants={minecraft:aqua_affinity=1, minecraft:mending=1, minecraft:protection=4, minecraft:thorns=3, minecraft:unbreaking=3}, repair-cost=31, Damage=4, trim={material=minecraft:redstone, pattern=minecraft:silence}} x 1, NETHERITE_CHESTPLATE & ARMOR_META:{meta-type=ARMOR, enchants={minecraft:mending=1, minecraft:protection=4, minecraft:thorns=3, minecraft:unbreaking=3}, repair-cost=7, Damage=4, trim={material=minecraft:redstone, pattern=minecraft:eye}} x 1, NETHERITE_LEGGINGS & ARMOR_META:{meta-type=ARMOR, enchants={minecraft:mending=1, minecraft:protection=4, minecraft:thorns=3, minecraft:unbreaking=3}, repair-cost=7, Damage=5, trim={material=minecraft:redstone, pattern=minecraft:tide}} x 1, NETHERITE_BOOTS & ARMOR_META:{meta-type=ARMOR, enchants={minecraft:feather_falling=4, minecraft:mending=1, minecraft:protection=4, minecraft:thorns=3, minecraft:unbreaking=3}, repair-cost=31, Damage=5, trim={material=minecraft:redstone, pattern=minecraft:bolt}} x 1, NETHERITE_LEGGINGS & ARMOR_META:{meta-type=ARMOR, enchants={minecraft:mending=1, minecraft:protection=4, minecraft:thorns=3, minecraft:unbreaking=3}, repair-cost=7, Damage=81, trim={material=minecraft:redstone, pattern=minecraft:tide}} x 1, NETHERITE_BOOTS & ARMOR_META:{meta-type=ARMOR, enchants={minecraft:feather_falling=4, minecraft:mending=1, minecraft:protection=4, minecraft:thorns=3, minecraft:unbreaking=3}, repair-cost=31, Damage=83, trim={material=minecraft:redstone, pattern=minecraft:bolt}} x 1]
Given         : []
Target        : senfifai
[2026-08-14 21:08:57] [INFO]:
Spectator UUID: ee5defd3-4cd7-3cee-b5c6-69baf82ee141
Spectator Name: KhangNon
Taken         : [NETHERITE_HELMET & ARMOR_META:{meta-type=ARMOR, enchants={minecraft:aqua_affinity=1, minecraft:mending=1, minecraft:protection=4, minecraft:thorns=3, minecraft:unbreaking=3}, repair-cost=31, Damage=4, trim={material=minecraft:redstone, pattern=minecraft:silence}} x 1, NETHERITE_CHESTPLATE & ARMOR_META:{meta-type=ARMOR, enchants={minecraft:mending=1, minecraft:protection=4, minecraft:thorns=3, minecraft:unbreaking=3}, repair-cost=7, Damage=4, trim={material=minecraft:redstone, pattern=minecraft:eye}} x 1, NETHERITE_LEGGINGS & ARMOR_META:{meta-type=ARMOR, enchants={minecraft:mending=1, minecraft:protection=4, minecraft:thorns=3, minecraft:unbreaking=3}, repair-cost=7, Damage=5, trim={material=minecraft:redstone, pattern=minecraft:tide}} x 1, NETHERITE_BOOTS & ARMOR_META:{meta-type=ARMOR, enchants={minecraft:feather_falling=4, minecraft:mending=1, minecraft:protection=4, minecraft:thorns=3, minecraft:unbreaking=3}, repair-cost=31, Damage=5, trim={material=minecraft:redstone, pattern=minecraft:bolt}} x 1, NETHERITE_LEGGINGS & ARMOR_META:{meta-type=ARMOR, enchants={minecraft:mending=1, minecraft:protection=4, minecraft:thorns=3, minecraft:unbreaking=3}, repair-cost=7, Damage=81, trim={material=minecraft:redstone, pattern=minecraft:tide}} x 1, NETHERITE_BOOTS & ARMOR_META:{meta-type=ARMOR, enchants={minecraft:feather_falling=4, minecraft:mending=1, minecraft:protection=4, minecraft:thorns=3, minecraft:unbreaking=3}, repair-cost=31, Damage=83, trim={material=minecraft:redstone, pattern=minecraft:bolt}} x 1]
Given         : []
Target        : senfifai
[2026-08-14 21:38:46] [INFO]:
Spectator UUID: ee5defd3-4cd7-3cee-b5c6-69baf82ee141
Spectator Name: KhangNon
Taken         : []
Given         : [WATER_BUCKET x 1, FIREWORK_ROCKET & FIREWORK_META:{meta-type=FIREWORK, firework-effects=[], power=3} x 1344]
Target        : MinhAnh_112
[2026-08-16 12:19:55] [INFO]:
Spectator UUID: ee5defd3-4cd7-3cee-b5c6-69baf82ee141
Spectator Name: KhangNon
Taken         : []
Given         : [ELYTRA & UNSPECIFIC_META:{meta-type=UNSPECIFIC, enchants={minecraft:mending=1, minecraft:unbreaking=3}, repair-cost=3} x 1, NETHERITE_SWORD & UNSPECIFIC_META:{meta-type=UNSPECIFIC, enchants={minecraft:fire_aspect=2, minecraft:looting=3, minecraft:mending=1, minecraft:sharpness=5, minecraft:sweeping_edge=3, minecraft:unbreaking=3}, repair-cost=63} x 1, NETHERITE_PICKAXE & UNSPECIFIC_META:{meta-type=UNSPECIFIC, enchants={minecraft:efficiency=5, minecraft:mending=1, minecraft:silk_touch=1, minecraft:unbreaking=3}, repair-cost=7} x 1, NETHERITE_PICKAXE & UNSPECIFIC_META:{meta-type=UNSPECIFIC, enchants={excellentenchants:tunnel=3, minecraft:efficiency=5, minecraft:fortune=3, minecraft:mending=1, minecraft:unbreaking=3}, repair-cost=15, Damage=8} x 1, NETHERITE_HELMET & ARMOR_META:{meta-type=ARMOR, enchants={minecraft:aqua_affinity=1, minecraft:mending=1, minecraft:protection=4, minecraft:respiration=3, minecraft:thorns=2, minecraft:unbreaking=3}, repair-cost=15, Damage=51, trim={material=minecraft:diamond, pattern=minecraft:flow}} x 1, NETHERITE_LEGGINGS & ARMOR_META:{meta-type=ARMOR, enchants={minecraft:mending=1, minecraft:protection=4, minecraft:unbreaking=3}, repair-cost=3, Damage=36, trim={material=minecraft:diamond, pattern=minecraft:spire}} x 1, NETHERITE_BOOTS & ARMOR_META:{meta-type=ARMOR, enchants={minecraft:depth_strider=2, minecraft:feather_falling=3, minecraft:mending=1, minecraft:protection=4, minecraft:unbreaking=3}, repair-cost=7, Damage=33, trim={material=minecraft:diamond, pattern=minecraft:flow}} x 1, NETHERITE_CHESTPLATE & ARMOR_META:{meta-type=ARMOR, enchants={minecraft:mending=1, minecraft:protection=4, minecraft:thorns=2, minecraft:unbreaking=3}, repair-cost=7, trim={material=minecraft:diamond, pattern=minecraft:flow}} x 1, TRIDENT & UNSPECIFIC_META:{meta-type=UNSPECIFIC, enchants={minecraft:impaling=4, minecraft:loyalty=3, minecraft:mending=1, minecraft:unbreaking=3}, repair-cost=15} x 1]
Target        : huy504689
[2026-08-16 17:37:38] [INFO]:
Spectator UUID: ee5defd3-4cd7-3cee-b5c6-69baf82ee141
Spectator Name: KhangNon
Taken         : [WIND_CHARGE x 51, MACE & UNSPECIFIC_META:{meta-type=UNSPECIFIC, Damage=2} x 1]
Given         : []
Target        : ShadowKnight0312
[2026-08-16 17:37:38] [INFO]:
Spectator UUID: ee5defd3-4cd7-3cee-b5c6-69baf82ee141
Spectator Name: KhangNon
Taken         : [WIND_CHARGE x 51, MACE & UNSPECIFIC_META:{meta-type=UNSPECIFIC, Damage=2} x 1]
Given         : []
Target        : ShadowKnight0312
[2026-08-17 22:21:03] [INFO]:
Spectator UUID: ee5defd3-4cd7-3cee-b5c6-69baf82ee141
Spectator Name: KhangNon
Taken         : [TOTEM_OF_UNDYING x 2, DIAMOND_HELMET & ARMOR_META:{meta-type=ARMOR, enchants={minecraft:aqua_affinity=1, minecraft:mending=1, minecraft:protection=4, minecraft:unbreaking=3}, repair-cost=3} x 2, DIAMOND_CHESTPLATE & ARMOR_META:{meta-type=ARMOR, enchants={minecraft:mending=1, minecraft:protection=4, minecraft:unbreaking=3}, repair-cost=1} x 2, DIAMOND_LEGGINGS & ARMOR_META:{meta-type=ARMOR, enchants={minecraft:mending=1, minecraft:protection=4, minecraft:unbreaking=3}} x 1, DIAMOND_BOOTS & ARMOR_META:{meta-type=ARMOR, enchants={minecraft:depth_strider=3, minecraft:feather_falling=4, minecraft:mending=1, minecraft:protection=4, minecraft:unbreaking=3}, repair-cost=7} x 1, DIAMOND x 47, STICK x 6, DIAMOND_SWORD & UNSPECIFIC_META:{meta-type=UNSPECIFIC, enchants={minecraft:sharpness=4}, Damage=666} x 1, BREEZE_ROD x 22, IRON_PICKAXE & UNSPECIFIC_META:{meta-type=UNSPECIFIC, Damage=76} x 1, SPYGLASS x 1, FIREWORK_ROCKET x 30, ELYTRA & UNSPECIFIC_META:{meta-type=UNSPECIFIC, enchants={minecraft:mending=1, minecraft:unbreaking=3}, repair-cost=3} x 1, DIAMOND_SWORD & UNSPECIFIC_META:{meta-type=UNSPECIFIC, enchants={minecraft:fire_aspect=2, minecraft:knockback=2, minecraft:looting=3, minecraft:mending=1, minecraft:sharpness=5, minecraft:unbreaking=3}, repair-cost=15} x 1, COOKED_BEEF x 14, DIAMOND_PICKAXE & UNSPECIFIC_META:{meta-type=UNSPECIFIC, enchants={minecraft:efficiency=5, minecraft:mending=1, minecraft:silk_touch=1, minecraft:unbreaking=3}, repair-cost=15} x 1]
Given         : []
Target        : ItzBaxHere
[2026-08-17 22:21:03] [INFO]:
Spectator UUID: ee5defd3-4cd7-3cee-b5c6-69baf82ee141
Spectator Name: KhangNon
Taken         : [TOTEM_OF_UNDYING x 2, DIAMOND_HELMET & ARMOR_META:{meta-type=ARMOR, enchants={minecraft:aqua_affinity=1, minecraft:mending=1, minecraft:protection=4, minecraft:unbreaking=3}, repair-cost=3} x 2, DIAMOND_CHESTPLATE & ARMOR_META:{meta-type=ARMOR, enchants={minecraft:mending=1, minecraft:protection=4, minecraft:unbreaking=3}, repair-cost=1} x 2, DIAMOND_LEGGINGS & ARMOR_META:{meta-type=ARMOR, enchants={minecraft:mending=1, minecraft:protection=4, minecraft:unbreaking=3}} x 1, DIAMOND_BOOTS & ARMOR_META:{meta-type=ARMOR, enchants={minecraft:depth_strider=3, minecraft:feather_falling=4, minecraft:mending=1, minecraft:protection=4, minecraft:unbreaking=3}, repair-cost=7} x 1, DIAMOND x 47, STICK x 6, DIAMOND_SWORD & UNSPECIFIC_META:{meta-type=UNSPECIFIC, enchants={minecraft:sharpness=4}, Damage=666} x 1, BREEZE_ROD x 22, IRON_PICKAXE & UNSPECIFIC_META:{meta-type=UNSPECIFIC, Damage=76} x 1, SPYGLASS x 1, FIREWORK_ROCKET x 30, ELYTRA & UNSPECIFIC_META:{meta-type=UNSPECIFIC, enchants={minecraft:mending=1, minecraft:u[2026-08-18 21:34:28] [INFO]:
Spectator UUID: ee5defd3-4cd7-3cee-b5c6-69baf82ee141
Spectator Name: KhangNon
Taken         : [NETHERITE_BLOCK x 4]
Given         : []
Target        : _WightD_
[2026-08-20 12:41:43] [INFO]:
Spectator UUID: ee5defd3-4cd7-3cee-b5c6-69baf82ee141
Spectator Name: KhangNon
Taken         : [NETHERITE_SWORD & UNSPECIFIC_META:{meta-type=UNSPECIFIC, enchants={excellentenchants:exhaust=2, minecraft:fire_aspect=2, minecraft:knockback=1, minecraft:looting=3, minecraft:mending=1, minecraft:sharpness=5, minecraft:sweeping_edge=3, minecraft:unbreaking=3}, repair-cost=63} x 1]
Given         : []
Target        : badluck_7th9
[2026-08-20 12:42:06] [INFO]:
Spectator UUID: ee5defd3-4cd7-3cee-b5c6-69baf82ee141
Spectator Name: KhangNon
Taken         : []
Given         : [NETHERITE_SWORD & UNSPECIFIC_META:{meta-type=UNSPECIFIC, display-name="Bé Yêu Của Anh", enchants={minecraft:fire_aspect=2, minecraft:knockback=2, minecraft:looting=3, minecraft:mending=1, minecraft:sharpness=4, minecraft:sweeping_edge=3}, repair-cost=1} x 1]
Target        : badluck_7th9
[2026-08-23 22:12:12] [INFO]:
Spectator UUID: ee5defd3-4cd7-3cee-b5c6-69baf82ee141
Spectator Name: KhangNon
Taken         : [MACE & UNSPECIFIC_META:{meta-type=UNSPECIFIC, enchants={minecraft:density=4, minecraft:unbreaking=3, minecraft:wind_burst=3}, repair-cost=3} x 1]
Given         : []
Target        : NTGaming
[2026-08-23 22:33:36] [INFO]:
Spectator UUID: ee5defd3-4cd7-3cee-b5c6-69baf82ee141
Spectator Name: KhangNon
Taken         : [STICK & UNSPECIFIC_META:{meta-type=UNSPECIFIC, display-name={"text":"Power stick v2","color":"red","bold":true,"italic":false}, lore=[{"text":"This example item","color":"dark_red","italic":false}, {"text":"was added to shop","color":"dark_red","italic":false}, {"text":"because the shops.yml config","color":"dark_red","italic":false}, {"text":"","extra":[{"text":"did not contain section ","color":"dark_red"},{"text":"shardshop","color":"red"}],"italic":false}], enchants={minecraft:bane_of_arthropods=5, minecraft:fire_aspect=5, minecraft:knockback=2, minecraft:looting=5, minecraft:mending=1, minecraft:sharpness=5, minecraft:smite=5, minecraft:sweeping_edge=3, minecraft:unbreaking=3}} x 1]
Given         : []
Target        : fallintoempty
[2026-08-24 20:22:39] [INFO]:
Spectator UUID: ee5defd3-4cd7-3cee-b5c6-69baf82ee141
Spectator Name: KhangNon
Taken         : [TOTEM_OF_UNDYING x 1, NETHERITE_HELMET & ARMOR_META:{meta-type=ARMOR, enchants={minecraft:mending=1, minecraft:protection=4, minecraft:unbreaking=3}, repair-cost=1} x 1, NETHERITE_CHESTPLATE & ARMOR_META:{meta-type=ARMOR, enchants={minecraft:mending=1, minecraft:protection=4, minecraft:thorns=2, minecraft:unbreaking=3}, repair-cost=1} x 1, NETHERITE_LEGGINGS & ARMOR_META:{meta-type=ARMOR, enchants={minecraft:mending=1, minecraft:protection=4, minecraft:unbreaking=3}, repair-cost=1} x 1, NETHERITE_BOOTS & ARMOR_META:{meta-type=ARMOR, enchants={minecraft:depth_strider=3, minecraft:mending=1, minecraft:protection=4, minecraft:unbreaking=3}, repair-cost=1, trim={material=minecraft:quartz, pattern=minecraft:silence}} x 1, NETHERITE_SWORD & UNSPECIFIC_META:{meta-type=UNSPECIFIC, enchants={minecraft:fire_aspect=2, minecraft:looting=3, minecraft:sharpness=5, minecraft:sweeping_edge=3, minecraft:unbreaking=3}, repair-cost=3, Damage=242} x 1, ENDER_PEARL x 10]
Given         : []
Target        : hanhyort
[2026-08-24 21:28:21] [INFO]:
Spectator UUID: ee5defd3-4cd7-3cee-b5c6-69baf82ee141
Spectator Name: KhangNon
Taken         : [NETHERITE_SWORD & UNSPECIFIC_META:{meta-type=UNSPECIFIC, display-name="Bé Yêu Của Anh", enchants={minecraft:fire_aspect=2, minecraft:knockback=2, minecraft:looting=3, minecraft:mending=1, minecraft:sharpness=4, minecraft:sweeping_edge=3}, repair-cost=1, Damage=67} x 1, NETHERITE_PICKAXE & UNSPECIFIC_META:{meta-type=UNSPECIFIC, enchants={minecraft:efficiency=5, minecraft:fortune=3, minecraft:mending=1, minecraft:unbreaking=3}, repair-cost=15} x 1, BLACK_WOOL x 1, TOTEM_OF_UNDYING x 14, WATER_BUCKET x 1, ARROW x 2, END_CRYSTAL x 191, ENDER_PEARL x 31, ENCHANTED_GOLDEN_APPLE x 154, OBSIDIAN x 103, WIND_CHARGE x 50, GOLDEN_CARROT x 59, NETHERITE_HELMET & ARMOR_META:{meta-type=ARMOR, enchants={minecraft:aqua_affinity=1, minecraft:mending=1, minecraft:protection=4, minecraft:thorns=3, minecraft:unbreaking=3}, repair-cost=31, Damage=120, trim={material=minecraft:redstone, pattern=minecraft:silence}} x 1, NETHERITE_CHESTPLATE & ARMOR_META:{meta-type=ARMOR, enchants={minecraft:mending=1, minecraft:protection=255, minecraft:thorns=255, minecraft:unbreaking=3}, Damage=207, trim={material=minecraft:redstone, pattern=minecraft:flow}} x 1, NETHERITE_BOOTS & ARMOR_META:{meta-type=ARMOR, enchants={minecraft:feather_falling=4, minecraft:mending=1, minecraft:protection=4, minecraft:thorns=3, minecraft:unbreaking=3}, repair-cost=31, Damage=142, trim={material=minecraft:redstone, pattern=minecraft:bolt}} x 1, NETHERITE_LEGGINGS & ARMOR_META:{meta-type=ARMOR, enchants={minecraft:mending=1, minecraft:protection=4, minecraft:thorns=3, minecraft:unbreaking=3}, repair-cost=7, Damage=148, trim={material=minecraft:redstone, pattern=minecraft:tide}} x 1, LIGHT_GRAY_SHULKER_BOX & TILE_ENTITY_META:{meta-type=TILE_ENTITY, internal=H4sIAAAAAAAA/62STXLbMAyFkciZSbRp68Rxkm58gVygq/6coisOREI2RxLAIalxfaJOe4Uuc5LepFSTVuS0ziqjjcSn7wF4RA1Qw7rpRXf3xNHGw72WwQmnj3ABl4Nl0h7b+E4LR0xfvgaAiwoWoZeYXpc1LGyk4RxOrYG3M8AUd+STpJzVHX6hCs60jDxBJzXUc50armeMWO+Q4zAJFbyZhXRiLG8nuoKrDGhbq23CDkk6K6SRG0/YPVJV4daKjyPTdJ6e1Sx4cmi90hKmRl/9/uHPrJfFrLf/mzXsxZuXnDRrrbWeFAZHenI+rfLrCTv0jimEpCwKt14k/k1gnRF7IpcERWZLj2rm13FaiQZ1N1WC87wNPYYog2IcCJYfH75tPj98Hzeffv74ipsPvHsmzZMizasizVUejFHaH0LEPkvyfc6uCnY5s9IEayzyMfD6maLklSP0edHXObsu2CzKrfSGWGn0XuKxyjcFfTfTUdKpklaNbA7pQvLtyQ1uC4PNP4tERj01gs71dKyPu8Im28c9xpRAM+qOYtkDwC9kmpa8KAQAAA==, blockMaterial=LIGHT_GRAY_SHULKER_BOX} x 1]
Given         : []
Target        : HydraMC_YTB
[2026-08-24 21:28:21] [INFO]:
Spectator UUID: ee5defd3-4cd7-3cee-b5c6-69baf82ee141
Spectator Name: KhangNon
Taken         : [NETHERITE_SWORD & UNSPECIFIC_META:{meta-type=UNSPECIFIC, display-name="Bé Yêu Của Anh", enchants={minecraft:fire_aspect=2, minecraft:knockback=2, minecraft:looting=3, minecraft:mending=1, minecraft:sharpness=4, minecraft:sweeping_edge=3}, repair-cost=1, Damage=67} x 1, NETHERITE_PICKAXE & UNSPECIFIC_META:{meta-type=UNSPECIFIC, enchants={minecraft:efficiency=5, minecraft:fortune=3, minecraft:mending=1, minecraft:unbreaking=3}, repair-cost=15} x 1, BLACK_WOOL x 1, TOTEM_OF_UNDYING x 14, WATER_BUCKET x 1, ARROW x 2, END_CRYSTAL x 191, ENDER_PEARL x 31, ENCHANTED_GOLDEN_APPLE x 154, OBSIDIAN x 103, WIND_CHARGE x 50, GOLDEN_CARROT x 59, NETHERITE_HELMET & ARMOR_META:{meta-type=ARMOR, enchants={minecraft:aqua_affinity=1, minecraft:mending=1, minecraft:protection=4, minecraft:thorns=3, minecraft:unbreaking=3}, repair-cost=31, Damage=120, trim={material=minecraft:redstone, pattern=minecraft:silence}} x 1, NETHERITE_CHESTPLATE & ARMOR_META:{meta-type=ARMOR, enchants={minecraft:mending=1, minecraft:protection=255, minecraft:thorns=255, minecraft:unbreaking=3}, Damage=207, trim={material=minecraft:redstone, pattern=minecraft:flow}} x 1, NETHERITE_BOOTS & ARMOR_META:{meta-type=ARMOR, enchants={minecraft:feather_falling=4, minecraft:mending=1, minecraft:protection=4, minecraft:thorns=3, minecraft:unbreaking=3}, repair-cost=31, Damage=142, trim={material=minecraft:redstone, pattern=minecraft:bolt}} x 1, NETHERITE_LEGGINGS & ARMOR_META:{meta-type=ARMOR, enchants={minecraft:mending=1, minecraft:protection=4, minecraft:thorns=3, minecraft:unbreaking=3}, repair-cost=7, Damage=148, trim={material=minecraft:redstone, pattern=minecraft:tide}} x 1, LIGHT_GRAY_SHULKER_BOX & TILE_ENTITY_META:{meta-type=TILE_ENTITY, internal=H4sIAAAAAAAA/62STXLbMAyFkciZSbRp68Rxkm58gVygq/6coisOREI2RxLAIalxfaJOe4Uuc5LepFSTVuS0ziqjjcSn7wF4RA1Qw7rpRXf3xNHGw72WwQmnj3ABl4Nl0h7b+E4LR0xfvgaAiwoWoZeYXpc1LGyk4RxOrYG3M8AUd+STpJzVHX6hCs60jDxBJzXUc50armeMWO+Q4zAJFbyZhXRiLG8nuoKrDGhbq23CDkk6K6SRG0/YPVJV4daKjyPTdJ6e1Sx4cmi90hKmRl/9/uHPrJfFrLf/mzXsxZuXnDRrrbWeFAZHenI+rfLrCTv0jimEpCwKt14k/k1gnRF7IpcERWZLj2rm13FaiQZ1N1WC87wNPYYog2IcCJYfH75tPj98Hzeffv74ipsPvHsmzZMizasizVUejFHaH0LEPkvyfc6uCnY5s9IEayzyMfD6maLklSP0edHXObsu2CzKrfSGWGn0XuKxyjcFfTfTUdKpklaNbA7pQvLtyQ1uC4PNP4tERj01gs71dKyPu8Im28c9xpRAM+qOYtkDwC9kmpa8KAQAAA==, blockMaterial=LIGHT_GRAY_SHULKER_BOX} x 1]
Given         : []
Target        : HydraMC_YTB
[2026-08-28 00:04:24] [INFO]:
Spectator UUID: ee5defd3-4cd7-3cee-b5c6-69baf82ee141
Spectator Name: KhangNon
Taken         : [MACE & UNSPECIFIC_META:{meta-type=UNSPECIFIC, enchants={minecraft:density=4, minecraft:unbreaking=3, minecraft:wind_burst=3}, repair-cost=1} x 1, ENCHANTED_GOLDEN_APPLE x 46, TRIAL_KEY x 10, ELYTRA & UNSPECIFIC_META:{meta-type=UNSPECIFIC, Damage=99} x 1, OMINOUS_TRIAL_KEY x 3]
Given         : []
Target        : HydraMC_YTB
[2026-08-29 04:21:52] [INFO]:
Spectator UUID: ee5defd3-4cd7-3cee-b5c6-69baf82ee141
Spectator Name: KhangNon
Taken         : [AXOLOTL_BUCKET & AXOLOTL_BUCKET_META:{meta-type=AXOLOTL_BUCKET, display-name="Crystal", internal=H4sIAAAAAAAA/+NiYOBiEEwqTc5OLdFNzSvJLKnULUlMZ2ZgdkxPZQACVgY2j9TEnJIMxwQQFwDwYKHbMAAAAA==, unhandled=H4sIAAAAAAAA/+NiYOBgkMzNzEtNLkpMK7FKrMjPyS/J0S9LLMpMzCthYEmuTMxjAAB4NFmKJgAAAA==} x 3]
Given         : []
Target        : ShentoSyney_VN
[2026-08-29 04:21:52] [INFO]:
Spectator UUID: ee5defd3-4cd7-3cee-b5c6-69baf82ee141
Spectator Name: KhangNon
Taken         : [AXOLOTL_BUCKET & AXOLOTL_BUCKET_META:{meta-type=AXOLOTL_BUCKET, display-name="Crystal", internal=H4sIAAAAAAAA/+NiYOBiEEwqTc5OLdFNzSvJLKnULUlMZ2ZgdkxPZQACVgY2j9TEnJIMxwQQFwDwYKHbMAAAAA==, unhandled=H4sIAAAAAAAA/+NiYOBgkMzNzEtNLkpMK7FKrMjPyS/J0S9LLMpMzCthYEmuTMxjAAB4NFmKJgAAAA==} x 3]
Given         : []
Target        : ShentoSyney_VN
[2026-08-29 04:38:54] [INFO]:
Spectator UUID: ee5defd3-4cd7-3cee-b5c6-69baf82ee141
Spectator Name: KhangNon
Taken         : [CARVED_PUMPKIN & UNSPECIFIC_META:{meta-type=UNSPECIFIC, enchants={minecraft:binding_curse=1}, repair-cost=1} x 1]
Given         : []
Target        : CelinDang
[2026-08-29 04:39:36] [INFO]:
Spectator UUID: ee5defd3-4cd7-3cee-b5c6-69baf82ee141
Spectator Name: KhangNon
Taken         : []
Given         : [CARVED_PUMPKIN & UNSPECIFIC_META:{meta-type=UNSPECIFIC, enchants={minecraft:binding_curse=1}, repair-cost=1} x 1]
Target        : CelinDang
[2026-08-29 04:39:36] [INFO]:
Spectator UUID: ee5defd3-4cd7-3cee-b5c6-69baf82ee141
Spectator Name: KhangNon
Taken         : []
Given         : [CARVED_PUMPKIN & UNSPECIFIC_META:{meta-type=UNSPECIFIC, enchants={minecraft:binding_curse=1}, repair-cost=1} x 1]
Target        : CelinDang
[2026-08-29 04:42:49] [INFO]:
Spectator UUID: ee5defd3-4cd7-3cee-b5c6-69baf82ee141
Spectator Name: KhangNon
Taken         : []
Given         : [PIGLIN_HEAD & SKULL_META:{meta-type=SKULL, enchants={minecraft:binding_curse=1}, repair-cost=1} x 1]
Target        : CelinDang
[2026-08-29 04:43:44] [INFO]:
Spectator UUID: ee5defd3-4cd7-3cee-b5c6-69baf82ee141
Spectator Name: KhangNon
Taken         : []
Given         : [PIGLIN_HEAD & SKULL_META:{meta-type=SKULL, enchants={minecraft:binding_curse=1}, repair-cost=1} x 1]
Target        : HydraMC_YTB
[2026-08-29 04:44:05] [INFO]:
Spectator UUID: ee5defd3-4cd7-3cee-b5c6-69baf82ee141
Spectator Name: KhangNon
Taken         : []
Given         : [PIGLIN_HEAD & SKULL_META:{meta-type=SKULL, enchants={minecraft:binding_curse=1}, repair-cost=1} x 1]
Target        : ShentoSyney_VN
[2026-08-29 04:44:05] [INFO]:
Spectator UUID: ee5defd3-4cd7-3cee-b5c6-69baf82ee141
Spectator Name: KhangNon
Taken         : []
Given         : [PIGLIN_HEAD & SKULL_META:{meta-type=SKULL, enchants={minecraft:binding_curse=1}, repair-cost=1} x 1]
Target        : ShentoSyney_VN
[2026-08-29 04:44:32] [INFO]:
Spectator UUID: ee5defd3-4cd7-3cee-b5c6-69baf82ee141
Spectator Name: KhangNon
Taken         : []
Given         : [PIGLIN_HEAD & SKULL_META:{meta-type=SKULL, enchants={minecraft:binding_curse=1}, repair-cost=1} x 1]
Target        : ShentoSyney_VN
[2026-08-29 04:44:32] [INFO]:
Spectator UUID: ee5defd3-4cd7-3cee-b5c6-69baf82ee141
Spectator Name: KhangNon
Taken         : []
Given         : [PIGLIN_HEAD & SKULL_META:{meta-type=SKULL, enchants={minecraft:binding_curse=1}, repair-cost=1} x 1]
Target        : ShentoSyney_VN
[2026-08-29 04:44:32] [INFO]:
Spectator UUID: ee5defd3-4cd7-3cee-b5c6-69baf82ee141
Spectator Name: KhangNon
Taken         : []
Given         : [PIGLIN_HEAD & SKULL_META:{meta-type=SKULL, enchants={minecraft:binding_curse=1}, repair-cost=1} x 1]
Target        : ShentoSyney_VN
[2026-08-29 04:44:32] [INFO]:
Spectator UUID: ee5defd3-4cd7-3cee-b5c6-69baf82ee141
Spectator Name: KhangNon
Taken         : []
Given         : [PIGLIN_HEAD & SKULL_META:{meta-type=SKULL, enchants={minecraft:binding_curse=1}, repair-cost=1} x 1]
Target        : ShentoSyney_VN
[2026-08-29 04:45:03] [INFO]:
Spectator UUID: ee5defd3-4cd7-3cee-b5c6-69baf82ee141
Spectator Name: KhangNon
Taken         : []
Given         : [PIGLIN_HEAD & SKULL_META:{meta-type=SKULL, enchants={minecraft:binding_curse=1}, repair-cost=1} x 1]
Target        : ShentoSyney_VN
[2026-08-29 04:45:03] [INFO]:
Spectator UUID: ee5defd3-4cd7-3cee-b5c6-69baf82ee141
Spectator Name: KhangNon
Taken         : []
Given         : [PIGLIN_HEAD & SKULL_META:{meta-type=SKULL, enchants={minecraft:binding_curse=1}, repair-cost=1} x 1]
Target        : ShentoSyney_VN
[2026-08-29 04:45:03] [INFO]:
Spectator UUID: ee5defd3-4cd7-3cee-b5c6-69baf82ee141
Spectator Name: KhangNon
Taken         : []
Given         : [PIGLIN_HEAD & SKULL_META:{meta-type=SKULL, enchants={minecraft:binding_curse=1}, repair-cost=1} x 1]
Target        : ShentoSyney_VN
[2026-08-29 04:45:03] [INFO]:
Spectator UUID: ee5defd3-4cd7-3cee-b5c6-69baf82ee141
Spectator Name: KhangNon
Taken         : []
Given         : [PIGLIN_HEAD & SKULL_META:{meta-type=SKULL, enchants={minecraft:binding_curse=1}, repair-cost=1} x 1]
Target        : ShentoSyney_VN
[2026-08-29 04:45:03] [INFO]:
Spectator UUID: ee5defd3-4cd7-3cee-b5c6-69baf82ee141
Spectator Name: KhangNon
Taken         : []
Given         : [PIGLIN_HEAD & SKULL_META:{meta-type=SKULL, enchants={minecraft:binding_curse=1}, repair-cost=1} x 1]
Target        : ShentoSyney_VN
[2026-08-29 04:45:03] [INFO]:
Spectator UUID: ee5defd3-4cd7-3cee-b5c6-69baf82ee141
Spectator Name: KhangNon
Taken         : []
Given         : [PIGLIN_HEAD & SKULL_META:{meta-type=SKULL, enchants={minecraft:binding_curse=1}, repair-cost=1} x 1]
Target        : ShentoSyney_VN
[2026-08-29 04:45:33] [INFO]:
Spectator UUID: ee5defd3-4cd7-3cee-b5c6-69baf82ee141
Spectator Name: KhangNon
Taken         : []
Given         : [PIGLIN_HEAD & SKULL_META:{meta-type=SKULL, enchants={minecraft:binding_curse=1}, repair-cost=1} x 1]
Target        : ShentoSyney_VN
[2026-08-29 04:45:37] [INFO]:
Spectator UUID: ee5defd3-4cd7-3cee-b5c6-69baf82ee141
Spectator Name: KhangNon
Taken         : []
Given         : [PIGLIN_HEAD & SKULL_META:{meta-type=SKULL, enchants={minecraft:binding_curse=1}, repair-cost=1} x 1]
Target        : CelinDang
[2026-08-29 04:45:37] [INFO]:
Spectator UUID: ee5defd3-4cd7-3cee-b5c6-69baf82ee141
Spectator Name: KhangNon
Taken         : []
Given         : [PIGLIN_HEAD & SKULL_META:{meta-type=SKULL, enchants={minecraft:binding_curse=1}, repair-cost=1} x 1]
Target        : CelinDang
[2026-08-29 04:45:53] [INFO]:
Spectator UUID: ee5defd3-4cd7-3cee-b5c6-69baf82ee141
Spectator Name: KhangNon
Taken         : []
Given         : [PIGLIN_HEAD & SKULL_META:{meta-type=SKULL, enchants={minecraft:binding_curse=1}, repair-cost=1} x 1]
Target        : ShentoSyney_VN
[2026-08-29 04:45:53] [INFO]:
Spectator UUID: ee5defd3-4cd7-3cee-b5c6-69baf82ee141
Spectator Name: KhangNon
Taken         : []
Given         : [PIGLIN_HEAD & SKULL_META:{meta-type=SKULL, enchants={minecraft:binding_curse=1}, repair-cost=1} x 1]
Target        : ShentoSyney_VN
[2026-08-29 04:45:53] [INFO]:
Spectator UUID: ee5defd3-4cd7-3cee-b5c6-69baf82ee141
Spectator Name: KhangNon
Taken         : []
Given         : [PIGLIN_HEAD & SKULL_META:{meta-type=SKULL, enchants={minecraft:binding_curse=1}, repair-cost=1} x 1]
Target        : ShentoSyney_VN
[2026-08-29 04:46:12] [INFO]:
Spectator UUID: ee5defd3-4cd7-3cee-b5c6-69baf82ee141
Spectator Name: KhangNon
Taken         : []
Given         : [PIGLIN_HEAD & SKULL_META:{meta-type=SKULL, enchants={minecraft:binding_curse=1}, repair-cost=1} x 1]
Target        : CelinDang
[2026-08-29 04:46:12] [INFO]:
Spectator UUID: ee5defd3-4cd7-3cee-b5c6-69baf82ee141
Spectator Name: KhangNon
Taken         : []
Given         : [PIGLIN_HEAD & SKULL_META:{meta-type=SKULL, enchants={minecraft:binding_curse=1}, repair-cost=1} x 1]
Target        : CelinDang
[2026-08-29 04:46:12] [INFO]:
Spectator UUID: ee5defd3-4cd7-3cee-b5c6-69baf82ee141
Spectator Name: KhangNon
Taken         : []
Given         : [PIGLIN_HEAD & SKULL_META:{meta-type=SKULL, enchants={minecraft:binding_curse=1}, repair-cost=1} x 1]
Target        : CelinDang
[2026-08-29 04:46:12] [INFO]:
Spectator UUID: ee5defd3-4cd7-3cee-b5c6-69baf82ee141
Spectator Name: KhangNon
Taken         : []
Given         : [PIGLIN_HEAD & SKULL_META:{meta-type=SKULL, enchants={minecraft:binding_curse=1}, repair-cost=1} x 1]
Target        : CelinDang
[2026-08-29 04:47:13] [INFO]:
Spectator UUID: ee5defd3-4cd7-3cee-b5c6-69baf82ee141
Spectator Name: KhangNon
Taken         : []
Given         : [PIGLIN_HEAD & SKULL_META:{meta-type=SKULL, enchants={minecraft:binding_curse=1}, repair-cost=1} x 1]
Target        : CelinDang
[2026-08-29 04:47:13] [INFO]:
Spectator UUID: ee5defd3-4cd7-3cee-b5c6-69baf82ee141
Spectator Name: KhangNon
Taken         : []
Given         : [PIGLIN_HEAD & SKULL_META:{meta-type=SKULL, enchants={minecraft:binding_curse=1}, repair-cost=1} x 1]
Target        : CelinDang
[2026-08-29 04:47:16] [INFO]:
Spectator UUID: ee5defd3-4cd7-3cee-b5c6-69baf82ee141
Spectator Name: KhangNon
Taken         : []
Given         : [PIGLIN_HEAD & SKULL_META:{meta-type=SKULL, enchants={minecraft:binding_curse=1}, repair-cost=1} x 1]
Target        : ShentoSyney_VN
[2026-08-29 04:47:16] [INFO]:
Spectator UUID: ee5defd3-4cd7-3cee-b5c6-69baf82ee141
Spectator Name: KhangNon
Taken         : []
Given         : [PIGLIN_HEAD & SKULL_META:{meta-type=SKULL, enchants={minecraft:binding_curse=1}, repair-cost=1} x 1]
Target        : ShentoSyney_VN
[2026-08-29 04:47:16] [INFO]:
Spectator UUID: ee5defd3-4cd7-3cee-b5c6-69baf82ee141
Spectator Name: KhangNon
Taken         : []
Given         : [PIGLIN_HEAD & SKULL_META:{meta-type=SKULL, enchants={minecraft:binding_curse=1}, repair-cost=1} x 1]
Target        : ShentoSyney_VN
[2026-08-29 04:47:33] [INFO]:
Spectator UUID: ee5defd3-4cd7-3cee-b5c6-69baf82ee141
Spectator Name: KhangNon
Taken         : []
Given         : [PIGLIN_HEAD & SKULL_META:{meta-type=SKULL, enchants={minecraft:binding_curse=1}, repair-cost=1} x 1]
Target        : ShentoSyney_VN
[2026-08-29 04:47:33] [INFO]:
Spectator UUID: ee5defd3-4cd7-3cee-b5c6-69baf82ee141
Spectator Name: KhangNon
Taken         : []
Given         : [PIGLIN_HEAD & SKULL_META:{meta-type=SKULL, enchants={minecraft:binding_curse=1}, repair-cost=1} x 1]
Target        : ShentoSyney_VN
[2026-08-29 04:47:33] [INFO]:
Spectator UUID: ee5defd3-4cd7-3cee-b5c6-69baf82ee141
Spectator Name: KhangNon
Taken         : []
Given         : [PIGLIN_HEAD & SKULL_META:{meta-type=SKULL, enchants={minecraft:binding_curse=1}, repair-cost=1} x 1]
Target        : ShentoSyney_VN
[2026-08-29 04:47:33] [INFO]:
Spectator UUID: ee5defd3-4cd7-3cee-b5c6-69baf82ee141
Spectator Name: KhangNon
Taken         : []
Given         : [PIGLIN_HEAD & SKULL_META:{meta-type=SKULL, enchants={minecraft:binding_curse=1}, repair-cost=1} x 1]
Target        : ShentoSyney_VN
[2026-08-29 04:47:41] [INFO]:
Spectator UUID: ee5defd3-4cd7-3cee-b5c6-69baf82ee141
Spectator Name: KhangNon
Taken         : []
Given         : [PIGLIN_HEAD & SKULL_META:{meta-type=SKULL, enchants={minecraft:binding_curse=1}, repair-cost=1} x 1]
Target        : ShentoSyney_VN
[2026-08-29 04:47:41] [INFO]:
Spectator UUID: ee5defd3-4cd7-3cee-b5c6-69baf82ee141
Spectator Name: KhangNon
Taken         : []
Given         : [PIGLIN_HEAD & SKULL_META:{meta-type=SKULL, enchants={minecraft:binding_curse=1}, repair-cost=1} x 1]
Target        : ShentoSyney_VN
[2026-08-29 04:47:41] [INFO]:
Spectator UUID: ee5defd3-4cd7-3cee-b5c6-69baf82ee141
Spectator Name: KhangNon
Taken         : []
Given         : [PIGLIN_HEAD & SKULL_META:{meta-type=SKULL, enchants={minecraft:binding_curse=1}, repair-cost=1} x 1]
Target        : ShentoSyney_VN
[2026-08-29 04:47:41] [INFO]:
Spectator UUID: ee5defd3-4cd7-3cee-b5c6-69baf82ee141
Spectator Name: KhangNon
Taken         : []
Given         : [PIGLIN_HEAD & SKULL_META:{meta-type=SKULL, enchants={minecraft:binding_curse=1}, repair-cost=1} x 1]
Target        : ShentoSyney_VN
[2026-08-29 04:47:41] [INFO]:
Spectator UUID: ee5defd3-4cd7-3cee-b5c6-69baf82ee141
Spectator Name: KhangNon
Taken         : []
Given         : [PIGLIN_HEAD & SKULL_META:{meta-type=SKULL, enchants={minecraft:binding_curse=1}, repair-cost=1} x 1]
Target        : ShentoSyney_VN
[2026-08-29 04:47:56] [INFO]:
Spectator UUID: ee5defd3-4cd7-3cee-b5c6-69baf82ee141
Spectator Name: KhangNon
Taken         : []
Given         : [PIGLIN_HEAD & SKULL_META:{meta-type=SKULL, enchants={minecraft:binding_curse=1}, repair-cost=1} x 1]
Target        : ShentoSyney_VN
[2026-08-29 04:47:56] [INFO]:
Spectator UUID: ee5defd3-4cd7-3cee-b5c6-69baf82ee141
Spectator Name: KhangNon
Taken         : []
Given         : [PIGLIN_HEAD & SKULL_META:{meta-type=SKULL, enchants={minecraft:binding_curse=1}, repair-cost=1} x 1]
Target        : ShentoSyney_VN
[2026-08-29 04:47:56] [INFO]:
Spectator UUID: ee5defd3-4cd7-3cee-b5c6-69baf82ee141
Spectator Name: KhangNon
Taken         : []
Given         : [PIGLIN_HEAD & SKULL_META:{meta-type=SKULL, enchants={minecraft:binding_curse=1}, repair-cost=1} x 1]
Target        : ShentoSyney_VN
[2026-08-29 04:47:56] [INFO]:
Spectator UUID: ee5defd3-4cd7-3cee-b5c6-69baf82ee141
Spectator Name: KhangNon
Taken         : []
Given         : [PIGLIN_HEAD & SKULL_META:{meta-type=SKULL, enchants={minecraft:binding_curse=1}, repair-cost=1} x 1]
Target        : ShentoSyney_VN
[2026-08-29 04:47:56] [INFO]:
Spectator UUID: ee5defd3-4cd7-3cee-b5c6-69baf82ee141
Spectator Name: KhangNon
Taken         : []
Given         : [PIGLIN_HEAD & SKULL_META:{meta-type=SKULL, enchants={minecraft:binding_curse=1}, repair-cost=1} x 1]
Target        : ShentoSyney_VN
[2026-08-29 04:47:56] [INFO]:
Spectator UUID: ee5defd3-4cd7-3cee-b5c6-69baf82ee141
Spectator Name: KhangNon
Taken         : []
Given         : [PIGLIN_HEAD & SKULL_META:{meta-type=SKULL, enchants={minecraft:binding_curse=1}, repair-cost=1} x 1]
Target        : ShentoSyney_VN
[2026-08-29 04:48:04] [INFO]:
Spectator UUID: ee5defd3-4cd7-3cee-b5c6-69baf82ee141
Spectator Name: KhangNon
Taken         : []
Given         : [PIGLIN_HEAD & SKULL_META:{meta-type=SKULL, enchants={minecraft:binding_curse=1}, repair-cost=1} x 1]
Target        : ShentoSyney_VN
[2026-08-29 04:48:04] [INFO]:
Spectator UUID: ee5defd3-4cd7-3cee-b5c6-69baf82ee141
Spectator Name: KhangNon
Taken         : []
Given         : [PIGLIN_HEAD & SKULL_META:{meta-type=SKULL, enchants={minecraft:binding_curse=1}, repair-cost=1} x 1]
Target        : ShentoSyney_VN
[2026-08-29 04:48:04] [INFO]:
Spectator UUID: ee5defd3-4cd7-3cee-b5c6-69baf82ee141
Spectator Name: KhangNon
Taken         : []
Given         : [PIGLIN_HEAD & SKULL_META:{meta-type=SKULL, enchants={minecraft:binding_curse=1}, repair-cost=1} x 1]
Target        : ShentoSyney_VN
[2026-08-29 04:48:04] [INFO]:
Spectator UUID: ee5defd3-4cd7-3cee-b5c6-69baf82ee141
Spectator Name: KhangNon
Taken         : []
Given         : [PIGLIN_HEAD & SKULL_META:{meta-type=SKULL, enchants={minecraft:binding_curse=1}, repair-cost=1} x 1]
Target        : ShentoSyney_VN
[2026-08-29 04:48:04] [INFO]:
Spectator UUID: ee5defd3-4cd7-3cee-b5c6-69baf82ee141
Spectator Name: KhangNon
Taken         : []
Given         : [PIGLIN_HEAD & SKULL_META:{meta-type=SKULL, enchants={minecraft:binding_curse=1}, repair-cost=1} x 1]
Target        : ShentoSyney_VN
[2026-08-29 04:48:04] [INFO]:
Spectator UUID: ee5defd3-4cd7-3cee-b5c6-69baf82ee141
Spectator Name: KhangNon
Taken         : []
Given         : [PIGLIN_HEAD & SKULL_META:{meta-type=SKULL, enchants={minecraft:binding_curse=1}, repair-cost=1} x 1]
Target        : ShentoSyney_VN
[2026-08-29 04:48:04] [INFO]:
Spectator UUID: ee5defd3-4cd7-3cee-b5c6-69baf82ee141
Spectator Name: KhangNon
Taken         : []
Given         : [PIGLIN_HEAD & SKULL_META:{meta-type=SKULL, enchants={minecraft:binding_curse=1}, repair-cost=1} x 1]
Target        : ShentoSyney_VN
[2026-08-29 04:48:42] [INFO]:
Spectator UUID: ee5defd3-4cd7-3cee-b5c6-69baf82ee141
Spectator Name: KhangNon
Taken         : []
Given         : [PIGLIN_HEAD & SKULL_META:{meta-type=SKULL, enchants={minecraft:binding_curse=1}, repair-cost=1} x 1]
Target        : CelinDang
[2026-08-29 04:49:47] [INFO]:
Spectator UUID: ee5defd3-4cd7-3cee-b5c6-69baf82ee141
Spectator Name: KhangNon
Taken         : []
Given         : [PIGLIN_HEAD & SKULL_META:{meta-type=SKULL, enchants={minecraft:binding_curse=1}, repair-cost=1} x 1]
Target        : ShentoSyney_VN
[2026-08-29 04:49:47] [INFO]:
Spectator UUID: ee5defd3-4cd7-3cee-b5c6-69baf82ee141
Spectator Name: KhangNon
Taken         : []
Given         : [PIGLIN_HEAD & SKULL_META:{meta-type=SKULL, enchants={minecraft:binding_curse=1}, repair-cost=1} x 1]
Target        : ShentoSyney_VN
[2026-08-29 04:49:58] [INFO]:
Spectator UUID: ee5defd3-4cd7-3cee-b5c6-69baf82ee141
Spectator Name: KhangNon
Taken         : []
Given         : [PIGLIN_HEAD & SKULL_META:{meta-type=SKULL, enchants={minecraft:binding_curse=1}, repair-cost=1} x 1]
Target        : ShentoSyney_VN
[2026-08-29 04:49:58] [INFO]:
Spectator UUID: ee5defd3-4cd7-3cee-b5c6-69baf82ee141
Spectator Name: KhangNon
Taken         : []
Given         : [PIGLIN_HEAD & SKULL_META:{meta-type=SKULL, enchants={minecraft:binding_curse=1}, repair-cost=1} x 1]
Target        : ShentoSyney_VN
[2026-08-29 04:49:58] [INFO]:
Spectator UUID: ee5defd3-4cd7-3cee-b5c6-69baf82ee141
Spectator Name: KhangNon
Taken         : []
Given         : [PIGLIN_HEAD & SKULL_META:{meta-type=SKULL, enchants={minecraft:binding_curse=1}, repair-cost=1} x 1]
Target        : ShentoSyney_VN
[2026-08-29 04:50:15] [INFO]:
Spectator UUID: ee5defd3-4cd7-3cee-b5c6-69baf82ee141
Spectator Name: KhangNon
Taken         : []
Given         : [PIGLIN_HEAD & SKULL_META:{meta-type=SKULL, enchants={minecraft:binding_curse=1}, repair-cost=1} x 1]
Target        : ShentoSyney_VN
[2026-08-29 04:50:15] [INFO]:
Spectator UUID: ee5defd3-4cd7-3cee-b5c6-69baf82ee141
Spectator Name: KhangNon
Taken         : []
Given         : [PIGLIN_HEAD & SKULL_META:{meta-type=SKULL, enchants={minecraft:binding_curse=1}, repair-cost=1} x 1]
Target        : ShentoSyney_VN
[2026-08-29 04:50:15] [INFO]:
Spectator UUID: ee5defd3-4cd7-3cee-b5c6-69baf82ee141
Spectator Name: KhangNon
Taken         : []
Given         : [PIGLIN_HEAD & SKULL_META:{meta-type=SKULL, enchants={minecraft:binding_curse=1}, repair-cost=1} x 1]
Target        : ShentoSyney_VN
[2026-08-29 04:50:15] [INFO]:
Spectator UUID: ee5defd3-4cd7-3cee-b5c6-69baf82ee141
Spectator Name: KhangNon
Taken         : []
Given         : [PIGLIN_HEAD & SKULL_META:{meta-type=SKULL, enchants={minecraft:binding_curse=1}, repair-cost=1} x 1]
Target        : ShentoSyney_VN
[2026-08-29 04:50:33] [INFO]:
Spectator UUID: ee5defd3-4cd7-3cee-b5c6-69baf82ee141
Spectator Name: KhangNon
Taken         : [PIGLIN_HEAD & SKULL_META:{meta-type=SKULL, enchants={minecraft:binding_curse=1}, repair-cost=1} x 1]
Given         : []
Target        : ShentoSyney_VN
[2026-08-29 04:50:40] [INFO]:
Spectator UUID: ee5defd3-4cd7-3cee-b5c6-69baf82ee141
Spectator Name: KhangNon
Taken         : [PIGLIN_HEAD & SKULL_META:{meta-type=SKULL, enchants={minecraft:binding_curse=1}, repair-cost=1} x 2]
Given         : []
Target        : CelinDang
[2026-08-29 04:50:40] [INFO]:
Spectator UUID: ee5defd3-4cd7-3cee-b5c6-69baf82ee141
Spectator Name: KhangNon
Taken         : [PIGLIN_HEAD & SKULL_META:{meta-type=SKULL, enchants={minecraft:binding_curse=1}, repair-cost=1} x 2]
Given         : []
Target        : CelinDang
[2026-08-29 04:50:47] [INFO]:
Spectator UUID: ee5defd3-4cd7-3cee-b5c6-69baf82ee141
Spectator Name: KhangNon
Taken         : [PIGLIN_HEAD & SKULL_META:{meta-type=SKULL, enchants={minecraft:binding_curse=1}, repair-cost=1} x 2]
Given         : []
Target        : HydraMC_YTB
[2026-08-29 04:50:47] [INFO]:
Spectator UUID: ee5defd3-4cd7-3cee-b5c6-69baf82ee141
Spectator Name: KhangNon
Taken         : [PIGLIN_HEAD & SKULL_META:{meta-type=SKULL, enchants={minecraft:binding_curse=1}, repair-cost=1} x 2]
Given         : []
Target        : HydraMC_YTB
[2026-08-29 04:50:47] [INFO]:
Spectator UUID: ee5defd3-4cd7-3cee-b5c6-69baf82ee141
Spectator Name: KhangNon
Taken         : [PIGLIN_HEAD & SKULL_META:{meta-type=SKULL, enchants={minecraft:binding_curse=1}, repair-cost=1} x 2]
Given         : []
Target        : HydraMC_YTB
[2026-09-01 14:30:16] [INFO]:
Spectator UUID: ee5defd3-4cd7-3cee-b5c6-69baf82ee141
Spectator Name: KhangNon
Taken         : [NETHERITE_CHESTPLATE & ARMOR_META:{meta-type=ARMOR, enchants={minecraft:mending=1, minecraft:protection=10, minecraft:thorns=3, minecraft:unbreaking=3}, repair-cost=7, trim={material=minecraft:redstone, pattern=minecraft:coast}} x 1, NETHERITE_BOOTS & ARMOR_META:{meta-type=ARMOR, enchants={minecraft:feather_falling=4, minecraft:mending=1, minecraft:protection=10, minecraft:thorns=3, minecraft:unbreaking=3}, repair-cost=15, trim={material=minecraft:redstone, pattern=minecraft:snout}} x 1, NETHERITE_LEGGINGS & ARMOR_META:{meta-type=ARMOR, enchants={minecraft:mending=1, minecraft:protection=10, minecraft:thorns=3, minecraft:unbreaking=3}, repair-cost=7, trim={material=minecraft:redstone, pattern=minecraft:rib}} x 1, NETHERITE_HELMET & ARMOR_META:{meta-type=ARMOR, enchants={minecraft:aqua_affinity=1, minecraft:mending=1, minecraft:protection=10, minecraft:thorns=3, minecraft:unbreaking=3}, repair-cost=31, trim={material=minecraft:redstone, pattern=minecraft:silence}} x 1]
Given         : []
Target        : MinhAnh_112
[2026-09-01 14:30:16] [INFO]:
Spectator UUID: ee5defd3-4cd7-3cee-b5c6-69baf82ee141
Spectator Name: KhangNon
Taken         : [NETHERITE_CHESTPLATE & ARMOR_META:{meta-type=ARMOR, enchants={minecraft:mending=1, minecraft:protection=10, minecraft:thorns=3, minecraft:unbreaking=3}, repair-cost=7, trim={material=minecraft:redstone, pattern=minecraft:coast}} x 1, NETHERITE_BOOTS & ARMOR_META:{meta-type=ARMOR, enchants={minecraft:feather_falling=4, minecraft:mending=1, minecraft:protection=10, minecraft:thorns=3, minecraft:unbreaking=3}, repair-cost=15, trim={material=minecraft:redstone, pattern=minecraft:snout}} x 1, NETHERITE_LEGGINGS & ARMOR_META:{meta-type=ARMOR, enchants={minecraft:mending=1, minecraft:protection=10, minecraft:thorns=3, minecraft:unbreaking=3}, repair-cost=7, trim={material=minecraft:redstone, pattern=minecraft:rib}} x 1, NETHERITE_HELMET & ARMOR_META:{meta-type=ARMOR, enchants={minecraft:aqua_affinity=1, minecraft:mending=1, minecraft:protection=10, minecraft:thorns=3, minecraft:unbreaking=3}, repair-cost=31, trim={material=minecraft:redstone, pattern=minecraft:silence}} x 1]
Given         : []
Target        : MinhAnh_112
[2026-09-01 23:33:49] [INFO]:
Spectator UUID: ee5defd3-4cd7-3cee-b5c6-69baf82ee141
Spectator Name: KhangNon
Taken         : [STICK & UNSPECIFIC_META:{meta-type=UNSPECIFIC, attribute-modifiers={minecraft:movement_speed=[AttributeModifier{key=test:speed, operation=ADD_NUMBER, amount=0.2, slot=mainhand}]}} x 64]
Given         : []
Target        : TamXoan
[2026-09-01 23:33:49] [INFO]:
Spectator UUID: ee5defd3-4cd7-3cee-b5c6-69baf82ee141
Spectator Name: KhangNon
Taken         : [STICK & UNSPECIFIC_META:{meta-type=UNSPECIFIC, attribute-modifiers={minecraft:movement_speed=[AttributeModifier{key=test:speed, operation=ADD_NUMBER, amount=0.2, slot=mainhand}]}} x 64]
Given         : []
Target        : TamXoan
[2026-09-02 21:03:28] [INFO]:
Spectator UUID: 279cd81c-7ca2-367d-b3b9-850cbefd72aa
Spectator Name: HydraMC_YTB
Taken         : [ENCHANTED_GOLDEN_APPLE x 4]
Given         : []
Target        : MinhAnh_112
[2026-09-02 21:03:28] [INFO]:
Spectator UUID: 279cd81c-7ca2-367d-b3b9-850cbefd72aa
Spectator Name: HydraMC_YTB
Taken         : [ENCHANTED_GOLDEN_APPLE x 4]
Given         : []
Target        : MinhAnh_112
[2026-09-03 00:52:02] [INFO]:
Spectator UUID: ee5defd3-4cd7-3cee-b5c6-69baf82ee141
Spectator Name: KhangNon
Taken         : []
Given         : [NETHERITE_CHESTPLATE & ARMOR_META:{meta-type=ARMOR, enchants={minecraft:mending=1, minecraft:protection=10, minecraft:thorns=3, minecraft:unbreaking=3}, repair-cost=7, trim={material=minecraft:redstone, pattern=minecraft:coast}} x 1]
Target        : HydraMC_YTB
[2026-09-05 20:25:27] [INFO]:
Spectator UUID: ee5defd3-4cd7-3cee-b5c6-69baf82ee141
Spectator Name: KhangNon
Taken         : [DIAMOND_PICKAXE & UNSPECIFIC_META:{meta-type=UNSPECIFIC, Damage=1097} x 1, NETHERITE_CHESTPLATE & ARMOR_META:{meta-type=ARMOR, Damage=51} x 1, DIAMOND_SHOVEL & UNSPECIFIC_META:{meta-type=UNSPECIFIC, Damage=901} x 1, GLOWSTONE x 60, FIREWORK_ROCKET x 38, GOLDEN_APPLE x 61, ENDER_PEARL x 15, COBBLESTONE x 32, DIAMOND_AXE & UNSPECIFIC_META:{meta-type=UNSPECIFIC, Damage=170} x 1, TOTEM_OF_UNDYING x 2, ENDER_EYE x 7, NETHERITE_HELMET & ARMOR_META:{meta-type=ARMOR, Damage=87} x 1, ELYTRA & UNSPECIFIC_META:{meta-type=UNSPECIFIC, enchants={minecraft:mending=1}, repair-cost=1, Damage=216} x 1, NETHERITE_LEGGINGS & ARMOR_META:{meta-type=ARMOR, Damage=87} x 1, NETHERITE_BOOTS & ARMOR_META:{meta-type=ARMOR, Damage=87} x 1]
Given         : []
Target        : MinhAnh_112
[2026-09-06 14:10:54] [INFO]:
Spectator UUID: ee5defd3-4cd7-3cee-b5c6-69baf82ee141
Spectator Name: KhangNon
Taken         : []
Given         : [DIAMOND x 64]
Target        : hanhyort
[2026-09-06 14:10:54] [INFO]:
Spectator UUID: ee5defd3-4cd7-3cee-b5c6-69baf82ee141
Spectator Name: KhangNon
Taken         : []
Given         : [DIAMOND x 64]
Target        : hanhyort
[2026-09-06 14:12:29] [INFO]:
Spectator UUID: ee5defd3-4cd7-3cee-b5c6-69baf82ee141
Spectator Name: KhangNon
Taken         : [OAK_SAPLING x 1, ROOTED_DIRT x 1, SPIDER_EYE x 1]
Given         : []
Target        : hanhyort
[2026-09-06 14:12:29] [INFO]:
Spectator UUID: ee5defd3-4cd7-3cee-b5c6-69baf82ee141
Spectator Name: KhangNon
Taken         : [OAK_SAPLING x 1, ROOTED_DIRT x 1, SPIDER_EYE x 1]
Given         : []
Target        : hanhyort
[2026-09-06 14:12:29] [INFO]:
Spectator UUID: ee5defd3-4cd7-3cee-b5c6-69baf82ee141
Spectator Name: KhangNon
Taken         : [OAK_SAPLING x 1, ROOTED_DIRT x 1, SPIDER_EYE x 1]
Given         : []
Target        : hanhyort
